id,stars,label,pred,prob_not satisfied,prob_neutral,prob_satisfied
9ca96b146d0c59c0c92b68a8de1037fa,5,satisfied,satisfied,0.005101081,0.008029019,0.9868699
d5c88ee63dad670664ddecb79af66cda,5,satisfied,satisfied,0.0041015395,0.010444493,0.98545396
f522c2d7b3406645e34a74a4cac98068,5,satisfied,satisfied,0.022597454,0.20509309,0.7723094
fa4ea979a8f0a100f589fc92dfabf6c1,5,satisfied,satisfied,0.004625929,0.009302168,0.9860719
8d843d88114c077463b5c666ec45b1cd,3,neutral,not satisfied,0.5572769,0.43338904,0.009334069
35bb986cf8aa5d8459ca2671572796a3,1,not satisfied,not satisfied,0.8961515,0.09927198,0.0045765243
3f012181250f52fdf18574f1a0470731,4,satisfied,satisfied,0.00874563,0.024467532,0.9667868
65a08fd1d8878968641519bf6f3076a9,4,satisfied,satisfied,0.015120729,0.11180247,0.87307674
0b21b709f5017b9ea5ab8cb96c7f432c,5,satisfied,satisfied,0.0037308226,0.0070704315,0.98919874
c82c16c4e9cbdff17cfc1568b000a72d,5,satisfied,satisfied,0.00400619,0.0070570637,0.98893666
5af4817c45a898a3013f19d98aba79db,4,satisfied,satisfied,0.0054903748,0.014353167,0.9801564
2929f736ca68bb62063b70008256ac0e,4,satisfied,satisfied,0.015279005,0.17684044,0.8078806
d56fb47b18023dd566201985737dd2ac,5,satisfied,satisfied,0.0042214408,0.008987941,0.9867906
cbfc0d08a7268b664d3321603827e1b1,5,satisfied,satisfied,0.024449423,0.19023514,0.78531545
be6d0c947b3636dd9f75d3ff33f2cd45,5,satisfied,satisfied,0.004099037,0.0074439333,0.988457
5035be3500f689a0111f906c5c862a59,3,neutral,neutral,0.08142913,0.83081675,0.087754115
36be4d9c9caab837a40fd0706adb0fdf,5,satisfied,not satisfied,0.66502875,0.30487245,0.030098798
25598448491f52fa253e4806ac987410,1,not satisfied,not satisfied,0.92000645,0.07627194,0.0037215673
6dcf3126d58b49e8f5fe66833d94b550,5,satisfied,satisfied,0.0063200505,0.013506324,0.9801736
cf1868d44491197ea111b5885a8413f5,5,satisfied,satisfied,0.0064244554,0.013023662,0.9805519
d3450325105544424b462f0f26ce739e,3,neutral,not satisfied,0.86524266,0.13038181,0.004375525
15ce4f013a19e9fa0d081dd4a18f4bdf,5,satisfied,satisfied,0.0061720526,0.02316742,0.97066045
d8cf77a5388d64314aba240db6d364d3,1,not satisfied,not satisfied,0.94299096,0.053282913,0.0037261741
7a52d3278f4c42acfbf58f4ed739dea1,1,not satisfied,not satisfied,0.9328494,0.063128896,0.0040216586
720aafb3fb13f202bd88f458522535c2,5,satisfied,satisfied,0.0051235426,0.013319606,0.9815569
e1240d954f0b4d136ae58a80d0f26c52,4,satisfied,satisfied,0.009957604,0.021456352,0.968586
a7bf46da3d715ea7e6870cd0458d2c65,5,satisfied,satisfied,0.0046067904,0.0088041825,0.98658895
a29913e3a058c6f1b0a7c54253a57976,1,not satisfied,not satisfied,0.6804748,0.3099635,0.00956162
0191547e11a6ad3b7d5a679fa2e0cd1b,5,satisfied,satisfied,0.006699622,0.01866437,0.97463596
52b7cdde78c6b23af6a655de98f3cdd2,5,satisfied,satisfied,0.004637996,0.011271288,0.98409075
4ef4abfc49b907541c90d3fad3557745,5,satisfied,satisfied,0.0036304898,0.0068098665,0.98955965
6f9746046f564c9f554340a908e1583e,5,satisfied,satisfied,0.00395519,0.009483299,0.9865615
be8ecffe81734e7d79dff859a65b47c0,5,satisfied,satisfied,0.0073641534,0.025461067,0.9671748
f2b10ff3e4818c486317c6cf889cf96f,5,satisfied,satisfied,0.0048824,0.01102776,0.98408985
b4f12476ec01534050a25577063dae5a,2,not satisfied,not satisfied,0.48042893,0.48595813,0.033613008
57987293d45caab77ab5118927fe46f5,5,satisfied,satisfied,0.005545057,0.011045487,0.9834095
ced4147b4c58858f15b8c63c3e9c8c35,5,satisfied,satisfied,0.004871417,0.008855655,0.9862729
6aa1af51563c805f2fb5f2ce43e0b6eb,5,satisfied,satisfied,0.0063985325,0.017716603,0.9758849
f18b97eb624fc12c741c4c175bfd801f,5,satisfied,satisfied,0.0053421417,0.012106302,0.9825516
a9dd316e8196749a53d838a967074008,5,satisfied,satisfied,0.004545725,0.007242245,0.98821205
f3488679239a2880848663ca65bf3a5c,5,satisfied,satisfied,0.0056295106,0.018142132,0.97622836
65d5898c077b543b2d7fa0d74dccdbe1,5,satisfied,satisfied,0.0039641773,0.007939568,0.98809624
2ea1f59aca5b9c4449cf9ff7494235bd,5,satisfied,satisfied,0.004449366,0.008537895,0.9870127
9e3c287d79308838670607b75c2fd844,2,not satisfied,not satisfied,0.7490683,0.24281858,0.008113081
78bedcd54aa137eeada2530837364081,5,satisfied,satisfied,0.056976832,0.59444135,0.34858185
5707603372ad69ddd362b8c72d294f99,5,satisfied,satisfied,0.009287254,0.020561626,0.9701512
60dccd325fe3f141bf383858c02626aa,5,satisfied,satisfied,0.0070549394,0.015395354,0.9775497
e06fd2b304068aa658f9792c9bec72e2,5,satisfied,satisfied,0.0044186735,0.0070396354,0.9885417
1de147957575b01a183cc443bcbbe0da,5,satisfied,satisfied,0.004041277,0.0064456454,0.9895131
0ec190e508ece22a2fda2d8c1f63e507,5,satisfied,satisfied,0.012977315,0.057431486,0.92959124
584fa995547124b49cf738986b5c8476,4,satisfied,satisfied,0.08183052,0.6977427,0.22042677
ff6bb5cd013223cca64f0c199470e844,5,satisfied,satisfied,0.0035809819,0.007943126,0.9884759
a20694bbc51902e0b9746b06a86e536a,4,satisfied,satisfied,0.007789412,0.03252496,0.9596856
4e00e410e431b6ae29b043b17de73513,5,satisfied,satisfied,0.0052186735,0.009718385,0.98506296
b241f3d07b58a73ab6cca5c03967f98e,3,neutral,neutral,0.18456872,0.723806,0.09162522
11a273012ba707552fe052e9a7df353e,5,satisfied,satisfied,0.083700895,0.5347102,0.38158888
d0bbb5d9b8f435f09700e94450b62740,5,satisfied,satisfied,0.0071217925,0.018050998,0.9748272
99b24b3c402819ea18f8b1d36a2db247,5,satisfied,satisfied,0.0043992223,0.008840664,0.98676014
507f0afc94a55b0b366dbdab8d554b77,5,satisfied,satisfied,0.0064685848,0.02936935,0.96416205
9d59b35323efe4df8997dedcb03fb95d,2,not satisfied,not satisfied,0.7033326,0.28918278,0.0074846195
7ca91169f0a36ce2293695198306eb7b,5,satisfied,satisfied,0.0067535145,0.023396552,0.9698499
2b5973647e726b60283a6ce0b57137dd,5,satisfied,satisfied,0.0045479033,0.010894258,0.9845578
e0275a8d2ace22c06ff7be9f9d045093,5,satisfied,satisfied,0.017511988,0.10480258,0.87768537
26aeed64e0bdf63affcaa6b0f618f7f2,3,neutral,satisfied,0.047314156,0.109614864,0.843071
c94b25a2d243ab6d84a976eeb51e8d79,5,satisfied,satisfied,0.006859857,0.013193937,0.9799462
e6155b126cd2299dcc15950e5eaae739,5,satisfied,satisfied,0.015731568,0.026126737,0.9581417
f0440312977fdc431e7486c6c2280814,4,satisfied,satisfied,0.0071813683,0.027273307,0.96554536
6f85ab745c6110967229d10ad1ea3998,5,satisfied,neutral,0.088127166,0.7468854,0.16498742
1d3f5c2f788978334635671d680b05e4,5,satisfied,satisfied,0.0062934346,0.01101262,0.982694
e83b755fd1592d75a5b379e642dae7c4,5,satisfied,satisfied,0.009259194,0.043811105,0.9469297
692e7f62f2a3137d89bfa95c403105bf,5,satisfied,satisfied,0.0056530936,0.011073056,0.98327386
bbe2e068d48cf0ebcae9cd29cda4eba9,5,satisfied,satisfied,0.00594477,0.014686131,0.9793691
1a36b455fc605ed86ae33c26f83c54d7,1,not satisfied,not satisfied,0.9615486,0.03233245,0.0061189556
99e962a28405e0f4d2f9e3192d01148d,2,not satisfied,not satisfied,0.44421953,0.5416977,0.0140827
535de03145baa023c9414d870d3a9fde,5,satisfied,satisfied,0.0062863715,0.011663788,0.9820499
1e65ac9bbd062d961061b3d78e1a1987,5,satisfied,satisfied,0.0038720833,0.0077168704,0.98841107
236985b95dbcef96d9d6c2788308ca83,5,satisfied,neutral,0.33876747,0.5324734,0.12875907
22fb8e2de387510a0d82031408d4e3eb,3,neutral,not satisfied,0.58414227,0.40532354,0.010534142
df7a4634e11f27bbc3862d6f06db0df9,5,satisfied,satisfied,0.0055509713,0.013849763,0.9805993
0cd6a7c59d030c65b288950c257c0d74,5,satisfied,satisfied,0.0047764783,0.014764779,0.98045874
8ea356eae1aac9a2c44625f11a24363d,5,satisfied,satisfied,0.0047055166,0.009499565,0.9857949
7038c91c6e15e53ec6f244d38425ca76,5,satisfied,satisfied,0.0043780836,0.009411846,0.98621005
eb7d0e118b0d091d61a381a80e1f0a3a,5,satisfied,satisfied,0.022081396,0.0386371,0.9392815
7f816158b3faf3260ebdd4bf1b7d8dbb,5,satisfied,satisfied,0.0071387123,0.019178985,0.9736823
ccb055175019beab0ea6700c86a02b14,3,neutral,satisfied,0.0060188896,0.017308649,0.97667253
abdb25517aa6883e571bb0a33d0419de,5,satisfied,satisfied,0.00415097,0.010401121,0.98544794
bf298aeac04dbf5534cfca47a64862c1,3,neutral,neutral,0.17910063,0.7491326,0.071766816
d79d509ab74e94a9ca6be0b64db13421,5,satisfied,satisfied,0.0051384857,0.013215059,0.9816465
b3e7e7bd2eab858aa52509d136833a76,5,satisfied,satisfied,0.007357388,0.028344348,0.96429825
1b88a4fb5b3e560626372451ea89584b,5,satisfied,satisfied,0.0048935437,0.00963874,0.98546773
d5db44a3ac182420dd2216e6c6281a2d,5,satisfied,satisfied,0.0042031156,0.0068792687,0.9889176
889ce6d9a544879234481019ed9fe643,4,satisfied,satisfied,0.006366051,0.019566303,0.9740676
4d27b5cb19413909a03e4c199d2c1c99,5,satisfied,satisfied,0.0041485312,0.007697235,0.9881542
639bdf4630921acbfa51d173266312b2,5,satisfied,satisfied,0.00400903,0.0078042457,0.98818666
2a8f5ab3caa32bdf72bfcc1a6b7f4d97,3,neutral,neutral,0.13490273,0.8100709,0.05502635
3e67568aaddb1696e3377c3c60b2aa7b,5,satisfied,satisfied,0.009749303,0.031503458,0.95874727
fed25b2baa200ba2dc1d7e3590becb97,4,satisfied,satisfied,0.01377969,0.050118282,0.93610203
ebe943e7eb2a70f0e0f32b8ce36953cb,5,satisfied,satisfied,0.0054391394,0.011153112,0.9834078
83c9b9348dd67e47e0f7fa629592e39b,5,satisfied,satisfied,0.012455236,0.029951263,0.9575935
fedc0e4dcc296c00968d128f8cdf357f,5,satisfied,satisfied,0.0044193766,0.007403217,0.98817736
56bc4d01d3e057c9c6c01ab3b32ee5a0,5,satisfied,satisfied,0.004037861,0.008972694,0.98698944
70856b59bb934edccbccd4e36835f092,5,satisfied,satisfied,0.0075585986,0.015726527,0.9767148
584da82deec561c8b4701657a4ac6bca,3,neutral,neutral,0.20622417,0.72970396,0.06407188
d357ee676d7bad401151f5fe357262db,4,satisfied,neutral,0.11212845,0.79555905,0.09231248
0a16fa491634a9bd674e0b89c34a0709,5,satisfied,satisfied,0.0057597626,0.012007771,0.98223245
04fc1ef0c747144d6d57f5e02d88f219,5,satisfied,satisfied,0.006177857,0.020714147,0.97310793
95ca6dfad405476de336ddd3f00022d0,1,not satisfied,not satisfied,0.8901502,0.10573887,0.004110946
c009ecae13be7a1719349d081caec5f7,2,not satisfied,not satisfied,0.74854434,0.24354587,0.00790974
07a8469d6dea51d5a26afe30f86afe2b,1,not satisfied,satisfied,0.057894852,0.42778987,0.51431525
e092e342e86e500b5e6ef9471bab56d9,4,satisfied,satisfied,0.05562975,0.66045177,0.28391844
9ae01e0052367f32dcaac2d2b5075ec3,5,satisfied,satisfied,0.008738154,0.027559977,0.96370184
bad67585d108a92f70ab1bd07601f5b2,5,satisfied,satisfied,0.004620035,0.009890391,0.98548955
b1a09b4ca33eda11f46a3a2b830a8886,5,satisfied,satisfied,0.0060808994,0.015485706,0.9784333
8d7489d15a12942077d0a50c555c046c,1,not satisfied,not satisfied,0.96134126,0.032813635,0.0058451435
06fe36f5c5921a0b5baed81412dee04e,5,satisfied,satisfied,0.004415765,0.0072629284,0.98832124
52cdb7345eadc24290a3e856ad5de819,5,satisfied,satisfied,0.009309002,0.04693119,0.9437598
6924ef3ea9a93efdaa841bafb4738df9,5,satisfied,satisfied,0.0049392455,0.00790369,0.98715705
2916a4b01f4da8289699b00031c07079,3,neutral,not satisfied,0.94125724,0.05444787,0.0042948206
c0aa1579141fd2dc7e9aa5a44d281931,4,satisfied,satisfied,0.0057173683,0.021812597,0.97247
ca49b1fcfba5e64c1c3b559eb8a8a33a,3,neutral,neutral,0.10888922,0.8162519,0.07485893
de54c95dd72f8cd68bcf48b6e5941cd4,5,satisfied,satisfied,0.0042181076,0.009153047,0.9866289
418b7aaa3423446bed3aa73642a9469f,5,satisfied,satisfied,0.0057880753,0.013118097,0.98109376
b6a59cbeb541ba7b3265b4c723102bc5,5,satisfied,satisfied,0.018097049,0.083459176,0.8984438
8b305483ce999425d530643b0ef16084,4,satisfied,neutral,0.119866095,0.80027145,0.07986242
97576702c6c9e220e16e861ea7c43f7a,4,satisfied,neutral,0.06818779,0.7864194,0.1453928
2a1678e3275a369773cf7b13275f12be,5,satisfied,satisfied,0.01810815,0.14400747,0.8378843
53366003678ce23c381b2939ce8ca5a0,5,satisfied,satisfied,0.0041011367,0.00808224,0.98781663
eb57db2cb29e6d6a0669c69bfa195f38,4,satisfied,satisfied,0.010575883,0.053965174,0.9354589
64b3770a2c35642d4e979a34d75a389c,5,satisfied,satisfied,0.004573835,0.0073066303,0.98811954
4334e0e2ea8c482862f99f090d5e051e,4,satisfied,satisfied,0.05744109,0.495527,0.44703192
0d357a0787fa6d5e84d25639788923bc,5,satisfied,satisfied,0.003726693,0.0062513957,0.9900219
20f6643587cf10d50cc1dc720ec1f6c1,5,satisfied,satisfied,0.003829255,0.008707692,0.987463
d4b844fe37eecd8839fa01eefe6864a8,1,not satisfied,neutral,0.41190156,0.5528382,0.03526026
d65d493c19ad38d220f5c10637b1a272,3,neutral,neutral,0.13000488,0.7852602,0.084734954
4acb071976c7881b26add831245944ef,3,neutral,neutral,0.18186489,0.7577947,0.060340475
e76474f2f3191c266d523b3c948e4b90,5,satisfied,satisfied,0.005544259,0.010854309,0.9836014
ce92352b888319b798e7964f5b5716f4,5,satisfied,satisfied,0.0052611497,0.008651232,0.9860876
c76ce46a2ffb91d0eb23961e2d895956,5,satisfied,satisfied,0.0045487364,0.007968992,0.9874823
cf4449e839ef03483a1526185352d806,3,neutral,neutral,0.1961242,0.69567597,0.108199865
5d5d0ae161091bc6b385b96e9c6915af,4,satisfied,satisfied,0.043949798,0.46176162,0.49428862
9394f8f99ffeb65e1499d19c4d668e4b,5,satisfied,satisfied,0.012168876,0.0482489,0.9395822
7d32969fcc584fdb8b61462565ef7eac,4,satisfied,satisfied,0.008783125,0.04900313,0.9422137
0a058f3b565a94cead807b753bbf12e8,5,satisfied,satisfied,0.004668449,0.013130596,0.9822009
1827e7d7d1e61932c497284182267435,5,satisfied,satisfied,0.012333891,0.045566604,0.9420996
fab19787f3bc4fa687d7f476ef147e5c,4,satisfied,satisfied,0.0052509075,0.010505261,0.98424387
3b62284432a01188a3fb7000e3c236d4,4,satisfied,satisfied,0.0042446493,0.010366014,0.9853894
4f27621e21a2d5656ec7d6a18bafa1b3,3,neutral,neutral,0.12250828,0.832059,0.045432724
5ccd8683723095eff447bf2172825aba,5,satisfied,satisfied,0.0039538783,0.005838101,0.9902081
cf4780583f162841d962eb495c8f2588,5,satisfied,satisfied,0.0045578433,0.007815151,0.9876271
7f05309e77b8bcc9facd26f1ff9b8437,3,neutral,satisfied,0.05723577,0.5468479,0.39591628
1e6d143424478bc633d9d5927a98c729,5,satisfied,satisfied,0.0055145943,0.011087122,0.9833983
14f0755baa00c439addc418978bdbac2,5,satisfied,satisfied,0.0045626597,0.010830102,0.9846073
6e2865d9e2494a1e898a27117a8144ba,5,satisfied,satisfied,0.008218185,0.023226881,0.968555
6ac5505ca3f98974bf96ebb28e07d28a,3,neutral,not satisfied,0.50441706,0.4831407,0.012442242
6064d01609f9546be60f83c28711fcb2,5,satisfied,satisfied,0.019923609,0.08262979,0.8974466
8ff0b5d1b496687f722eb7c6ba72303d,1,not satisfied,not satisfied,0.71053064,0.2764614,0.013007942
39ce1615c5b577f18042686fa5b164c1,5,satisfied,satisfied,0.0052517457,0.009203952,0.98554426
346e709411e7f88124e4a5bb1f36622a,5,satisfied,satisfied,0.0048259962,0.012374324,0.98279965
e7dc60badb8165c18a906105f53592a3,5,satisfied,satisfied,0.0043851687,0.010019131,0.9855957
7d376e14f55489d4a27766fb97c18db3,5,satisfied,satisfied,0.0072794706,0.018281449,0.9744391
a0a4e90ffe8baf324f0473b33f86b18b,2,not satisfied,not satisfied,0.9220484,0.07413899,0.0038126959
d9754bb52a042448a0e479bd02366403,5,satisfied,satisfied,0.0113204885,0.028856598,0.95982283
818d249ded364e3e71734848eb024adb,4,satisfied,neutral,0.19911098,0.73472077,0.06616827
5d8a6d8ed00f1aaf5f0d08ad45f91fbd,1,not satisfied,not satisfied,0.8830216,0.11282353,0.004154888
ac43bb5eaa7db59556efb8dd06dcb7c2,1,not satisfied,not satisfied,0.9584677,0.03445254,0.007079767
3ea1340dd6c315751b69d7c031cc7458,5,satisfied,satisfied,0.0041240323,0.009118437,0.9867575
450774de56c8002b2b25c2151e48193e,3,neutral,satisfied,0.030537061,0.38491198,0.584551
57d71992342c1b181375e9e86e922735,5,satisfied,satisfied,0.004022479,0.008084155,0.9878934
c5fff54a42f92956cda207f11917c7b3,5,satisfied,satisfied,0.012751372,0.059734195,0.9275145
fb40a4ec584e21b5ae16da130f9c22c2,5,satisfied,satisfied,0.0056184605,0.01146414,0.98291737
bda677c3a3ec57d7766a62b90423bb48,5,satisfied,satisfied,0.007912937,0.029428072,0.96265906
18310f4ae09336fbea59fb9e6f855d51,4,satisfied,satisfied,0.019963374,0.13549034,0.84454626
141770752d4c255818582c5872d432e4,5,satisfied,satisfied,0.0041368864,0.009415025,0.98644817
ec4ef3ed62b165c48ea11ead18f8cd67,4,satisfied,satisfied,0.02437638,0.16637512,0.8092485
e0c8a503320df5c558123a443b7b5692,5,satisfied,satisfied,0.008135506,0.05060898,0.94125545
9f2cc4a3adf3f2f501cb3d3f4ed22e85,4,satisfied,satisfied,0.017897915,0.044127725,0.9379744
edd0bd8a5c3d4ec04a8c6171e2be00e2,3,neutral,neutral,0.13306898,0.79550564,0.071425326
b0083b374b19b071674a59146c8e461d,5,satisfied,satisfied,0.005123087,0.011480999,0.98339593
9e3aee6eb4ab026657568e82d6190458,5,satisfied,satisfied,0.0051809927,0.008142207,0.9866768
bd50ebc33a7aed32798f5712057ba29c,3,neutral,not satisfied,0.5272974,0.46340612,0.009296534
23375738deb851639f58fdf384ad4b64,5,satisfied,satisfied,0.004047607,0.009620302,0.98633206
b06a949b0e5b63a2322107101f7bb483,5,satisfied,satisfied,0.006674352,0.014508409,0.9788173
c7d889a13c469201dbd2652282e3fd9e,5,satisfied,satisfied,0.0050063077,0.016966026,0.9780277
bc150c7a7899870251008b414f4838db,5,satisfied,satisfied,0.0045395154,0.008916457,0.9865441
4dc0fe5a8854d7b91ead3cd6152b4073,5,satisfied,satisfied,0.004214022,0.006661043,0.9891249
c5e5bb1edff4172ef5f354fa44dfdf58,5,satisfied,satisfied,0.0041771154,0.0072934297,0.9885295
70cb2ea9296e7f4dcc568a6effb523f2,5,satisfied,satisfied,0.004607234,0.0078049847,0.98758775
c2a7e8445756f63a2ac4e7f36f16af80,5,satisfied,satisfied,0.005605997,0.018756641,0.9756374
a90abc6eca91374c271b98d88a27009a,5,satisfied,neutral,0.12192576,0.79483765,0.08323653
42a0703a4a7cb1125e478d455589919b,4,satisfied,satisfied,0.05517299,0.21945435,0.7253726
5795910f0b16015dd04eaa779acc5eb4,5,satisfied,satisfied,0.0068061785,0.036004048,0.95718974
c98f6e7faa80f7e09674675f3785c6a9,5,satisfied,satisfied,0.0043486394,0.007972928,0.98767847
ac054809b6ee4f665a1405a486a4eca2,1,not satisfied,not satisfied,0.8671286,0.1260474,0.006824047
dc8c949f8a3278454e714cef833d6b4f,5,satisfied,satisfied,0.009471859,0.028544463,0.9619836
f402e3bcc224b776f976858a4cb270ad,5,satisfied,satisfied,0.012703391,0.084116176,0.9031804
e2a0eb7d867eaf52f828850b3c351c67,5,satisfied,satisfied,0.004031355,0.010788347,0.98518026
896f37a2a6ce8959fd90613a246a82df,5,satisfied,satisfied,0.0039186412,0.007083948,0.98899746
20fc93110ac3e455e22f2facb672fec6,5,satisfied,satisfied,0.017276358,0.04952325,0.93320036
aa16a741a1340bc482c10fe4397743b2,3,neutral,neutral,0.1192145,0.8224873,0.05829822
d9a2ea80b86b9f2580f663e178b65819,5,satisfied,satisfied,0.057552863,0.42882425,0.5136228
9e897a247470d84f138009bd241ea3a3,1,not satisfied,not satisfied,0.86212146,0.13321859,0.004660031
ef2b9131b7364868fe687d85535d123c,4,satisfied,satisfied,0.0076419264,0.02347383,0.9688843
c39458c3576ee785f6c21e4ad221ae90,5,satisfied,satisfied,0.010140244,0.050897174,0.9389626
cd9e3a3b2722c2ee017e6e2e38337779,1,not satisfied,neutral,0.42537665,0.5494261,0.025197271
b7c8ea231aeda4a044b1ada9f13e2f69,5,satisfied,satisfied,0.004962067,0.009168692,0.9858693
b6ea40351da50b2e61711763d269d824,5,satisfied,satisfied,0.0044122105,0.009259814,0.986328
b3d68722b26dc84d0de45bafc8db39c5,1,not satisfied,not satisfied,0.593156,0.39768124,0.009162681
f229430f71d33a40d1c48dabb77dd19f,5,satisfied,satisfied,0.005697209,0.012188194,0.9821146
31bb6e57af0b8b8be3dba08406150300,5,satisfied,satisfied,0.0049557276,0.0084525775,0.98659164
f3b4668757f74111eaee5708f6b9da71,4,satisfied,satisfied,0.058766957,0.41467416,0.5265589
db378cc0f8ed28460614a37bd771918e,5,satisfied,satisfied,0.0047525144,0.01029606,0.98495144
b84bdcee2f876d11d7a6be2ae8868b8f,5,satisfied,satisfied,0.006140642,0.012066563,0.98179275
da7bbbcb8200db1e9458aabc0982a01e,5,satisfied,satisfied,0.005070681,0.011965141,0.9829641
1abe13aa643cf6f37fd23aa7e463618f,4,satisfied,neutral,0.08935478,0.7256812,0.18496408
e068e64f31330b8f21f237544f90d679,3,neutral,neutral,0.16272803,0.80166095,0.035610996
02bc24bb79d45e295e11ff9632fee4f8,1,not satisfied,not satisfied,0.9408467,0.055245947,0.003907405
01e06a99dd2ee75c8fb6a10e6c3461c9,5,satisfied,satisfied,0.008704557,0.02324436,0.9680511
b69bdc22ee641a1f8181f23299ead855,3,neutral,neutral,0.070086055,0.7876478,0.14226611
fed7ad3e5a5db2a60ca08a05faae216e,4,satisfied,satisfied,0.047490425,0.4479887,0.50452095
65caa384d98e1c57c9dd53bf13d5a1af,5,satisfied,satisfied,0.0048892377,0.008424466,0.98668635
ca79507ec8696f0a42b048ab8b5728e8,5,satisfied,satisfied,0.02670437,0.17788163,0.79541403
bce51fe4717d875915f05bc44d8ad344,4,satisfied,neutral,0.15054595,0.8090045,0.040449567
a8fea6cf021b8725be4f47938dc76f7c,5,satisfied,satisfied,0.0047504213,0.012109705,0.98313993
6f9b8465de53bb48a7def0ee28840fff,5,satisfied,satisfied,0.0040363315,0.0080076875,0.987956
39766aa9f5e7a22b39913d343a125370,5,satisfied,neutral,0.38189882,0.59540874,0.022692498
d104b9d77c386d83f4aafb1d2214e493,5,satisfied,satisfied,0.004777191,0.009078095,0.98614466
0878cfa6e1244530c6c45a57b2cc883e,4,satisfied,satisfied,0.0074124634,0.028066056,0.96452147
9229db7f4331c01a55e4d12695c25923,5,satisfied,satisfied,0.0056995065,0.016533928,0.9777665
6a2939535743aceb4b2c182ba3c6aae9,5,satisfied,satisfied,0.003977149,0.0068221623,0.9892007
31adc17d61af3b597e29cafe2a6fd3fa,5,satisfied,satisfied,0.004768395,0.008655633,0.98657596
b2b878ed2e28aa9c9e093f0d16f0b048,4,satisfied,satisfied,0.023730539,0.19860311,0.7776664
deac4e7ba567f519e554b63100250031,5,satisfied,satisfied,0.0040103025,0.006270701,0.98971903
3d68ddf8239801acd1e8f29d19a89290,5,satisfied,satisfied,0.007243496,0.023028508,0.969728
0f1c39d52e13bc32f2b270a9d43aecdc,5,satisfied,satisfied,0.00639797,0.013141154,0.98046094
76c6e6526c04a39cc657f1d12f3af83e,5,satisfied,satisfied,0.0049982225,0.011596854,0.9834049
2313f4606bf24f897dd1098271db2fb0,5,satisfied,satisfied,0.063852765,0.26036006,0.6757872
7bbc2250756c04f7051560136f252f0f,5,satisfied,satisfied,0.006348944,0.012189622,0.98146147
6cf0ffd2b52976696eb5293f5f127769,4,satisfied,satisfied,0.007939256,0.02230531,0.9697555
eb79325faf69681c172d4eff4dc6f7af,4,satisfied,satisfied,0.055810116,0.4710971,0.47309273
d03944aef996372e3105bbba3cc2dc11,5,satisfied,satisfied,0.0051091267,0.008678117,0.98621273
de7af40367887be767fb4042c1f26e93,5,satisfied,satisfied,0.004460443,0.008776179,0.9867634
a5f3b81575479212487169867cdf9fcd,5,satisfied,satisfied,0.0067309784,0.0136157265,0.97965336
e3de45192a54d4b5d8db294361d2ab36,4,satisfied,neutral,0.11648057,0.820284,0.06323542
118d2008613a2525b846a79096d2d695,4,satisfied,satisfied,0.032440368,0.33409634,0.63346326
21213272db78bd6ce8023fae1ab80d83,4,satisfied,neutral,0.23642223,0.70375925,0.05981859
0c2d0b1c4730e09c3de8d36d47c055fd,5,satisfied,satisfied,0.007972514,0.018344143,0.9736833
ed048aaffe01fce60a50fba86a5dd07e,4,satisfied,neutral,0.06148353,0.7615201,0.17699642
b99c8a8910a2c17892420ecda866962c,5,satisfied,satisfied,0.0033852789,0.00627874,0.99033594
9d6a531b7eb26816b9e24a8e31210304,4,satisfied,satisfied,0.011685209,0.064328074,0.9239867
07084464008f7e8f20ccbb9a8a2b830e,5,satisfied,satisfied,0.005374117,0.008903442,0.9857224
2d4126276c05dcc40f605580016f9762,5,satisfied,satisfied,0.030654628,0.47587836,0.4934669
09837c3a45d275506b37a5b5ddc585d1,5,satisfied,satisfied,0.004379348,0.008014534,0.9876061
4f5d8813b3b27594654795ca1b95a4c2,5,satisfied,satisfied,0.003783324,0.0069165453,0.98930013
bd30299cfc85d8fb64da3e2d0926ac53,2,not satisfied,not satisfied,0.7976371,0.19723134,0.0051315525
b37a529cbc768b240468903362dd26c4,5,satisfied,satisfied,0.0044044475,0.0074471184,0.9881484
2cd45f3c21bade0cdcc93560a7a79414,5,satisfied,satisfied,0.004269995,0.007789636,0.98794043
f04acc836f3a8509207495e691ee3fa0,5,satisfied,satisfied,0.0052652773,0.014704159,0.9800306
d5056d06b5cebc492ab987ac681e3395,1,not satisfied,not satisfied,0.6770238,0.31330496,0.009671153
6657be2fca33fd8e2d01978001400910,5,satisfied,satisfied,0.004609142,0.013951893,0.98143893
5c7fe72b38f2a716e142e05803a2e45a,5,satisfied,satisfied,0.0076226126,0.014440202,0.97793716
94c5e861321d53e270430fc66743b039,4,satisfied,satisfied,0.05152886,0.6433241,0.30514714
c864be5e3b6e3f2a27bbbe2c0ada3abf,4,satisfied,neutral,0.14412205,0.71337104,0.1425069
d68fd7fbad39536479178a5d0a78ed4a,5,satisfied,satisfied,0.0041756383,0.010844787,0.98497957
49c399d6e67061197296ed756ecfddd4,5,satisfied,satisfied,0.005747028,0.011508371,0.98274463
f2dc75461ba1fef2fd1d161ecd0fc7a5,1,not satisfied,not satisfied,0.8500122,0.14419772,0.005790098
ca2b79a7cdd600276fb07a4d7f3709f9,3,neutral,neutral,0.33416268,0.55064434,0.11519306
df8770bedfb8e8173a07bf32de354311,5,satisfied,satisfied,0.0074182753,0.022137383,0.9704443
95ba521730d5c6c2d60503d96aa7e55e,1,not satisfied,not satisfied,0.8301115,0.16523437,0.0046541635
091057a873cd6b8837d4c87cade71c28,5,satisfied,satisfied,0.00455706,0.0092414385,0.98620147
a8dadc52198e498df10dd759e45ac861,5,satisfied,satisfied,0.005651471,0.022246452,0.97210205
e31aeebf08a8985af511ad052f7628b0,5,satisfied,satisfied,0.0051315473,0.010760116,0.98410827
570c1b7c379cac39fe9e33eac7a714a9,5,satisfied,satisfied,0.0039822045,0.007867343,0.9881505
99f8dca186d6da0a882b98371326adb7,2,not satisfied,neutral,0.12885733,0.8062139,0.064928785
ab47e6695595b9c687dcdb55ad0183e7,5,satisfied,satisfied,0.0063591725,0.0177127,0.9759281
48da0cbd93fda8f2ceef51275afd4db5,5,satisfied,satisfied,0.005312312,0.013612201,0.9810754
adfd988fe2dbd32786772b17ab0dce90,1,not satisfied,not satisfied,0.93556917,0.060542263,0.0038885009
c2f6fa3eca8c70cac803213faf26ccd3,5,satisfied,satisfied,0.009778951,0.014752326,0.97546875
c8cda27817273570b0c865acb36fa9ef,4,satisfied,neutral,0.06290712,0.80899507,0.12809777
9e02989f9ddd5fd4807f57e24ed92823,5,satisfied,satisfied,0.0047772243,0.012437949,0.9827848
ca65378e745df2f159f19c679befa251,4,satisfied,satisfied,0.004277234,0.009867769,0.98585504
b862cb501c82545020d9a0241bfd955e,5,satisfied,satisfied,0.005783158,0.010787394,0.98342943
13527ee806bc172f12650392dd2eae15,5,satisfied,satisfied,0.05637739,0.45197248,0.49165004
1b09ae2b0d4b92c94917a0fb04dbdbd8,3,neutral,neutral,0.19601946,0.76605654,0.037924018
28202aefea5f2ae148c3ca1d83f5d407,5,satisfied,satisfied,0.0041939514,0.0094163,0.9863898
5a7230757d9597b09fccb5f8cc31559b,1,not satisfied,neutral,0.20139898,0.767017,0.031584073
d424426d03b1aafe69eb2e711622b588,1,not satisfied,neutral,0.30998862,0.6607577,0.029253645
1dad2f08acb59226a92b5c7446a53936,5,satisfied,satisfied,0.0047530998,0.00818002,0.9870669
17565cb76da7f047e096209f918c44bc,2,not satisfied,not satisfied,0.54918283,0.43868494,0.012132237
23f113cb18c17263b7efbbcda39eebc5,3,neutral,satisfied,0.011543457,0.06506751,0.923389
3998bf88ff1698cac3c6d8cc80992010,5,satisfied,satisfied,0.004914512,0.012920525,0.982165
7db493ee02857ef1f15507892fe4b019,4,satisfied,satisfied,0.0067790668,0.027522136,0.9656988
4022cca236036b717ee02446f4b727d7,5,satisfied,satisfied,0.014140451,0.087987006,0.89787257
4148e4a589892f4bfa554b1a89c0869d,5,satisfied,satisfied,0.005249454,0.015038103,0.9797125
da5428bedc9bee56669269b073bd10cc,4,satisfied,satisfied,0.007994567,0.035474803,0.95653063
d8ee48e79663bde6dc3e4a3275a7ff81,4,satisfied,neutral,0.3025573,0.6612223,0.036220536
ab81533cd5e186b05d5548c10ea79c45,1,not satisfied,not satisfied,0.5112731,0.4749863,0.013740599
2832f23e8d1aa2801d3c6c7af0dbe377,5,satisfied,satisfied,0.005122228,0.015711552,0.9791662
054822a7c5a721b825c5077241b1e66b,5,satisfied,satisfied,0.0043512154,0.012948598,0.9827002
ac726ceb2717b98cf7147db3c72b651c,4,satisfied,satisfied,0.0061938665,0.02659196,0.96721417
fe9164424aa7b63afb79d0b9f691e5ea,5,satisfied,satisfied,0.008563001,0.021052418,0.9703846
9d6e942329c55afd3daf3767d163a53a,5,satisfied,satisfied,0.0039708586,0.009937212,0.9860919
83715e6c5f8c4a6791e6a9bcd39c4865,5,satisfied,satisfied,0.004994443,0.012466125,0.9825394
ad1fdec12d908adcd832a989b9f1e3fb,1,not satisfied,not satisfied,0.85723066,0.13550226,0.0072670113
e95ce9c45031684400a4c30b2fdece04,1,not satisfied,not satisfied,0.9412802,0.05500657,0.00371321
01de52f5f13b0377a175972a64103587,5,satisfied,satisfied,0.00400368,0.009915934,0.98608047
84ebed35670b943087d497d6065bd57c,5,satisfied,satisfied,0.0055393153,0.009467211,0.98499346
621f3144cefef5d6811aa769ae4e1a36,5,satisfied,satisfied,0.0056028543,0.013242025,0.9811551
ef522d983be12aca08255081f22da428,2,not satisfied,not satisfied,0.6918976,0.3005945,0.0075079273
6cabddadbb87a9699afb39272a36825b,5,satisfied,satisfied,0.008253889,0.015113959,0.9766322
be252c9e64a3c2411f37de7c08b12559,5,satisfied,satisfied,0.06695058,0.6411741,0.29187533
343ed1c31ec18c52ef1170dee6ccb209,5,satisfied,satisfied,0.004965289,0.012069525,0.9829652
99081d4b8fff217b86ef04988ade9f6c,4,satisfied,satisfied,0.0072777215,0.027378252,0.965344
198ce286ec63a32ca6d607b1775358ad,5,satisfied,satisfied,0.0044715074,0.00662437,0.9889042
831f0aa73ab43edc520862bcecf0f8ac,5,satisfied,satisfied,0.018054117,0.056388713,0.9255572
e2e3ff23e8ab7bb7fa966453ac9f3bc7,5,satisfied,satisfied,0.003347286,0.006950553,0.9897022
d6a18e2ef4682e557f9ccbea592ea9b8,5,satisfied,satisfied,0.004331314,0.008480297,0.9871884
0f0876600b3e38bf28b73852292b2cf1,5,satisfied,neutral,0.31028417,0.66151685,0.028199054
0e91d57af8289752ad837d4b46bcac4b,5,satisfied,satisfied,0.15085416,0.5863518,0.2627941
a7263f24fb8796327a790531b0cf4e67,5,satisfied,satisfied,0.0051380857,0.017909504,0.97695243
ef6708162c7f461b1cc8787c5b48a1c1,5,satisfied,satisfied,0.007099178,0.010526202,0.9823746
06f5a68781d221403659614e3aa1829e,5,satisfied,satisfied,0.0042208787,0.008252801,0.98752624
a20c152ef31b93cf3f709c4e1366e86a,1,not satisfied,not satisfied,0.95483726,0.04144243,0.0037202255
71a3f68c938707f4405aa2d15141666f,5,satisfied,satisfied,0.011999244,0.039819155,0.94818157
eb76e22f13a158c3b594818e7abb17e2,5,satisfied,satisfied,0.0070882537,0.012435682,0.9804761
8518c6d7373c325a6701ab78f129ec37,5,satisfied,satisfied,0.005153223,0.021493096,0.9733536
2221bbdcf5e466ae7459bc3a66bcaff0,4,satisfied,satisfied,0.038181134,0.48481944,0.47699943
0a640f0a81eb646adba588e790ba12d7,1,not satisfied,not satisfied,0.9313009,0.06457795,0.004121181
deee41e62546b230ef15bc115f039ebe,5,satisfied,satisfied,0.005236098,0.018067606,0.97669625
10fc277776280792a1dbde2786061ffa,5,satisfied,satisfied,0.0091270665,0.025300182,0.9655727
94f6701147126b754269b9cce70c2933,5,satisfied,satisfied,0.005601988,0.012027313,0.98237073
939633a5942d204c8e9d6e9b18d7821a,5,satisfied,satisfied,0.006890096,0.013942283,0.9791676
785568763a774d0cae71fe97ddbd25bf,1,not satisfied,not satisfied,0.9556573,0.03946275,0.004879923
1a9c485b449f5d258447a2eee1457c9e,5,satisfied,satisfied,0.006464066,0.011347883,0.98218805
8909516e06903decec9429881ec4ff1f,5,satisfied,satisfied,0.004567925,0.012034982,0.98339707
262144475c9a258e8540376e17134cfe,5,satisfied,satisfied,0.005102602,0.011450161,0.9834472
42826309e5c844f4c358b08de4cd10b0,5,satisfied,satisfied,0.004090364,0.0074341362,0.98847544
6ece474523a068350cdaad8272073c13,5,satisfied,satisfied,0.021081407,0.101665206,0.8772535
1823a0a9b4cf46783e8ae5774c4beae6,4,satisfied,satisfied,0.06402165,0.5995857,0.3363927
c2dde6807a93a0c136e8301702d1e8a9,5,satisfied,satisfied,0.003579935,0.008337258,0.9880828
13394fa2e303f35d52dc0038b3c97a2e,4,satisfied,satisfied,0.03696238,0.16200039,0.80103725
c5799e82d5798e12b1b10d26cb0740cb,5,satisfied,satisfied,0.0048643188,0.014276467,0.9808592
fceced084cdbf685f907a8f9742b67c0,5,satisfied,satisfied,0.006110037,0.012802614,0.9810874
b6c60775a4361c7a04b4bde017657ad3,4,satisfied,satisfied,0.035092834,0.47431943,0.49058768
c5d43e929002fa4c485da3f09adc7359,5,satisfied,satisfied,0.004018661,0.008786574,0.98719484
36fc2fa8abd171d2ec2adbe3954a63dc,1,not satisfied,not satisfied,0.92705077,0.06905169,0.0038975372
f7a176e9b6b0e061a8019ea06cd20033,2,not satisfied,not satisfied,0.49851033,0.48683372,0.014655921
a2b32cf1a8b5ea6db6afd83c9bd33ed3,4,satisfied,satisfied,0.014605397,0.07052176,0.9148728
124961fe10dc4582b1bcd94b5208ae58,5,satisfied,satisfied,0.006159412,0.017404422,0.97643614
3066829a7ac19124faf9065461987afb,5,satisfied,satisfied,0.010390098,0.028107993,0.9615019
45f5068496eddbb063376fb244e5e933,5,satisfied,satisfied,0.004955974,0.012249425,0.9827946
807761e9f084a25cb8e583da04a0312b,5,satisfied,satisfied,0.0055077965,0.014056559,0.9804356
fcefeb655863b53a6f46183549a77180,5,satisfied,satisfied,0.0050529186,0.014303167,0.98064387
22a2b7c07bead3ff81e27a58475446e1,5,satisfied,satisfied,0.0054006237,0.010000421,0.984599
c68f4624838e3e1d5a2f0659b3d6d012,5,satisfied,satisfied,0.0049238275,0.011937326,0.9831389
da3f189512181391c5457dc53c1a0af0,1,not satisfied,not satisfied,0.9245063,0.07126913,0.0042245258
8b2d1e8222ca98258f4ea8854fa24020,5,satisfied,satisfied,0.012689061,0.04762833,0.93968266
0dfdd0acb550457e46bd59bb88646bd6,5,satisfied,satisfied,0.006720055,0.028199272,0.96508074
bd4e2552fd2a3d04bc9243ee5cd2dca6,5,satisfied,satisfied,0.004465649,0.010381436,0.98515296
2b2b922dcfb6232626ad5a1f0ff73454,5,satisfied,satisfied,0.0051890323,0.01665683,0.9781542
d71d62f4637c5c404bf630cff542765a,5,satisfied,satisfied,0.011409354,0.035335682,0.95325494
d7519829a3d07e6492a2ad0533fe28b8,2,not satisfied,not satisfied,0.5369461,0.45073032,0.0123234885
121613171f82b9e7e542539e4712c835,5,satisfied,satisfied,0.0038283702,0.00759934,0.98857224
97395fd5f71e99eb9518793f1ca6190b,5,satisfied,satisfied,0.00599073,0.014998166,0.9790111
721a91fa6cbdb52e57291136bfa10490,5,satisfied,satisfied,0.006013975,0.012614846,0.9813712
537e26270796f43deecf61d8ecc06051,5,satisfied,satisfied,0.004982303,0.008826455,0.9861913
8c00c1491bf3b05ebcfff7b76843b042,5,satisfied,satisfied,0.0061387816,0.008077572,0.9857837
4fea8a3bd98ec5caacd224019f38fb6b,5,satisfied,satisfied,0.007952879,0.02203097,0.9700161
f4c3c4edb789251d469674abcd78fead,1,not satisfied,neutral,0.23746404,0.7294124,0.03312348
bb2f47b5e9adf772af034fc036e90914,5,satisfied,satisfied,0.008424619,0.01663847,0.97493696
b78f7a60004d7d460afdb16096026f9e,5,satisfied,satisfied,0.0047267866,0.009881956,0.98539126
59a7e8f98e7d6824ef20343a2cedf36d,1,not satisfied,not satisfied,0.6333071,0.35473928,0.011953628
dc24167f687551fe920f7e17681c6668,5,satisfied,satisfied,0.0038637202,0.007588689,0.98854756
d555f3075bce9050866c06e4e0fe39fa,5,satisfied,satisfied,0.005147236,0.011603573,0.9832492
b2f2f81b3af8067c3a38b0b8643552d5,5,satisfied,satisfied,0.0035668435,0.0071005914,0.98933256
5e499a57af6fb9fbc8720c1e335d609d,1,not satisfied,satisfied,0.014284246,0.036040053,0.9496757
9d71eae67aba4472b89ee8237e24fbf2,2,not satisfied,not satisfied,0.6913993,0.30120155,0.0073991343
1c20431a862774afdebfe93b57dfe0ad,4,satisfied,satisfied,0.008082804,0.04393306,0.9479841
3c494f9333cc36776fc7cd4ac99fac52,4,satisfied,satisfied,0.0062909913,0.015726233,0.97798276
14cff62b586160f90bb28085108e8e78,5,satisfied,satisfied,0.0071166093,0.01903462,0.9738488
c66b3312eb41f94e266f073bf0afab68,5,satisfied,neutral,0.09815347,0.75592005,0.14592649
456eb3539d999ae7fd068c35697c2702,5,satisfied,satisfied,0.0053021954,0.012012443,0.9826853
de721bfea4019639d5ea25614dc1f25e,5,satisfied,satisfied,0.013888363,0.033961777,0.95214987
924aec8b73bcb3598c71d57ec58534d4,5,satisfied,satisfied,0.0065548443,0.020642702,0.97280246
b9bd84d059d9499ef619f86f32769b80,5,satisfied,satisfied,0.004163839,0.0072286595,0.9886076
b7d2d65ad4d85d00f7204153ac7a3a28,5,satisfied,satisfied,0.004430429,0.01116016,0.9844094
8c26dd4b9bfc851cefecf7e75f2817c2,4,satisfied,satisfied,0.0063172253,0.026201546,0.96748126
3e7c9b01e124561814da4af0545b69b8,4,satisfied,neutral,0.10458411,0.8513558,0.044060003
991521efce1e7175cb1fe46d639d7412,4,satisfied,neutral,0.08380054,0.74310637,0.17309311
f1d84efb1de1b5024f2d2c01e52e65f1,4,satisfied,satisfied,0.008852007,0.04411523,0.94703275
f01e3b713e942e35d1c693701ac7ad57,3,neutral,neutral,0.07776191,0.7491553,0.17308281
0bc7d6234090f30f6ba21d7aa0bbd676,5,satisfied,satisfied,0.004637236,0.0104236305,0.9849391
f6ed3a9e232a3e5c2ccdc8048dad5e57,4,satisfied,satisfied,0.051684238,0.5548955,0.39342025
e6ab79704482451b66d4504ca904be28,5,satisfied,satisfied,0.005659228,0.012940299,0.9814005
79d1e8b09e51cd1e20aac56858fb4404,5,satisfied,satisfied,0.007864216,0.020090472,0.9720453
d9bfcada7107ae126392511ab094ba55,5,satisfied,satisfied,0.005467981,0.015722575,0.9788094
cfed35d4e427a240ac962baa833eec38,5,satisfied,satisfied,0.01200639,0.095319465,0.89267415
33cce1d2bff362159453eaf2c7c76305,3,neutral,neutral,0.2262278,0.7440951,0.02967714
ec7836b2d93fa5d2209431c3e9ead4e3,5,satisfied,satisfied,0.006100828,0.025939649,0.9679595
7adee815efbe94a9bb28d5289b267f57,5,satisfied,satisfied,0.010929833,0.025731018,0.96333915
b0e6f5048984db11e54a0647e707eed9,3,neutral,neutral,0.24655864,0.7256579,0.027783439
7b24876f6904565b1507347236f92cca,4,satisfied,satisfied,0.058558125,0.59997696,0.34146494
f3feb1e25412d83db602914349700e41,5,satisfied,satisfied,0.003762899,0.007049416,0.98918766
be7a1632fb3d97f0d3b50c4f89d7bafe,4,satisfied,satisfied,0.04051721,0.15134916,0.8081336
b0131721675466e9f93dee2779ff92da,3,neutral,neutral,0.09888483,0.8316839,0.06943137
54bec6047f0a985db92efd7f08590146,3,neutral,neutral,0.36751887,0.6143444,0.018136647
e9978990cf6d60c334016f297624cb06,5,satisfied,satisfied,0.0074477787,0.013265964,0.97928625
5fcf184be3752f4e4740614502ebbbf0,5,satisfied,satisfied,0.0049841343,0.018884402,0.97613144
e60e3cd4bd9df6cb9d53429890c0b8b6,5,satisfied,satisfied,0.0040842216,0.008464406,0.9874514
74c7f96a20bce6b5b3c1045f82775133,5,satisfied,satisfied,0.0056621977,0.013869587,0.9804683
979f77ab9f8c450d31cbffbf8f2ccef4,4,satisfied,satisfied,0.017003888,0.11768568,0.8653104
88bda83b9511d5019022264217e78103,5,satisfied,satisfied,0.019026821,0.14896254,0.8320106
c0d569161ae6bf560dab5df3045dfdaf,5,satisfied,satisfied,0.0073006717,0.011337211,0.98136216
5965c8c329248ee062666d84ff52b9a9,5,satisfied,satisfied,0.0112618245,0.022133907,0.96660435
5cb2b515d51884ad68220f7ce390b8b3,3,neutral,not satisfied,0.49133542,0.49055183,0.018112725
39e0844400f714f214623f8f5860881a,5,satisfied,satisfied,0.004242457,0.010714148,0.9850434
663159dc85e5dd73ebd06d983a21d5a5,3,neutral,neutral,0.32968783,0.6488789,0.021433352
c3b6dafaa3b421c83f58d08d54d7a87e,3,neutral,neutral,0.15734403,0.67167807,0.17097794
c365c7cc866178554b914b09101aa71c,3,neutral,neutral,0.14509915,0.8057414,0.04915947
16f9739860c67f32f9ebe495b5234ed4,1,not satisfied,not satisfied,0.74468356,0.24936467,0.005951795
209436207cd0b72ce4b2dd9fda7e543d,5,satisfied,satisfied,0.00979599,0.060892697,0.92931134
78bdd12ff37df902060a5aa15ac940c5,5,satisfied,satisfied,0.0064502163,0.013753501,0.9797963
9af7206eca8766251b759fc516c78197,5,satisfied,satisfied,0.0059750085,0.011815126,0.9822099
df450c382bdc203b2d741560ad14056d,5,satisfied,satisfied,0.0047591873,0.007577183,0.98766357
02dcf0a9ba5e63260bb35bbd1e40b043,3,neutral,not satisfied,0.6722809,0.31775025,0.009968858
33e2d643f388677d1277a0d99061ffd8,5,satisfied,satisfied,0.0061343205,0.008251973,0.98561376
c86ea64d908313b2ffa64673b371db75,4,satisfied,neutral,0.18760511,0.6487054,0.16368945
ffc8b3a89da05feb1ce2ef65ef017d6e,5,satisfied,satisfied,0.007344594,0.012364159,0.98029125
5b8996dd1de07a49642212410f97508e,5,satisfied,satisfied,0.0050016614,0.012179617,0.98281866
2e01acb953bc18e266c2b1bff3920f2a,5,satisfied,satisfied,0.0043626074,0.009864886,0.98577255
04dab0bc495befc0d6cdc9dee607043c,5,satisfied,neutral,0.28404775,0.57473844,0.14121386
088688a8131e53e25192df561b0572aa,5,satisfied,satisfied,0.0047157076,0.011435971,0.9838484
37cb0a7e5e4196226e0a1de9826b2711,1,not satisfied,not satisfied,0.9564572,0.03883947,0.0047032787
ab075e83538c72180a8eda0a1d860b3d,5,satisfied,satisfied,0.0059542526,0.012943651,0.98110205
0d4547aaf5471cc74d840e5370a8d597,5,satisfied,satisfied,0.014111328,0.051531732,0.9343569
ea885eb3578747255878082b354cc3be,5,satisfied,satisfied,0.0060612103,0.014043726,0.97989506
0da8242d8099fc4aabac3a30ec25fa2b,5,satisfied,satisfied,0.008660623,0.012112896,0.97922647
d6be3fa59c6651cac4eebb26333ed79d,1,not satisfied,neutral,0.25716472,0.72203666,0.020798652
fd4e091d86959430e5c3e9b64ed6fe59,5,satisfied,satisfied,0.003446018,0.0063404585,0.9902136
04ccb615b5f50294da0019dff7c6204b,2,not satisfied,neutral,0.3427891,0.6304812,0.026729707
f31649529500ceaa229c26fe84ec077d,1,not satisfied,not satisfied,0.70979434,0.28105712,0.009148589
a06cd6a698ada2cae9943ca05221c58d,3,neutral,neutral,0.21747555,0.7554521,0.027072327
4b13a8bde9d886c77668998a4e8de349,4,satisfied,satisfied,0.012251232,0.09717573,0.8905731
e1de21899725c822a6d581cce8adbde1,5,satisfied,satisfied,0.00786578,0.016018715,0.9761155
389abf54f5677799948f32da85d86092,5,satisfied,neutral,0.07878223,0.7252172,0.19600052
41603c893cf5352c06c49b33d0ae1464,3,neutral,neutral,0.28950554,0.6811749,0.029319571
ac304d32fbbacd0e40a4441853cdce2b,5,satisfied,satisfied,0.004549012,0.010315072,0.985136
32d22d460c337292f3924b7b39761bc6,5,satisfied,satisfied,0.0044756774,0.008888432,0.98663586
a97f9e1ca8d4bceb4d223cab9dad2165,5,satisfied,satisfied,0.0058346754,0.011617579,0.9825478
83e202dde457b50e730d68a0ee069bde,5,satisfied,satisfied,0.0036920737,0.006518187,0.9897898
4eb8ddf86f7163dd6cfad9aad720f2fc,5,satisfied,satisfied,0.16699915,0.3831201,0.44988075
e7a0cbedfa6eefa2fd5ee185055e8acd,1,not satisfied,satisfied,0.0665921,0.16247024,0.7709376
08c187fe9f0b6105b242e228720130a4,5,satisfied,satisfied,0.004718482,0.009578556,0.98570293
9f79ef75b03cf0199a9ecddb906ff578,4,satisfied,neutral,0.20517004,0.76507705,0.029752819
31b4096557101ba7440ce0fe45515e87,5,satisfied,satisfied,0.0072279796,0.024949709,0.9678224
80f34f6638d6c7667b55b5e228fe3e3e,4,satisfied,satisfied,0.004443443,0.0077603026,0.9877963
538f37f4dd6ba9fd76d7eea776213b36,2,not satisfied,not satisfied,0.7466593,0.24539575,0.0079448875
7fbc8d6d2f52edf371d147ba69c19821,2,not satisfied,not satisfied,0.85099703,0.1437822,0.0052207145
14c74cad324d230245e94d558865c8b2,5,satisfied,satisfied,0.004361657,0.008662072,0.9869762
9ac8adcd50485b2ba234700aa5a39f78,5,satisfied,satisfied,0.0040587997,0.009910825,0.98603034
9156894e0f18c616274e714a9679e341,5,satisfied,satisfied,0.0042081396,0.009007074,0.98678476
770c6457334fa1df5801283424dc339c,5,satisfied,satisfied,0.005227779,0.014622431,0.9801498
ede51cbc6c97c03b37005c44d03e318b,5,satisfied,satisfied,0.004783427,0.009549603,0.98566693
1b868c15552ed51a74d2efb58c625030,5,satisfied,satisfied,0.0035728274,0.0068326346,0.9895946
30f7f6d07ff232995cedf8122dff3548,3,neutral,not satisfied,0.8070112,0.18714929,0.005839461
b1f2e1518e3e32a8c0d1750374230f75,1,not satisfied,not satisfied,0.9551194,0.040770154,0.0041104816
70552cd16dce8e9bc6fca18fdbaddded,5,satisfied,satisfied,0.006370764,0.021368958,0.97226024
fefc3905dd31f61bade2647daac668ab,1,not satisfied,not satisfied,0.91092044,0.08163112,0.0074484404
1faa618e376cabb60c98412d16c2743e,5,satisfied,satisfied,0.010389769,0.0276216,0.9619886
3effd0ea16b510d57fee726bdeeceb06,5,satisfied,satisfied,0.008012002,0.017002212,0.9749858
064113b746a687f605ebd3f0ce0d0d65,5,satisfied,satisfied,0.0060142153,0.016565563,0.97742015
975eb8965704ceec900c5b6d46de1150,1,not satisfied,not satisfied,0.73557824,0.25175452,0.01266719
25ecbd0a96a79f28058d9edb2ec9f52d,4,satisfied,satisfied,0.010574675,0.060160235,0.9292651
7c1ed3235db0f52e04e3108d6148d16b,5,satisfied,satisfied,0.004261029,0.0072038644,0.9885351
847e2b54062b71b75cca9ef513157309,5,satisfied,satisfied,0.005196149,0.008480414,0.9863235
5300d0919465563cab6c859d7f939907,5,satisfied,satisfied,0.0047962824,0.009950135,0.98525363
b081fa27dcc93598ab93c469683b5b41,4,satisfied,neutral,0.060784735,0.7631541,0.17606117
32c76053fe1e4a6d5fd1e5fd6b21dbb5,5,satisfied,satisfied,0.0042182775,0.009739023,0.9860427
40d2e02973bae129d7ecfde5bdb442bd,4,satisfied,satisfied,0.0042886063,0.012312165,0.9833993
3b0bf842f68bb0368177103788ece702,5,satisfied,satisfied,0.004973526,0.010267158,0.9847593
abc38cc7a35195a770314dec5d153e58,3,neutral,not satisfied,0.5312228,0.44395337,0.024823828
d4e21392ae0888ba9e98bae7dc426162,5,satisfied,satisfied,0.0040217717,0.0111432895,0.9848349
e5caa910a17d1fc276bd2411a73f2ca1,4,satisfied,satisfied,0.027727772,0.34895703,0.62331516
86eb5e367c5f1a3fe97ea13da2f9f6cb,5,satisfied,satisfied,0.007859789,0.03237336,0.95976686
de8d11879fea6403cc2e2311839f2356,5,satisfied,satisfied,0.0067611034,0.018001106,0.9752377
c934b7224efc0b1ee75805c0f8a2654a,5,satisfied,satisfied,0.0046785846,0.011203915,0.9841175
2367fcb892d339c2cc25bb7e240249ea,5,satisfied,satisfied,0.0126807485,0.019335238,0.9679841
b81cc134e6ed0de53b4e2d49a617c87a,5,satisfied,satisfied,0.00656147,0.013170577,0.980268
ea515f41b838865d082a934deb4f0a30,2,not satisfied,neutral,0.27515224,0.70600235,0.018845355
4b4ad0ad7b2d3b16e561b9907c08a80b,5,satisfied,satisfied,0.0067057055,0.009116603,0.9841777
45c76f7c41d20a19879dbfe3a55d08a1,5,satisfied,satisfied,0.0070532025,0.014191609,0.9787552
eed93bc1e2d284f16cd72be5fb76673c,5,satisfied,satisfied,0.004657539,0.010148316,0.98519415
ef0c4d12d91b01a30f957b24d7c864e8,5,satisfied,satisfied,0.004671506,0.009572017,0.98575646
c8eb948de3885533b1fef7e513cb4a5a,2,not satisfied,neutral,0.35546827,0.6226739,0.021857744
f5e7c1aa7cc62b6e7b9105fd875ef710,5,satisfied,satisfied,0.014325033,0.09540328,0.89027166
23a8dfaf20bf0d1f27723f43df835aab,4,satisfied,neutral,0.25635818,0.6971157,0.04652613
0c049ca7b34f72215065d010defd4120,5,satisfied,satisfied,0.00565462,0.008174315,0.98617107
dfb9dde594d415ceb8f70bdea9a8657d,5,satisfied,satisfied,0.004436935,0.008583568,0.9869795
b8e8c0169dd2fc4f480f7cfba2599a28,5,satisfied,satisfied,0.004309059,0.0065359697,0.989155
dabd8bc42705fc0c954b04a08d492ab4,4,satisfied,neutral,0.10709163,0.781947,0.1109613
9086e472756dbd2fdb6825caebe7971e,5,satisfied,satisfied,0.04340006,0.5494597,0.40714028
e185762446b3db37f475ca8a3113f7af,5,satisfied,satisfied,0.005672308,0.009277582,0.98505014
5208e2c6e0519de1871055a8a01c2e3d,4,satisfied,neutral,0.35432142,0.6269066,0.018772084
c0bf321d6124b795b398e188ae0aafb4,4,satisfied,satisfied,0.021015197,0.23867825,0.7403066
9534e25ed10355f88a1b8b59bca98bcf,3,neutral,neutral,0.23980182,0.72698843,0.03320984
b1e27c89db1a82160d019c7b348589db,5,satisfied,satisfied,0.042198755,0.1250886,0.83271265
d26653164cd72f5ed4c1138b2573383d,4,satisfied,satisfied,0.0062506064,0.0117235705,0.9820258
57b3e664e233ed54bbd0977f0d1a7af4,5,satisfied,satisfied,0.004297381,0.006082144,0.98962045
7edb35efabad6cf101f61a3ebea439cc,5,satisfied,satisfied,0.0075187664,0.023757212,0.9687241
67cd2327a974df643d6e5eed9e791bd4,1,not satisfied,not satisfied,0.786538,0.20488109,0.008580843
fb5884f31e6c5364a9afc73f21958091,4,satisfied,satisfied,0.011081098,0.05564379,0.9332751
b87356841b13fd65da08c0cad021249e,5,satisfied,satisfied,0.011299676,0.021308882,0.96739143
e126ec21c47832aefe7b621ffc6bf6fe,5,satisfied,satisfied,0.0037213808,0.008780809,0.9874978
54df53b92fd96679a544b4a103fb63b4,4,satisfied,satisfied,0.018001558,0.1411047,0.84089375
38b4d14746d821edacc4edb69dbbc759,4,satisfied,satisfied,0.004167241,0.013359439,0.9824734
57461eccd4c8f8a0b6f3492bc05c2637,4,satisfied,satisfied,0.02255409,0.17531809,0.80212784
54b5bab1ebf9070c3ae166283e692fbb,5,satisfied,satisfied,0.00594293,0.01933148,0.97472554
d0d19a5d2fabdb7f85cd613b351337d4,5,satisfied,satisfied,0.33427772,0.44613734,0.21958491
d66368a3b5093b4a314963abd57b3a48,1,not satisfied,not satisfied,0.7898951,0.20324664,0.0068582194
7d1a41a8b8962ceebe73081b06bd2ad7,1,not satisfied,neutral,0.1365717,0.762491,0.1009373
52b87d485ee3cd554ed13fad62df293e,3,neutral,neutral,0.13437521,0.82505596,0.040568847
f4f1f1f90a1688010e3259cc8bb10e3d,5,satisfied,satisfied,0.0044580805,0.008008284,0.98753357
b42253f9a862751a2ac3cc537becf65c,5,satisfied,satisfied,0.0046875174,0.009680459,0.98563206
edb16ce8f0038520ac1251c0be994786,5,satisfied,satisfied,0.0061825267,0.01097597,0.9828415
3213f6329d08a3adbab90de75ab0deb7,5,satisfied,satisfied,0.0051583606,0.0087956805,0.986046
4e7882e83535b2898a3d7964ef7ae8a0,5,satisfied,satisfied,0.0043153274,0.009521821,0.98616284
fd1e6aa4c417de46b6aad75114f094f0,5,satisfied,satisfied,0.014817483,0.068330124,0.9168524
84cf826adc9e83e902c007c9a57d81a5,5,satisfied,satisfied,0.009186506,0.05025606,0.9405574
13c61d24df08c258381d3f455ebd20ac,4,satisfied,neutral,0.070190914,0.85183287,0.077976294
b32686eb0848beb3c41e0a71486f9fe3,5,satisfied,satisfied,0.0058170334,0.011744299,0.98243874
8f39bd1f84e10733b6542115088f3088,5,satisfied,satisfied,0.009604283,0.04439928,0.9459964
7d2dfbab48a323dd78c87d0d1d534552,5,satisfied,satisfied,0.048553735,0.38638538,0.5650609
82711be40ed37e264b9dadb0e867d9c6,5,satisfied,satisfied,0.057882544,0.6406128,0.30150473
b6055c2641906381fb1be61c3054ebb9,4,satisfied,satisfied,0.15883668,0.5960215,0.24514182
d033121c795811777b791667da8ba4c9,5,satisfied,satisfied,0.008203336,0.016335992,0.9754607
5d4f03a650b05fb312658421d0a75a53,5,satisfied,satisfied,0.0067871334,0.01094955,0.98226327
fa44b51afb4b3725065a9d92a06e26df,5,satisfied,satisfied,0.0077456078,0.030548409,0.9617059
286e6480cb5a619962b076a07c68f90b,5,satisfied,satisfied,0.006700296,0.0328426,0.9604571
2830955d1c3417517970f36c899ba0e5,5,satisfied,satisfied,0.004850031,0.012857469,0.9822925
335f231912154d95d82cfdefea3b1660,2,not satisfied,not satisfied,0.6502327,0.3415341,0.008233267
77a57845a580400e5dc627778922e6bb,5,satisfied,satisfied,0.004650296,0.011793204,0.9835565
267e4cac25a50655def0de2220698ce0,5,satisfied,satisfied,0.005216943,0.009740419,0.9850426
a7bf7caa557748689fc15a950f63009d,4,satisfied,satisfied,0.036850654,0.47238618,0.49076313
438ced472ede47129a0f2d39440570c4,4,satisfied,neutral,0.19504975,0.7274421,0.07750814
288ad98ae5d6f95ab5d76d7f474543b8,5,satisfied,satisfied,0.00363811,0.0060067954,0.99035513
65f95bca1ea39371e1b75ebd40d9afea,3,neutral,satisfied,0.037725862,0.36238876,0.5998854
4e45768cd815a26aca6c0c2710439374,5,satisfied,satisfied,0.012130291,0.054483,0.93338674
9385df68fbb112c0789d63c76d442e2c,5,satisfied,satisfied,0.003358185,0.006711344,0.9899304
d80f9b318270e9b4ba105f1ae80dda40,5,satisfied,satisfied,0.023823682,0.075154215,0.90102214
abbe03a82788b80a384ac5682505ea92,5,satisfied,satisfied,0.0053097806,0.013295477,0.98139477
3f040f77f539ef53380fe65afdc1963a,4,satisfied,satisfied,0.0045383405,0.0077101584,0.9877515
22ab5a1c6d017b32ae309443e6a2f33f,5,satisfied,satisfied,0.004221227,0.0064229406,0.98935586
089c192e4f562d228f576416bb08589b,5,satisfied,satisfied,0.0071696234,0.020653501,0.97217685
a6295899633583ae8bb46a7bb683999d,5,satisfied,satisfied,0.005589965,0.013429914,0.9809801
0ae62e437a617d7889c3283aa2bea6fb,3,neutral,neutral,0.23052597,0.71294415,0.056529913
156ab92843ff7e7891cbb72d15f12194,4,satisfied,satisfied,0.0041602887,0.00828604,0.9875537
17d0ceaa78c65bd0dadf4d5f38707ae5,5,satisfied,satisfied,0.0038388113,0.007447669,0.9887135
b66748d2189ad09d90765f4358c5f8c0,5,satisfied,satisfied,0.0047334433,0.0110035185,0.984263
a749cccdbb6a27f7df648665c868b9b1,3,neutral,not satisfied,0.8132185,0.18058197,0.0061995564
b49f72f25869eea41f0be90daa2284cd,5,satisfied,satisfied,0.005502855,0.022019885,0.9724772
ad8ffd2b647dbfaafc8f0bd6dc473e93,2,not satisfied,not satisfied,0.8419366,0.15211129,0.005952131
b7abbc892a9fa9d3e6bf1a6a9460473b,5,satisfied,satisfied,0.009608899,0.03244643,0.95794463
81449c7b972d5419a242ea0b4033f363,3,neutral,neutral,0.10990706,0.77009827,0.1199947
b8b1e89bacfd9b4a8f46f4f47188c1c7,5,satisfied,satisfied,0.005075521,0.007381703,0.98754275
88959aaab2d967cedea251d64c9878ac,5,satisfied,satisfied,0.0051586367,0.010379477,0.9844619
d6236641b8a15c69031aaf92656305e9,5,satisfied,satisfied,0.0045308997,0.007962119,0.987507
9bb09435321e63dad6cb031109072709,3,neutral,satisfied,0.0069050333,0.0102574425,0.98283756
4fd24d345137f71607a428e41271e962,3,neutral,neutral,0.13183124,0.77647865,0.0916901
c4564c163ecf2caae01a62c749d1cc65,5,satisfied,satisfied,0.0044386173,0.010968927,0.9845925
a5063b3376969541317d1619899264c1,5,satisfied,satisfied,0.013591746,0.06309063,0.9233176
09536825d5d9e43fc42e2ebd58899490,5,satisfied,satisfied,0.004225265,0.0092082275,0.9865665
f1604279259c915ebdc0424e87859d03,5,satisfied,satisfied,0.0048178523,0.008538601,0.9866435
1f74eff551e1680f4c256d7970ca5ee1,5,satisfied,satisfied,0.060606983,0.32808688,0.61130613
d3cf54406f6c9c5f389d1c46ae426e0d,5,satisfied,satisfied,0.009909322,0.045645032,0.94444567
852e83af3c7696897dfe5ad633b38079,5,satisfied,satisfied,0.0045044296,0.01307646,0.98241913
831a9ed866d2fb9c297c399005bfee24,2,not satisfied,satisfied,0.057432067,0.6164218,0.32614622
f53f041a0971eff2d3540927a6374400,4,satisfied,satisfied,0.08342622,0.33790085,0.5786729
93161c3a300a9f41716f620e60779629,5,satisfied,satisfied,0.009976981,0.018494232,0.97152877
de483ebd0890c8ba9d519e0967a96ebb,3,neutral,not satisfied,0.7728492,0.21919885,0.007951882
8b19c3659e6583e8869d76a6336fa12f,3,neutral,neutral,0.36736673,0.5889147,0.043718588
d0c2aecff9724eabb099c25e5756734a,5,satisfied,satisfied,0.010051955,0.044104114,0.945844
fb73c23e49257f3094668bc92083d825,3,neutral,not satisfied,0.57716805,0.4116617,0.011170249
70dc6d8c8655a2ae230c1d5222001b63,5,satisfied,satisfied,0.010017938,0.053564176,0.9364178
fbd1915e48f3cb7f27c6e6399b0e7095,2,not satisfied,not satisfied,0.6387737,0.34821355,0.013012757
205c1799a7ec084d0bbfa2125de036f5,4,satisfied,neutral,0.15413444,0.6902352,0.15563037
5df915b9ec0cc81d776643f905943d3b,1,not satisfied,not satisfied,0.91983485,0.07653269,0.0036324163
2ec3ce26e1bc564315fba33bf3ccf039,5,satisfied,satisfied,0.003993906,0.008549684,0.9874564
422f42e704e288f79cd86d371166351c,5,satisfied,satisfied,0.014380519,0.119561926,0.8660575
7901fb36ad27e2ce120374e0d38d8e4c,5,satisfied,satisfied,0.0065098605,0.023351645,0.9701385
5ccaab9f93cb20db67f15dbafc2bad66,5,satisfied,satisfied,0.006795215,0.016242078,0.9769627
c8ad055564482832cf8446e123d9f9e3,4,satisfied,satisfied,0.023111893,0.2984858,0.6784023
1c339cf1641737e55587a4503efe8535,2,not satisfied,not satisfied,0.86060184,0.13384315,0.005555069
3820f1f8d52d4473d75d086b820ed888,5,satisfied,satisfied,0.0046955915,0.011121076,0.9841834
66b4f00866d115bb4b8d507b37f89f45,5,satisfied,satisfied,0.0043913876,0.007560395,0.9880482
8f6ea8e377aef7b290a86a8d00c87ff5,5,satisfied,satisfied,0.0051336037,0.008289481,0.9865769
82b9a61c64cfa468fd67bc7af6de7388,3,neutral,satisfied,0.057864778,0.70522374,0.23691154
28a3376db0e3fc5b0837898d76906329,5,satisfied,satisfied,0.005516946,0.014591597,0.9798915
cca1189bf2243f290802b34c80e18aaa,5,satisfied,satisfied,0.005059468,0.012282203,0.9826583
abd9c527bf6efed272f411a19a7b50b7,5,satisfied,satisfied,0.0039524785,0.0063510416,0.9896965
347efacb05448b1204de5c5b9f622e71,5,satisfied,satisfied,0.00411696,0.008664537,0.9872185
c8b3a3a39ced6c94efb725a21b5ca30f,5,satisfied,satisfied,0.010888295,0.04703875,0.942073
ef78ca0c8c4d4b80f0c071f2dadedea8,3,neutral,satisfied,0.09175892,0.682019,0.22622213
3cb0fb0078e9f07c97a9c6c3170068fb,1,not satisfied,not satisfied,0.9554868,0.040424485,0.0040887487
c8c29ffe22777efe3250a982c0f8cd4c,5,satisfied,satisfied,0.006816115,0.012534292,0.9806496
2031ac257827975419696fd7e30fad1e,5,satisfied,neutral,0.08846068,0.7874152,0.124124154
c74210a1ca3243c29065a6ad10b99f56,5,satisfied,satisfied,0.005164372,0.009583267,0.9852524
86d8ac723487670c0d10e71ef3c8a921,5,satisfied,satisfied,0.008582144,0.03709525,0.9543226
97df989145bcd0935b375cfe72cf9ed0,4,satisfied,satisfied,0.013593211,0.04607723,0.9403296
ffb55baacc5be55f8b8a4b283a4efe13,1,not satisfied,not satisfied,0.89376163,0.10164654,0.0045918664
076f56b0bb755dac075b00192608cbac,5,satisfied,satisfied,0.0068419003,0.048118748,0.9450394
bde4a996c33936d082f58c48d960d077,5,satisfied,satisfied,0.005457222,0.013479556,0.98106325
6a79cf5db81d67dc7f9cbb5e4eeabd9e,5,satisfied,satisfied,0.0043921033,0.0077661974,0.98784167
e45a8f22908e3cf8a5ffde29dd138019,5,satisfied,not satisfied,0.6701352,0.31728262,0.0125822
c3610f91d3d3fc02d79971ba8b737179,4,satisfied,neutral,0.16851915,0.7490149,0.08246597
0245952b9f1a7125dc4fb27ff56ccf9b,5,satisfied,satisfied,0.011260475,0.03963113,0.94910836
6fdbeef4e1411dd13ee1da0b12fd523f,5,satisfied,satisfied,0.00869085,0.021211363,0.9700978
91c2732fb56e7476991d92948e2f761b,5,satisfied,satisfied,0.0036134438,0.009410576,0.98697597
9462140213caed3c9ba5f54e486ce2fc,5,satisfied,satisfied,0.003758925,0.007896463,0.98834467
23db6285f1d41631ad1387fc89d10855,4,satisfied,satisfied,0.007401636,0.031057026,0.96154135
b8a82a14b4c2a8ea5411050c716a55d8,1,not satisfied,not satisfied,0.9168559,0.07884387,0.0043001845
6991ac60c61ccea2601008130355d73e,5,satisfied,satisfied,0.004576253,0.0074944934,0.9879292
b6b15c3acdc725db468de7a778f73042,5,satisfied,satisfied,0.010661936,0.06137181,0.92796624
3b2102cf7b2ebff161833523650134d8,5,satisfied,satisfied,0.0043848054,0.011826246,0.98378897
5045d8ee322929f5377f7193220c187f,5,satisfied,satisfied,0.0061824596,0.011181714,0.98263586
decf1c50bb3d3261362bdc99eacb8dda,5,satisfied,satisfied,0.00773768,0.029060144,0.96320224
1fc7073c0ac004fa764cebd48e91465e,5,satisfied,satisfied,0.0042324197,0.008689034,0.98707855
9e1b5f0dbecb65e4c8450e7c242b77e9,5,satisfied,satisfied,0.0061828066,0.023972431,0.96984476
9697084cc4bac51e5d4e24a1ff538976,3,neutral,neutral,0.14882356,0.7472981,0.10387835
e26a73ab78e0967ba7e26cec9e310e3e,5,satisfied,satisfied,0.004277454,0.014590514,0.98113203
881e89f8831497976462b5e0253dcb3d,5,satisfied,satisfied,0.0060525737,0.01982697,0.97412044
479acf09f7cd3dee80ddeac25d6fdfe8,1,not satisfied,not satisfied,0.95809877,0.038064405,0.0038367962
e8026b7a23705cf60ae248da8cfa912f,5,satisfied,satisfied,0.04568523,0.35030362,0.6040112
ab9976605da4e793024df53112a44d5b,1,not satisfied,not satisfied,0.92835146,0.067578994,0.0040695006
0129954102dc0a0f776cf1887cc64449,5,satisfied,satisfied,0.011365527,0.018162197,0.9704723
ffee702aead384bbae5561a7fc883b46,4,satisfied,satisfied,0.010346721,0.06308855,0.9265648
fa55e10054abcdc58f1c2d8c71c081e9,4,satisfied,satisfied,0.038198087,0.45154577,0.5102561
bf6d06b1352ea33e5ec41b8785454124,5,satisfied,satisfied,0.004827863,0.010217093,0.9849551
9ae8b0fc5f8e3b90701fb0b1c110a79a,5,satisfied,satisfied,0.0039651347,0.0066830087,0.9893519
4a21d347597074b8317b5fc4963c5552,3,neutral,neutral,0.07354812,0.85641,0.07004184
d62867bafbd79c5610a3cd2643b7d9ce,3,neutral,neutral,0.23527506,0.70848227,0.056242663
c0e202bdead41faede3ff65ac9d0d548,5,satisfied,satisfied,0.004087346,0.007101541,0.98881114
2230f8d77eadc9b305b0d719d05e77ba,5,satisfied,satisfied,0.0045802076,0.009452659,0.9859671
10f5574d30c5ca7fbff19ee2bd35b3b4,5,satisfied,satisfied,0.0053220466,0.012788446,0.9818895
0c2c8df27b5fe5fc305159b2b1cf0863,5,satisfied,satisfied,0.006271966,0.015081937,0.9786461
eb23e44288a8a2ca752f05bedaf71b0d,3,neutral,satisfied,0.042948313,0.69710237,0.25994927
cc746a181b68aee76382c0ce6e0ae87c,5,satisfied,satisfied,0.004319291,0.007951123,0.9877296
607daee14eb9bf7017685f087b8c9855,4,satisfied,satisfied,0.004819454,0.012762679,0.9824179
6a3b5e4d219c5b3487d1c0f015cf4622,5,satisfied,satisfied,0.0067463308,0.011304493,0.98194915
a30fa3a2431045b543fb39028d5cf15d,5,satisfied,satisfied,0.006383323,0.017863384,0.9757533
c6354c755e766baa89bfde519e9c4558,3,neutral,neutral,0.085758165,0.83846253,0.075779304
ada5b22d97ec6df5bfebf9bbba452d16,5,satisfied,satisfied,0.0051646233,0.012773847,0.98206156
a0e41a1ae4469c8d6d042abc0c5bb3d6,4,satisfied,satisfied,0.009749255,0.04436209,0.9458887
ddd5b452211dfa43802bee2216223fa4,4,satisfied,neutral,0.22270031,0.63689494,0.1404048
4fe2984b7b646786824288331eeedabd,5,satisfied,satisfied,0.0069160196,0.009128933,0.983955
c6235345e91b72c80f93bb08333a8822,1,not satisfied,not satisfied,0.9552294,0.04032041,0.0044501624
78307b95ba0b2ad49156f24ef5e150bf,5,satisfied,satisfied,0.003653332,0.009368249,0.9869784
209392e1ac3c535e79c16ed5e4178c16,5,satisfied,satisfied,0.0043650707,0.0075413245,0.98809355
6e8b989bd836d87afe7459a7c7c1f1d5,5,satisfied,satisfied,0.020331744,0.14115888,0.8385094
c0490ba2fb8eebf09571f8308e687aac,5,satisfied,satisfied,0.008546804,0.016160907,0.97529227
c3fec7a41b547c99b5f237c5be8b0c5f,5,satisfied,satisfied,0.003873238,0.0066432264,0.98948354
01927bbc47bd4219c35b63f2038d88f8,5,satisfied,satisfied,0.004859584,0.0073879235,0.98775256
fcd1c903ee5437df08725e7768c1ed47,3,neutral,neutral,0.069644935,0.80668956,0.1236655
ce6094180918fa123191f219de69e6d5,5,satisfied,satisfied,0.003583821,0.0069036293,0.9895125
1f529fd5ca68389a83bf406435603789,3,neutral,neutral,0.27777663,0.6766297,0.045593645
8ef446c3cdf7fa6ff28cb11b20dde5db,4,satisfied,satisfied,0.018637,0.13881353,0.8425495
9c2e01f6bfbcc1f74d3f2496d5d18558,3,neutral,not satisfied,0.8768113,0.11836513,0.004823573
a12004ce011746f25f84c5aacf44324a,4,satisfied,neutral,0.066230096,0.8067198,0.12705007
65eb7ad4bc07286738c7478fb6683d65,5,satisfied,satisfied,0.0048372247,0.011668478,0.9834942
16bda52d72537e8326de6944242d6127,5,satisfied,neutral,0.10164861,0.74017596,0.15817545
8b4b8584cdb54eb1b7e3acc66d9e7aa3,5,satisfied,satisfied,0.004099257,0.007312993,0.98858774
f1aa30841533b84904ced047e309ae5b,5,satisfied,satisfied,0.09258765,0.6147965,0.2926158
81b0c89e9abfa83e5ccd02afca30cd87,4,satisfied,satisfied,0.051262632,0.6982577,0.25047976
befce1a78338ebd6964359f588f3553b,5,satisfied,satisfied,0.0048754825,0.01464147,0.98048306
e2fe179c4491296e5b8e6ce9d8db5282,3,neutral,neutral,0.2234056,0.75080365,0.025790766
0d2e1842095a87ac5dcc2dd999ca4522,5,satisfied,satisfied,0.0066157016,0.015392732,0.9779915
53ff39c8d12a300ee7300e112fbd28d4,5,satisfied,satisfied,0.004699034,0.007293908,0.98800707
fe32d59df48c798ad8a5b8a02ba955bc,4,satisfied,satisfied,0.0088503,0.025451638,0.9656981
623d8edebd1c3ab572c63196e9819b05,5,satisfied,satisfied,0.0053595803,0.013622993,0.98101735
3fb4a28d8a9272d1bf0ce5fefb6fadb2,5,satisfied,satisfied,0.004290004,0.009004856,0.9867051
2d44a06b69a073a0f779a182385c8e3d,4,satisfied,satisfied,0.0077483887,0.015240888,0.9770107
46bb95bc54ece8ab6a08f0216a08dc04,5,satisfied,satisfied,0.005065413,0.02089615,0.9740384
4ad2e2fa0db06c9a565cddedfa81b0d9,4,satisfied,satisfied,0.01107027,0.07440515,0.91452456
3670c70320dfa804d610fc79bd23de8d,5,satisfied,satisfied,0.0041945814,0.007729454,0.988076
92aecf5bc20ba4119e0faafdd2db491d,4,satisfied,neutral,0.10772507,0.740703,0.15157196
fa7d912ad949bf334483660e45a8ce13,5,satisfied,satisfied,0.0044178874,0.008347075,0.987235
fe3791fc05e291233a2e78587bf636c6,3,neutral,neutral,0.15515456,0.77228385,0.07256164
1226120a2913e0a1e373bce4435dd10b,5,satisfied,satisfied,0.004916871,0.012118132,0.98296505
142bfafcb993fd98f356b92a417c410e,2,not satisfied,not satisfied,0.93814594,0.05809749,0.0037565276
f2b56167a6e15dcc51b266a0bea1b1b7,5,satisfied,satisfied,0.023337562,0.12508959,0.8515728
49a8ca237c46cee12c6e29097248580c,1,not satisfied,not satisfied,0.9486007,0.04767015,0.0037290815
b77d4be9b3e8c5c5a23e3f302d6750c3,3,neutral,satisfied,0.011246777,0.07136928,0.9173839
4a4c0562bda9715e92d6762dd7dd7b2e,5,satisfied,satisfied,0.008404654,0.029824926,0.9617705
729d9b9e27e5ad0cbe801c69b239eee3,5,satisfied,satisfied,0.0045332317,0.008018152,0.98744863
473db918e5e76744683712e3b4d32b32,5,satisfied,satisfied,0.003607816,0.008112122,0.98828006
4dca4c779009ea00ca2e7cae71ae7a77,5,satisfied,satisfied,0.054827116,0.59407526,0.35109764
5c4fb8441332a34de56c343c8dc703c6,5,satisfied,satisfied,0.0053813197,0.010360792,0.98425794
3b0bd81a71c19441d547e23e837d891d,5,satisfied,satisfied,0.0043464024,0.0077576116,0.98789597
b32311eab4bc94bf56a47c5c6fcf14ac,5,satisfied,satisfied,0.010511693,0.02259978,0.96688855
fd821660b463151efa97092ba1020a6a,5,satisfied,satisfied,0.029698169,0.19634236,0.7739595
2e85a282e649a45f96c2a4e71c5c4abd,4,satisfied,satisfied,0.112289175,0.6685126,0.21919832
34a756c7662f224337a783eb12230bec,5,satisfied,satisfied,0.005832813,0.009068912,0.98509824
988195154c8b3b1d419f07060c25ff63,5,satisfied,satisfied,0.017733846,0.098540485,0.8837256
a0b8c6deb60a56da1cba17202e08fa8c,5,satisfied,satisfied,0.009486715,0.026745135,0.9637681
abb21020b5ce033dfef8dd56be11d244,3,neutral,satisfied,0.028676381,0.2206259,0.75069773
db6ba5d2841561d4492ded1bd1b5e2f9,4,satisfied,satisfied,0.036328916,0.40644756,0.55722344
6163fc0c1ca7ab6263f4d70e97472cb6,5,satisfied,satisfied,0.0051763845,0.014073583,0.98075
30c4e90c9defe072ad3cf40930d1b948,4,satisfied,satisfied,0.014068042,0.08470278,0.9012292
120e6e9ca0f3b02cb89f95a952861af5,5,satisfied,satisfied,0.020439122,0.09954044,0.88002044
26b26759f822a1f9c6aa4aa21da5ed80,5,satisfied,satisfied,0.0055829925,0.010190158,0.9842269
938d19ab3a25a1ec64381d8d4d1cdd26,5,satisfied,satisfied,0.004327638,0.008758784,0.9869136
6409cf9ab4f30da7f33c06f380b103d6,5,satisfied,satisfied,0.00595694,0.014338252,0.97970486
761ebc8f7f7c1e08745141d8adabb687,5,satisfied,satisfied,0.0074380413,0.013201808,0.9793602
be8bd55a5d1911c65825443e45adbe5d,4,satisfied,neutral,0.39720848,0.5676963,0.0350953
f45477bb3017f00cfa135b1c3018d6ed,2,not satisfied,not satisfied,0.5720634,0.4155976,0.012339073
7cfb3c084b3ec65a6be7deb24862eaa3,5,satisfied,satisfied,0.004781925,0.0119371265,0.98328096
21effd3e0d419b853c0f466da0b92717,5,satisfied,satisfied,0.0036056826,0.006376918,0.9900175
30572ab786fcda8c02daf269c998ec65,4,satisfied,neutral,0.08190638,0.7172708,0.2008228
03ba1949dd1dc45c20c3a27a49bf13d9,5,satisfied,satisfied,0.004991794,0.008878338,0.9861298
59c4eef48980364780158bda6136df51,5,satisfied,satisfied,0.004625432,0.00907571,0.98629886
a1ab7c02dea94a9b93156ff08efdd495,5,satisfied,satisfied,0.05018718,0.5638829,0.38593
8cb0c4840f38684158d700f373341ff2,4,satisfied,satisfied,0.0044060596,0.011445623,0.9841484
d61a4c8031151e93b065401150f174cd,3,neutral,neutral,0.06470882,0.8412072,0.09408405
b6071bf7a864460226c0d9c1c85bd4eb,5,satisfied,satisfied,0.011248762,0.020091284,0.96866
d7d602306b5fabbd0d7ac80fa12f8382,5,satisfied,satisfied,0.009833293,0.024166197,0.9660005
eebf5a6b1524019377e412ed7b6c44a0,5,satisfied,satisfied,0.0045583337,0.015356102,0.98008555
ca0a97f5227f04662aac10fdefc9b484,5,satisfied,satisfied,0.0047232886,0.0069409106,0.98833585
2e07ddc4efaafaf9031f387be91777b2,5,satisfied,satisfied,0.004173534,0.009410515,0.98641586
855105e576f36f114788c144d3b79595,5,satisfied,satisfied,0.004892815,0.015267492,0.9798396
5f41144fd33d21d4f550a1550bf959f4,5,satisfied,satisfied,0.00679864,0.017275268,0.9759261
2555cacea3b8fb49bf979612ad3294ba,5,satisfied,satisfied,0.0041468674,0.0089897355,0.9868634
e79bdd77b41687f39e02ccbb839582aa,5,satisfied,satisfied,0.004986608,0.007815128,0.9871983
6ddf7b6730196bdfbd939b8b432f4507,5,satisfied,satisfied,0.0059039975,0.009340158,0.9847558
d6fc1a2a2b48d078006be0c9f6dccfdd,1,not satisfied,not satisfied,0.9538297,0.042259272,0.0039109713
d4bcc65bb248baec4acb256a464a477a,5,satisfied,satisfied,0.0043682223,0.0074358135,0.988196
12543bae4fcb2678cac067865b9a7e7a,5,satisfied,satisfied,0.016504074,0.08962885,0.8938671
f9cab0094f50c560b19a27ef7c4b6aed,5,satisfied,satisfied,0.005078631,0.014211833,0.98070955
11614023d875cea934bdfcf5a6b4985b,5,satisfied,satisfied,0.0074375886,0.009797349,0.982765
2a8f9f4c00ce4cfd9223eea898e2b586,5,satisfied,satisfied,0.0041335938,0.00719225,0.9886742
2df0e766bb9e91338059dd63dd9477e0,5,satisfied,satisfied,0.0060229246,0.018974345,0.97500277
8eef6df630b32ad10f5a85aa17d4a244,4,satisfied,neutral,0.33531833,0.6216445,0.043037087
287013dd97393cbc7aa8a0dc6160c09d,5,satisfied,satisfied,0.0073141316,0.021226216,0.97145957
29f2ea0e9d06c684ff5efed3f484e4d9,3,neutral,satisfied,0.08984291,0.6587905,0.2513665
d2b165a983ed932a55410e4ba4def763,4,satisfied,satisfied,0.0049204933,0.0144274,0.9806521
1f2ef770e5657e26a5e6e14456f128ab,4,satisfied,satisfied,0.015957559,0.10932335,0.874719
43211f491c502de6aa29e8c80bf7a82a,5,satisfied,satisfied,0.013283504,0.09802929,0.8886872
14742e37f083682d1fe2b831025838d6,5,satisfied,satisfied,0.0043628546,0.010337809,0.98529935
6311e38b5d916545e4a8016c1f15d0ef,5,satisfied,satisfied,0.021758303,0.06561587,0.9126258
572e29e4fd194a8bf03b861fa82a7970,4,satisfied,satisfied,0.005042659,0.016655868,0.9783014
622d64924b4e5a7b98fba36c264a63bf,5,satisfied,satisfied,0.0048178127,0.011093557,0.98408866
81bf4d4ba8f48ddafc5e925a922be4dc,5,satisfied,satisfied,0.0037863343,0.008258994,0.98795474
e24c1d37ce8d80e3ba3fbe89ca095c31,5,satisfied,satisfied,0.0044383714,0.009971324,0.9855903
afaab0c3dfcc8b15c59c3d97cb7e849b,5,satisfied,satisfied,0.0072513917,0.014023508,0.97872514
40dc0115de1542e31f1ec97eb9547a8d,5,satisfied,satisfied,0.0040872335,0.00773317,0.98817956
cb734c7ce352a710d8615e8cea6eafc7,5,satisfied,satisfied,0.0062139337,0.013896217,0.97988987
1ea180e46383c9b6643dbe9c5add263b,5,satisfied,satisfied,0.0070874346,0.01099784,0.9819147
1d6b9306cd7211fa60e151d074205932,2,not satisfied,not satisfied,0.5386504,0.44871527,0.012634332
729e26673826b8580f4feabc7ace305d,2,not satisfied,not satisfied,0.85165113,0.14318901,0.0051598162
a1b295e635ac2d4fdf8286fbfae65c11,4,satisfied,neutral,0.08272232,0.72217286,0.19510484
f958d9decd48ffd835a862d9cbb6bd7a,5,satisfied,satisfied,0.012178927,0.0772833,0.9105378
673d94bce6cfbf7c618368d73f7079e1,5,satisfied,satisfied,0.0044797733,0.010367973,0.98515224
0934faca05f279180600bd6a43b281c9,5,satisfied,satisfied,0.006936402,0.03163897,0.96142465
1396d1028e691a88cbd337dbd1cdf2de,2,not satisfied,not satisfied,0.696413,0.29637003,0.007217019
85975e8328d346b467f8819fa341c912,4,satisfied,satisfied,0.03901017,0.49228314,0.4687067
7d5a11ab6660a0fe60ece6c6d53dd799,5,satisfied,satisfied,0.007952655,0.018792892,0.9732545
3a50c3e9261dbcb19ec55340e2597b8d,5,satisfied,satisfied,0.0042155087,0.011023576,0.9847609
ad79dc44295c8db39f80a7015af46795,5,satisfied,satisfied,0.004631564,0.008663957,0.98670447
5cfb70df590b4deea370da74fdf35844,5,satisfied,satisfied,0.005383717,0.012940491,0.9816758
390df901a75f898c02d353ad3ee6815d,4,satisfied,satisfied,0.020799728,0.21036875,0.76883155
1978a90abd01eb78990d55f3f98772a5,4,satisfied,satisfied,0.018204266,0.17252302,0.80927265
02378dce87d1f66e3929f55c2408db04,5,satisfied,satisfied,0.006174542,0.015816124,0.97800934
0bd85917542934c39af3a870d32a3566,5,satisfied,satisfied,0.004171042,0.008547687,0.98728126
1b9b2673e5df34596a1a825557f9ef24,3,neutral,not satisfied,0.69133985,0.3003755,0.008284661
0d420d5f4edfd2e5adb775b08de7b5dd,1,not satisfied,not satisfied,0.9262274,0.06994613,0.0038265386
45b4734eae9d2ee1fc140202203e2063,5,satisfied,satisfied,0.005297445,0.012096341,0.9826063
3a6f40a8c06a31ae88849eb79b28cf4e,5,satisfied,satisfied,0.0049400013,0.011783097,0.98327696
142f9088a4e7c610c6393819c968d2f4,5,satisfied,satisfied,0.004807098,0.009685313,0.9855076
af86102e811f41c0420857433b3aa5f8,5,satisfied,satisfied,0.006122272,0.022695573,0.9711821
2bf2c2957c1d911a24d6372d44db605d,4,satisfied,neutral,0.091671064,0.800017,0.108311936
05d721fb2f47bf6c30b0de1d7de3bb32,3,neutral,neutral,0.0852152,0.8203895,0.094395384
aebc8bf45f9e01eb94e72d35381b8b08,1,not satisfied,not satisfied,0.9463968,0.049522284,0.004080908
2e2303e6b925b2518dbbc2e4b5497730,5,satisfied,satisfied,0.004519581,0.010065898,0.9854145
d61123f55c4bf02636db73d7fa5af06e,5,satisfied,satisfied,0.004264988,0.0080346195,0.98770046
2f5bb9d050a588fa9cf8b750d76eebd6,3,neutral,neutral,0.2855349,0.6735807,0.040884394
54caa74cdbe4edc458ded4df7ff4ab4e,5,satisfied,satisfied,0.0037830286,0.0071455324,0.9890715
68c85c753ad3b18cb7086cff1ca1d989,5,satisfied,satisfied,0.022542074,0.2643084,0.7131495
ebb560add19db59876b008c0ca4894de,5,satisfied,satisfied,0.007317656,0.03703863,0.9556437
02229106402c4821c8b4888a64d7b84e,4,satisfied,not satisfied,0.5192949,0.46339214,0.017312858
7ebe3eee158fef85d8a4bf02d070c12e,5,satisfied,satisfied,0.0060200226,0.016826363,0.97715366
aa25ec1826fc97a72e7b3c1ce8b51ba4,5,satisfied,satisfied,0.005273883,0.016320007,0.9784061
a09342790535559ce5bfc31a253fe7e8,5,satisfied,neutral,0.38434213,0.5030572,0.11260069
b1001d92d887a215db3fb5c77c1f8236,2,not satisfied,not satisfied,0.92025495,0.0761468,0.0035983026
795cb5798736b66c2a8c70990b2cbfa8,2,not satisfied,not satisfied,0.9117208,0.08398747,0.004291797
b93ec246eb72ade3a81ef49ba4cd4f45,5,satisfied,satisfied,0.012139435,0.047652733,0.9402079
85003a7d2a7f2a6c9b982301f9aac6dd,5,satisfied,satisfied,0.005363663,0.015379578,0.97925675
fc8305c575e4c421cd8765f4610054f4,5,satisfied,satisfied,0.004994416,0.0075078383,0.9874978
6942ada146fbb465df6c42e63fdfc71c,5,satisfied,not satisfied,0.59271353,0.39464632,0.012640124
87a8542f8e372ff4437954a1dd0eee2a,3,neutral,satisfied,0.024162544,0.18045445,0.7953829
6e2e399224bf8f12df1abb07010012d0,4,satisfied,satisfied,0.004905968,0.015239847,0.97985417
36fb9700b813e6cf2439f86b9f23f41e,5,satisfied,satisfied,0.0073043257,0.013775372,0.97892034
ee53a40120112b103e7a042dd991256d,5,satisfied,satisfied,0.029177234,0.10828903,0.86253375
8599c364bbe32f07c2d886099af5d3fd,3,neutral,satisfied,0.056197368,0.65272754,0.29107517
ff3412c89788e38ae358edff11ef8d00,5,satisfied,satisfied,0.0054303845,0.012370164,0.98219943
94e5e857d034efbe6a3b261f2ddc11ac,5,satisfied,satisfied,0.0080221305,0.01484114,0.9771367
68d739994042fac008a958a4087aa6fd,5,satisfied,satisfied,0.0047223456,0.009458275,0.98581934
fbc903d6bf30cd0d4a98817bee41af30,3,neutral,neutral,0.13379198,0.8013779,0.06483019
b554bd7765811be7da847a74418e6038,5,satisfied,satisfied,0.0088213,0.024455417,0.9667233
021b37dfe6092ef576933667da002251,5,satisfied,satisfied,0.004381053,0.011691301,0.98392767
fc0d6e386851c2017ad1759929f2aab5,5,satisfied,satisfied,0.015352311,0.05256299,0.93208474
e7fc9a70f14f6e67ff12a095bb8e41df,2,not satisfied,not satisfied,0.8430861,0.15133056,0.0055834064
920e07b224ea6ac2eedadf68e6f8bc58,5,satisfied,satisfied,0.0046808375,0.01111498,0.9842041
692e65ba51846889d419e34b319d326f,5,satisfied,satisfied,0.00399074,0.008548677,0.98746055
9c0d4a3ec01c00832665d66945435a9e,5,satisfied,satisfied,0.008210579,0.01662973,0.97515965
fa4159745a4fc1c12d38248b273c2929,5,satisfied,satisfied,0.009017704,0.04392563,0.9470566
bed74c205a5cebc39692bf14e0148ed2,5,satisfied,satisfied,0.0034900333,0.005835035,0.9906749
8abd4ddfc6c70e03ea5d07d909365ef4,5,satisfied,satisfied,0.0049089887,0.009594789,0.9854962
3783fdeb643d858850e6d0f2b2784eeb,4,satisfied,satisfied,0.006012529,0.017043509,0.9769439
e5670334485e75cce25fba4a6ec6785e,5,satisfied,satisfied,0.0057729036,0.012464234,0.9817629
d3cee1c5fb28b12f42d77b7f5b9f23d7,1,not satisfied,not satisfied,0.90110487,0.09341624,0.0054788785
be81476943d1810d83ccf568254a7a97,5,satisfied,satisfied,0.0048125978,0.008706016,0.9864814
ce488ef9e8ceb53294814d3e1e9d7cf4,4,satisfied,satisfied,0.006222099,0.010920743,0.9828571
b6b04983c1702a8bcdb3fe186de1ea6f,3,neutral,neutral,0.068399355,0.7299108,0.20168982
7cc99dbb254b9ff2d0bee622be6266bc,5,satisfied,satisfied,0.011483009,0.04557985,0.9429371
25be74168e0c9a5410c08cc9c80e6300,5,satisfied,neutral,0.18282923,0.6390432,0.17812754
9c352cc846819fbc0022c781c489deb8,5,satisfied,satisfied,0.004599077,0.0099903885,0.9854106
c38ac26bfd64ded132b902f56b6b0bd9,5,satisfied,satisfied,0.00391747,0.008737465,0.98734504
4de87d5ce3b45c0959d089ac2c4c9c5b,5,satisfied,satisfied,0.014590383,0.0503994,0.93501025
3bb3b3abe477c1ce58a5c50882165a1a,5,satisfied,satisfied,0.0065074423,0.012495356,0.9809972
ca8ea0084111e9f1b42164c2a4293549,5,satisfied,satisfied,0.0039545917,0.0072525996,0.98879284
aefb220371676bcba389ccea32ef07e4,1,not satisfied,not satisfied,0.4909196,0.47576496,0.033315495
270c097401a56a43adcbd9eed3cffc4d,5,satisfied,satisfied,0.0047868043,0.014365145,0.9808481
ca39ac26be3702e82289f0d7cc854911,2,not satisfied,not satisfied,0.56832176,0.41931567,0.012362618
721d44e41d1823fd7ffe3722454591b4,4,satisfied,satisfied,0.016962586,0.058783032,0.9242544
735613e7f72e7d1d5866081284578092,5,satisfied,satisfied,0.005653603,0.011961163,0.9823852
0cd0ea577bbdce4f9f4bf7affd01b931,5,satisfied,satisfied,0.0050311685,0.011513312,0.98345554
321d4effc815fbb1c108e1ee5dde718f,5,satisfied,satisfied,0.011329433,0.060037155,0.92863345
d44600176dcb0d76a2c003ce6915f685,5,satisfied,satisfied,0.00855269,0.057888933,0.93355834
7dc521c778a253168dba3598d0c2f353,5,satisfied,satisfied,0.0077313744,0.012459976,0.9798086
5b225aea3be22651b0892dbb69563c0d,5,satisfied,satisfied,0.0051187626,0.013226263,0.981655
9ea77a45b86a8d1113cd84629bffc374,5,satisfied,satisfied,0.004173986,0.0066358033,0.9891902
6a04aeb46c9b50b20324852a7e337102,5,satisfied,satisfied,0.0037107693,0.006082754,0.9902064
52937158e003f71e904c5546f8726224,5,satisfied,satisfied,0.0038677328,0.007002484,0.9891298
13129748bd0b7eed0d5342cf2a53e15b,5,satisfied,neutral,0.13920054,0.7019772,0.1588222
4825891945378efca149a34c89f8f8cb,4,satisfied,satisfied,0.013745684,0.07952993,0.9067244
eaaeb018c4d7c59c74ff1f5c198d12b4,5,satisfied,satisfied,0.008744839,0.03754428,0.95371085
08b51a7e79727035ed1d5fb66880a81d,1,not satisfied,not satisfied,0.78000253,0.21162365,0.008373785
2acf4c3257d607a2bc0dc12b0f29b977,4,satisfied,satisfied,0.004729975,0.009814209,0.9854558
a095de53509f7c0ce3c18a094a91511a,3,neutral,neutral,0.34783986,0.63464636,0.017513778
70807f99782f32f31fd10cef44fcc425,4,satisfied,neutral,0.08950533,0.73020154,0.18029308
a3a325e52e8b951cdd08e0692b120bf1,5,satisfied,satisfied,0.059117645,0.5687637,0.37211874
af96a1805b8a3ec4da538f5eae3dbea1,5,satisfied,satisfied,0.0047282507,0.016670266,0.97860146
26ebb078c8284aad7244abc7ff349cdf,5,satisfied,not satisfied,0.6872076,0.2862661,0.026526382
55a6847f5ea04350d2f9226742c3d53b,1,not satisfied,not satisfied,0.75193465,0.2393186,0.008746768
56db841c11da7f5327e9197633b8e8fb,5,satisfied,satisfied,0.01132599,0.06342384,0.92525023
93fe3f39e0961352a78785f0856d77c0,5,satisfied,neutral,0.052136548,0.8084518,0.1394117
a9447aaa96747e29121c0abccd059c35,5,satisfied,satisfied,0.0050910525,0.012238877,0.98267007
74b043664f6a187a283fa553ec4e1c67,4,satisfied,satisfied,0.012710403,0.09197706,0.8953126
dbeb341ce428f9e02e7e2500fea47dbd,5,satisfied,satisfied,0.0077103116,0.029249446,0.96304023
7a1560050b8b44e1ce0c68e6748035e5,5,satisfied,satisfied,0.007762645,0.016522693,0.9757146
5c036a79a8cd7cd07681e0ef3770095e,1,not satisfied,not satisfied,0.9542963,0.041652016,0.0040516686
526bc129b431e23e28f0795a372ab239,5,satisfied,satisfied,0.007527891,0.017854273,0.97461784
72528adf01242d5caae9b46a2700253e,1,not satisfied,not satisfied,0.92686284,0.069026046,0.004111168
4bdb96d9c4c5fcf67f759a5fb9a0134b,5,satisfied,satisfied,0.004243448,0.009161985,0.98659456
86ce201723ae067b01c0f86458762569,5,satisfied,satisfied,0.0058670696,0.014636891,0.97949606
fde532c2129ec36afe6b64ae1e4fb5ae,5,satisfied,satisfied,0.009846665,0.027791904,0.9623614
39eac7255129ce977053d38ac19b0421,3,neutral,neutral,0.1569173,0.8069922,0.03609043
564637b6ead95253e54b0b932f171c00,5,satisfied,satisfied,0.004398611,0.0082687745,0.98733264
aa60e8451d6ef1291cd8f7f8e6c834bc,5,satisfied,satisfied,0.0038444025,0.00692036,0.9892352
d0a0b0d7681abfca6e99989de8826a6d,4,satisfied,satisfied,0.009776239,0.057958025,0.9322657
d75fbd613d5625a5c8577747154e80aa,4,satisfied,satisfied,0.06444517,0.65764624,0.27790865
e3207f9ce0bd7b7ce9644719d0f3e47f,4,satisfied,neutral,0.07581953,0.7537111,0.17046928
d11e0a87a926b26f2cf968bb6449126b,4,satisfied,satisfied,0.024435975,0.26954752,0.7060165
5583af4cda5ef2083b2b7843d943500e,5,satisfied,satisfied,0.0061511532,0.012414259,0.9814346
40be501da50dea65a9e3407176c82931,5,satisfied,not satisfied,0.68977207,0.26995513,0.040272743
9dff38f4e17b95304b5eed1c47a0e4ed,5,satisfied,satisfied,0.024744168,0.07476543,0.90049034
8211181b373ccdd731ee843f2bf222b1,5,satisfied,satisfied,0.0056457072,0.020194791,0.9741595
971c30fe74528814092705bc67102175,5,satisfied,satisfied,0.008109614,0.014183982,0.97770643
d1a1acd0b437d9488f232eab6eb59986,5,satisfied,satisfied,0.0046605924,0.014980851,0.9803586
1f72bcfdc3bf06e6989e29029613ecba,1,not satisfied,not satisfied,0.88143647,0.11312602,0.0054375757
943bcf4670745af96f33d01b1b3a74ab,5,satisfied,satisfied,0.006883299,0.015813472,0.9773032
84da4908ba0547598fd95b7613349897,5,satisfied,satisfied,0.0038635498,0.009148621,0.9869878
a7e78baae3d30b7ed7520470cfccf14b,5,satisfied,satisfied,0.0035861016,0.007339098,0.98907477
c00890ab26701d716c9ba7308bdc1e87,5,satisfied,satisfied,0.06508755,0.21494545,0.71996695
1244111ffa93cb3d7319e2ff6d1c419c,4,satisfied,satisfied,0.017486462,0.04839589,0.9341176
c106086907939b6df8a55b93bca96b58,4,satisfied,satisfied,0.0042530294,0.009497691,0.98624927
eb32271eda82d0e7fe7ab028e7092e3d,5,satisfied,satisfied,0.005102947,0.00863268,0.9862644
41f62dd1ec86128d129409ef49b8af92,5,satisfied,satisfied,0.0047763814,0.010314554,0.984909
ee51c9f95b228d5524c3aa2152989c26,3,neutral,satisfied,0.024273774,0.20770177,0.76802444
8f19366c9ce23ac778ab4e702b75fd5d,5,satisfied,satisfied,0.0039335177,0.008017208,0.9880492
fe449452602e6cba73a0d4ce85cb8192,5,satisfied,satisfied,0.008626927,0.04241966,0.94895345
c1e07387744d8c90607fb9bd74cb2390,5,satisfied,satisfied,0.027462173,0.0817832,0.89075464
03a758c0ae2c2c9632cd9de88b1d0101,4,satisfied,neutral,0.08390333,0.8334687,0.082628
c6bae23babd42ac4e22c2293cfe114a6,5,satisfied,satisfied,0.0066213203,0.022619735,0.970759
05a3a7d2196591fed370cfbfddee5a44,5,satisfied,satisfied,0.012493797,0.04656886,0.94093734
9b544d6c37d09c0f612e7a46f3b96925,5,satisfied,satisfied,0.0045869756,0.008122692,0.9872903
22a898695255efea971ceb06c053b54a,5,satisfied,satisfied,0.005193651,0.011753861,0.9830525
a4375c6b2254309a1fc77c1e7c39026f,5,satisfied,satisfied,0.036446594,0.17669317,0.7868603
03bcaf2275b0c6c61116bb75aab77a03,4,satisfied,not satisfied,0.8620698,0.13234727,0.005582878
b4f0424aec9d3ca767871e6a4b526bb0,5,satisfied,satisfied,0.005789812,0.0106505165,0.9835596
b0b9df932e1d54e0b446da773b957e5b,5,satisfied,satisfied,0.0041534016,0.008889092,0.98695755
3188af0507696344d6ac6d861b255ee7,4,satisfied,satisfied,0.02382013,0.30142188,0.67475796
91208f66e9a98f0f5b1be885def9d2a5,5,satisfied,satisfied,0.009610894,0.019660663,0.97072846
f79b8f700ec81a1c005c3f25a77330c9,2,not satisfied,neutral,0.31214103,0.66908664,0.018772328
dce39f75eae68419b502f06af9b225ac,4,satisfied,satisfied,0.0070027993,0.028888203,0.96410894
4993b3dda986eb7ded63ae71cf4f794e,1,not satisfied,not satisfied,0.84790164,0.14657998,0.0055183508
43bcca07733be0b868086f643fac2a6b,4,satisfied,satisfied,0.0070889452,0.027763093,0.96514803
38ec73b8c1ac25b22944b3d94c071b52,1,not satisfied,not satisfied,0.8454734,0.14937001,0.005156506
65cc2da20c654ee4592228a7ac11b553,5,satisfied,satisfied,0.008976164,0.023058688,0.9679652
0644bf2db8595330eef6fa438d0c24aa,1,not satisfied,not satisfied,0.89116186,0.10415784,0.00468029
7e492099b0fa29a1540896972ab7e8b0,3,neutral,neutral,0.06103796,0.75922084,0.17974114
c01db8030da15498a77c298255e9e490,5,satisfied,satisfied,0.019271342,0.058593452,0.92213523
f50612aa43f8c09c4e50c6ce39ad92d4,5,satisfied,satisfied,0.038293872,0.16628017,0.79542595
b43bd1a4c708a2092ddaf7c160400c82,5,satisfied,satisfied,0.0060249455,0.01408229,0.97989273
7dd08b3bedadf965cd60385305046058,3,neutral,neutral,0.12050459,0.8098912,0.06960422
13e4ca4f3cd4127be1dcb9e937cf6a44,1,not satisfied,not satisfied,0.9597347,0.035065524,0.005199825
eea2085ae861ed8662292e8c85ab1a15,5,satisfied,satisfied,0.0035847588,0.007247157,0.98916805
4642e16fff9189bf4353d8a5f3a27613,5,satisfied,satisfied,0.0049219993,0.014534578,0.98054343
070136f0d3fe1a3d0fec5225b33adab4,5,satisfied,satisfied,0.0032967816,0.007887467,0.9888158
5b579c9f93e5b4c7d6d364a2429fc95b,5,satisfied,satisfied,0.004142873,0.009839835,0.9860173
e96c0042768de2742ae62fcaefe9a441,5,satisfied,satisfied,0.006680794,0.009471506,0.9838477
f24b8a271289b4f2c20103064cf39e95,1,not satisfied,not satisfied,0.8953663,0.100454465,0.0041792397
04daf494c87d88bb909d1b5140d3b67c,5,satisfied,satisfied,0.006106681,0.015853353,0.97804
434ef85696df3dc424c36ce750e3e596,5,satisfied,satisfied,0.0058095497,0.008857737,0.98533267
359e7210f07797d065b676df967e09b9,5,satisfied,satisfied,0.0063350634,0.021395955,0.97226894
225e7de6372c97d6a516d58c1f5d070f,2,not satisfied,not satisfied,0.853991,0.14083908,0.005170044
55a2dc5492a9ec0454d6d15b2def820c,5,satisfied,satisfied,0.0057766624,0.011964125,0.9822593
36ccf1c4e22f2866390b383ec04fd511,2,not satisfied,not satisfied,0.81268376,0.17965348,0.007662788
c3b8bae710ee9ae735877e746f01abd2,5,satisfied,satisfied,0.0040045925,0.008441124,0.98755425
fe2978640dc42641035551342283a175,5,satisfied,satisfied,0.005064951,0.011154731,0.9837803
b06fe92ec21c7ce9e57b2eebd365620a,4,satisfied,satisfied,0.006759616,0.012829247,0.9804112
815e61578216e361a6a44a8044823551,5,satisfied,satisfied,0.005250549,0.011810446,0.982939
ef9f5cff65f10fe29e283162f243f66f,4,satisfied,satisfied,0.07578316,0.59280276,0.33141407
39a63bcbd421194116cdeabb6a96aff1,3,neutral,neutral,0.1816169,0.69668895,0.121694125
c6d61be5d95129c2cd2814e61e0d2bb4,5,satisfied,satisfied,0.0051044463,0.014548337,0.9803473
8e0d94ed3776b0ada166db980571d450,3,neutral,satisfied,0.2185329,0.4752834,0.30618364
20733bbbb2cb7a0c86c20d1b9ac3f210,5,satisfied,satisfied,0.013163884,0.061221704,0.92561436
83b2adcc6c476d456f68d950d255882e,5,satisfied,satisfied,0.0045981114,0.007241116,0.9881607
6a37016708c1463414fa5035daf88097,4,satisfied,satisfied,0.073702075,0.5734969,0.35280102
91432e24fd941cec0b1c50db968b75d8,5,satisfied,satisfied,0.006272981,0.023276577,0.97045046
63631595cc9e9541ca3ed7be5d233884,3,neutral,satisfied,0.072821595,0.58541274,0.34176567
8d84f6d31c22502dcacdb0129c37a9f8,5,satisfied,satisfied,0.0048370515,0.021697756,0.97346526
3d938b2bc3733efa2d37023bf3d8df90,4,satisfied,satisfied,0.005404371,0.016231153,0.9783645
345216b462f452b06450802b9bb7e8d2,3,neutral,not satisfied,0.5052429,0.47645593,0.018301275
d88d769e1f97fa306e339c54058f3097,5,satisfied,satisfied,0.0043886635,0.009925163,0.9856861
6ffcbbf7db2b49cf8acfc45577ca45ee,5,satisfied,satisfied,0.0084608905,0.026877554,0.96466154
f0b6636454ab6937d4782b8b097e12fc,1,not satisfied,not satisfied,0.5175203,0.45393583,0.028543834
2bbc9a52665894ece57d260179ca0902,5,satisfied,satisfied,0.0054708216,0.010279291,0.98424983
6bc4c9c1b624727b69926ba0e6b35538,5,satisfied,satisfied,0.006560994,0.013929399,0.97950953
d8c53a82690f51fcebbc907670563adf,5,satisfied,satisfied,0.004666968,0.0132419225,0.9820911
2f2412bdc59b4683ffb0f4114e3c3c1d,1,not satisfied,not satisfied,0.7448539,0.24558994,0.009556127
beda676ee14c9487b272475b4fd02632,5,satisfied,satisfied,0.009868762,0.015539043,0.97459215
679736a39b374c07cfd94ea8b229f33e,5,satisfied,satisfied,0.005686726,0.011011912,0.9833014
7cbb403f763554a9e53532bf91a7d9ab,3,neutral,not satisfied,0.79978776,0.19496489,0.005247307
3708b14996606bc7a1771cf86c9eba92,5,satisfied,satisfied,0.041734047,0.3121241,0.6461419
b6bf4f2ee7c2740def492c2eb4d916ea,5,satisfied,satisfied,0.0044165924,0.0078101815,0.98777324
46b0af2658eda1b52b85de113f3b6d59,5,satisfied,satisfied,0.0061521153,0.013205341,0.9806426
5751f7bd577cb96af0a6ba41f369ad57,5,satisfied,satisfied,0.0057463218,0.017106058,0.97714764
237aabd397888d3582ccf1783b8badda,5,satisfied,satisfied,0.0054142894,0.01612495,0.9784607
73b6e6877b3c82414a15ac55ff775443,5,satisfied,neutral,0.19465135,0.66991013,0.13543853
bcc2a702ff49988e03334cdaf56ffb0a,3,neutral,neutral,0.42996594,0.55322987,0.01680425
42ac4c9e99c481e7744505ab926d6b2e,2,not satisfied,not satisfied,0.9577212,0.037836354,0.0044424483
27091ad0bc4f224229d3955bb6dba204,4,satisfied,neutral,0.3138617,0.665722,0.020416277
055f9d63b94407a6a75f9edca0a7b3a0,5,satisfied,satisfied,0.0048221913,0.012631589,0.9825462
1c7cea31a2a13626589ab48747db60ca,5,satisfied,satisfied,0.0120878,0.04675077,0.94116145
147afe3e63d887825a3a193b2b4f6810,5,satisfied,satisfied,0.014580157,0.04308227,0.9423376
9988ac1addcc3805eb83fb0d31c5108a,5,satisfied,satisfied,0.0035811176,0.008447344,0.9879715
9ac74713991b3795badaf1691f643b70,1,not satisfied,not satisfied,0.9031678,0.09250532,0.0043268595
5f6e87b410cdf025b6fc8f051f2cca36,4,satisfied,satisfied,0.007191481,0.014145728,0.9786628
f60d84ae8dd3bf2b6b60e769d8346d14,4,satisfied,satisfied,0.006628096,0.012071489,0.98130035
1b36c58c7de14aad82919704a4a9e850,5,satisfied,satisfied,0.004877381,0.008852924,0.98626965
be7f821fdb07d3b874585edf5bf36268,5,satisfied,satisfied,0.0042968355,0.0069576153,0.9887455
2617665e984415acc9820ebb4cf16afb,4,satisfied,neutral,0.13645367,0.7587181,0.1048282
822545b62675ac7bef6a8837266d9293,5,satisfied,satisfied,0.0047055422,0.01170285,0.98359156
ee579358430f07047f80f13e6ba8779a,5,satisfied,satisfied,0.00506533,0.009822981,0.98511165
e727e39b9ecc590580cf9ce5145376e8,5,satisfied,satisfied,0.004338726,0.010809392,0.9848519
2f07090f31129d7a3485fd12ed473d7e,1,not satisfied,not satisfied,0.8174928,0.17776524,0.0047419905
25777a1e56d222119dd03ba9bdf4cb9a,1,not satisfied,not satisfied,0.91088533,0.0848178,0.0042968495
afbef38a968e7881f1db75a1ddf030d6,5,satisfied,satisfied,0.028559495,0.25341853,0.7180219
5953a7bb225cc685426753d20a24eaa4,3,neutral,neutral,0.11524084,0.82913226,0.05562695
6b23e3e5a7a361b5602086d1c200ff82,5,satisfied,satisfied,0.0047910144,0.011517097,0.98369193
a2321f09fd90138c93177a5bcc00c0d0,5,satisfied,satisfied,0.00465232,0.009192902,0.98615474
2a0af3d35f76d5606f2a4c5e310a644c,5,satisfied,satisfied,0.043195438,0.20125851,0.755546
16d7f3ecaf12395ea9d682ceb301de13,5,satisfied,satisfied,0.010676936,0.030304348,0.95901877
6f5b7e90b1f87d482337227d194b1f0a,5,satisfied,satisfied,0.0061442917,0.02259059,0.97126514
7139367d8e73ef6382f9be0dd14c49fe,3,neutral,neutral,0.13212162,0.8149561,0.05292224
bd3df836fe5c6e374e8b6d65c306d643,5,satisfied,satisfied,0.005337601,0.015079192,0.9795832
b72ac1ca1e92c7676df6e53ec1aafb83,1,not satisfied,not satisfied,0.95289284,0.043185096,0.0039220555
362daf3fa57a4a7df27833d4e14fd4d0,5,satisfied,satisfied,0.0069046845,0.020455211,0.97264004
eb76377f4d5675cfc4118cfe92cf2315,5,satisfied,satisfied,0.00590159,0.014815379,0.97928303
bc547ff809dc877d8dd040ae47b6d126,2,not satisfied,not satisfied,0.7728211,0.22061495,0.006563925
c4bf731e76f4f785d32525e4dbfa4ff3,5,satisfied,satisfied,0.0043136287,0.0074069896,0.98827934
3e5a2e69898e5c4b2ce301e18b5ba27c,5,satisfied,satisfied,0.0036594714,0.00760532,0.98873514
b483865eeb9c5aa0509a6acb250afb74,2,not satisfied,not satisfied,0.8898834,0.10503759,0.005079029
8256d5a3b3c6a4007ee65bba8e4d7fee,3,neutral,neutral,0.101264335,0.8088554,0.089880325
7b6bd7d0ff0ff0a9eeed3a19ef8620ec,5,satisfied,satisfied,0.00574779,0.013160876,0.9810914
4c74a9031441f5e3ece4616ce7af4458,5,satisfied,satisfied,0.005047358,0.009486275,0.98546636
80b7f7976f4f52595bcc226827ed3397,5,satisfied,satisfied,0.11354227,0.30769736,0.5787604
335f78ebe8b1ac2160d5cb3551285422,5,satisfied,satisfied,0.004578278,0.009501107,0.9859206
1846986ec404395ef119dc6f2a293daf,1,not satisfied,not satisfied,0.4978797,0.4726429,0.029477334
7ccc51e126b00d37becaa0ba7434f932,1,not satisfied,satisfied,0.059697248,0.3007906,0.6395121
af16273e9a7f45182f92d0e008e410b1,5,satisfied,satisfied,0.011463758,0.08712165,0.9014146
51677b19f6287ad08e69964591cd1878,2,not satisfied,neutral,0.10084916,0.81851625,0.08063462
0deb75d4f1816a13929b3536c8964b3a,5,satisfied,satisfied,0.008227087,0.020259304,0.97151357
77ba964d5039f9f701da5d3732d26df6,4,satisfied,satisfied,0.0069245566,0.026720228,0.96635526
ce12e0948e951ba3684625f5adcc3e22,5,satisfied,satisfied,0.0043555265,0.010702997,0.98494154
327a4c0a56e347f31312afe05c7be605,5,satisfied,satisfied,0.0062648393,0.013432881,0.9803022
897790d158a09709a8e686fe659788c8,5,satisfied,satisfied,0.0041314648,0.010301255,0.98556733
639f09ccf3e6d4f6b61e51e3bcc857ec,4,satisfied,satisfied,0.0088484315,0.035928153,0.95522344
b9b839a27697592e85516da9242e224c,5,satisfied,satisfied,0.0049831923,0.017027074,0.97798973
e6e5c0847d6ad143c30a98fa0b6b4b63,5,satisfied,satisfied,0.014836409,0.06289164,0.922272
133c3cfb997b9457e45e8248b4c16474,5,satisfied,satisfied,0.008555544,0.024379196,0.9670652
e6ce1b424fa9353dc9e1e4557691c36f,1,not satisfied,not satisfied,0.9550768,0.040668543,0.0042546378
046aab58828f6abdcdb49ff799bbef7e,5,satisfied,neutral,0.18589416,0.6676502,0.14645557
8cf4258bc6a5b08eda4679746bbfa9af,5,satisfied,satisfied,0.015292151,0.075400524,0.9093073
8588d993625ff0aa16980f34fbadb958,1,not satisfied,not satisfied,0.95993227,0.03590696,0.004160784
53bfc8cf6ce3474250006a1a86a084c6,5,satisfied,satisfied,0.0037296163,0.0065220706,0.9897483
6889a9ba98cafa694f619be527bbacad,5,satisfied,satisfied,0.0058925613,0.011227718,0.9828797
f93a96f2a3ce1f5e399bd4e99e66d80f,5,satisfied,satisfied,0.0043192464,0.0075156773,0.988165
cf67ed10104a26bf953dda9e08fd7aa4,1,not satisfied,not satisfied,0.9565701,0.038872775,0.004557232
b78cd9d3e461626477ef8c3ca4313ae9,5,satisfied,satisfied,0.0051580896,0.008816662,0.9860253
23bef43422d1bcb47e2015cc37d9c0cc,4,satisfied,neutral,0.14152916,0.79629594,0.062174946
67f430e34381c508ca3de95d0ea69d7c,5,satisfied,satisfied,0.005289395,0.011949377,0.9827612
af276dfab1bc90a751b1ee2c0560f840,5,satisfied,satisfied,0.010935929,0.06829217,0.92077196
04743b835e8184eb14f5d962a35657d3,5,satisfied,satisfied,0.005792494,0.017151441,0.9770561
1e5b3f446c5bc10db40b8d63a3885ce7,3,neutral,satisfied,0.010498617,0.0589212,0.9305802
91388430fd668871925b4915bf07d8b8,5,satisfied,satisfied,0.0052931625,0.012480071,0.98222685
446e22acf0faf1927bab6024850fc175,4,satisfied,satisfied,0.057686683,0.62286466,0.31944868
5a67e52d841b13f928cf137485b4747c,5,satisfied,satisfied,0.010858309,0.038031697,0.95111006
91fb42ae854319a7446765d07c1dac46,5,satisfied,satisfied,0.03453617,0.26668268,0.6987812
1fb151faf9408568e73a7702f5e8241c,4,satisfied,satisfied,0.0063839606,0.017791327,0.9758247
b47fb1595a1d39845f0f9fdbe92978e5,4,satisfied,neutral,0.092049666,0.7156823,0.19226801
7cf8792c67966b8729a32785e2946c0c,3,neutral,neutral,0.09785254,0.75770473,0.1444428
a5a27483b9774a8a3c7debf4dbe653e1,5,satisfied,satisfied,0.017196562,0.055340387,0.927463
35221914207fb609704ef4c2036e78d8,5,satisfied,satisfied,0.0072081946,0.021957709,0.970834
1c731d3a5868232b9ffb5dd02b54b43f,5,satisfied,satisfied,0.0036307112,0.006466066,0.9899032
8b158851597b7c7d2f7850b055281522,5,satisfied,satisfied,0.0050613554,0.008431897,0.9865067
e7e9ed42efe9d507ae3b393b8aba07e5,5,satisfied,satisfied,0.008100355,0.026439924,0.9654597
c107767b6ef19291bfdc80f6f9a246b2,4,satisfied,satisfied,0.004952317,0.013022798,0.9820249
667bc9356848be443cbb97f4e3f7d745,4,satisfied,satisfied,0.01048055,0.017381249,0.9721382
1582311d87b788b5602e34ac320a5f58,4,satisfied,neutral,0.10849329,0.7736636,0.11784312
be2c32b0855a46b6d16d28e13678407e,5,satisfied,satisfied,0.0066507673,0.01786325,0.975486
da2646383b145b9078011e3b0711ad1d,5,satisfied,satisfied,0.0040683188,0.0076167253,0.988315
938b84098a3a29ff61f3a405cf408573,5,satisfied,satisfied,0.0037758714,0.0071056113,0.98911846
4385857192cf5a4c00c0f9abdb176b2b,5,satisfied,satisfied,0.0059382906,0.013472363,0.9805893
47aa936281f4d7d04a6454dbcff14eff,5,satisfied,satisfied,0.0069677643,0.018863102,0.9741691
07ecb4119c71e54cd5ee9ea768cc7449,3,neutral,neutral,0.21780826,0.7150654,0.06712637
aafd775686ba4e2b5e192b7782c05743,5,satisfied,satisfied,0.008439423,0.010238631,0.98132193
91d7f4769ad97d54a5ebd6976eb943a2,5,satisfied,satisfied,0.006428531,0.022433808,0.9711376
06994bbab282f7df3fc85a838e46426b,5,satisfied,satisfied,0.0057017044,0.018379737,0.9759185
42e219d6f3b03d42021b2f9db180c246,4,satisfied,satisfied,0.0046497257,0.014554754,0.98079556
5b40497cfa11ea1b4dfa85a51ddee298,2,not satisfied,neutral,0.24347118,0.73410445,0.022424398
3761a531db66436e6d7fbab39e672ada,4,satisfied,neutral,0.100772135,0.69175345,0.20747437
79009d3ccfdfc5cc4ef7fa68d438917d,2,not satisfied,neutral,0.11167415,0.74308676,0.14523914
1ea5e458d87ec2b9c00eddee7f2174d7,3,neutral,satisfied,0.015284139,0.091199614,0.8935162
71ea0660278b07e6ff3704a564571678,2,not satisfied,not satisfied,0.5597983,0.42627686,0.013924902
1919b82c10c57273c9e1d4de11492be8,5,satisfied,satisfied,0.004753494,0.012648849,0.98259765
4d5071d33b2a401a1773865a2398047a,5,satisfied,satisfied,0.006478731,0.01196327,0.981558
6218feff63da2a9c0a4eae4ac10bdee8,5,satisfied,satisfied,0.006481865,0.012320747,0.9811974
79028b9fcea7d6624b8db3b340950b64,5,satisfied,neutral,0.4060498,0.5420336,0.05191659
07400ce08639b4b1c4bde16b021eeb7a,1,not satisfied,not satisfied,0.6121928,0.3772736,0.010533551
59c2508a6e45a2844a8547aff6794e86,4,satisfied,satisfied,0.0061704796,0.02599318,0.9678363
474b7c00323cfe7868c52075a0c840d2,5,satisfied,satisfied,0.013775999,0.04137705,0.9448469
fcd23c3b6822dc9a07430d1fa1923c5f,5,satisfied,satisfied,0.004235465,0.007944031,0.98782045
c139c8f6f25c6a9791d0fe4ea18786c9,2,not satisfied,not satisfied,0.883236,0.11186804,0.004896029
978194ddbe95e1e825b1738feff5b375,5,satisfied,satisfied,0.005111897,0.011803323,0.98308474
07ed93f925577124119643d33ff6f5a8,5,satisfied,satisfied,0.0065008434,0.019461822,0.9740373
5f30132e78939d530c0206de8ad050f3,5,satisfied,satisfied,0.0036844437,0.006290813,0.9900247
9f6b2ad0a38bf1ef363e33161a837e80,4,satisfied,satisfied,0.065569475,0.51634926,0.41808128
75aaaf44e5cde25d9a22277c5637db37,5,satisfied,neutral,0.11503619,0.73742443,0.14753936
96515e86079727861786fa34ea9afb2a,3,neutral,neutral,0.41546056,0.56656826,0.017971192
d169943dad42e879ebf38ea40d6e9f1c,5,satisfied,satisfied,0.010338706,0.028493496,0.96116775
d782bb314a756fe612c8e52a38a3e8a0,5,satisfied,satisfied,0.0048030224,0.011313729,0.9838832
396442d1dc4483e3dfc0aa48509bc8a0,5,satisfied,satisfied,0.0046844077,0.014734866,0.9805807
e60f6b98642c1917e90c91767cc78c93,5,satisfied,satisfied,0.0057202852,0.0118932985,0.98238635
91bd4bf4f3f45ef772ea6ee4fcdb82b6,5,satisfied,satisfied,0.0048480732,0.00989648,0.9852555
8505f47e8ebdc1462faf5926303c6b8e,4,satisfied,neutral,0.18178011,0.68729585,0.13092403
eee84de62791528fb04f4eae59258eb4,5,satisfied,satisfied,0.004861203,0.0127852755,0.98235357
cbbbe8f6d45f43cba8124b799c8fd545,5,satisfied,satisfied,0.005323779,0.014294779,0.9803814
686147c0e6beef8bec2211935b1dc646,5,satisfied,satisfied,0.0076396056,0.023942146,0.9684182
322f5c26871c00cd987efa61a11792b1,4,satisfied,satisfied,0.057898186,0.6183444,0.32375735
82d25216d902afbc311616fd820e57cd,5,satisfied,satisfied,0.008614413,0.011910814,0.9794748
b6995d6802933ea176dc80a80b172d79,3,neutral,neutral,0.41253027,0.56847316,0.018996593
52e493f2691c8c8658d06671bfc135f4,5,satisfied,satisfied,0.0050382484,0.00993622,0.98502547
6e1fc8e18cbdf5c5d6338e5ad4b6e9a8,5,satisfied,satisfied,0.004679379,0.008498657,0.9868219
bf15f4d7466db6765448ba3ad680477b,5,satisfied,satisfied,0.05624017,0.6006027,0.3431571
31a0f58299f13743b7f675a9fdebe546,5,satisfied,satisfied,0.009828658,0.020149564,0.97002184
3d1357473f0b3cfcb3925c61f00b0172,5,satisfied,satisfied,0.006045661,0.013538145,0.98041624
bb1105bda56e90e391862747eee7445d,5,satisfied,satisfied,0.0043299953,0.010014939,0.9856551
32b784b7ae6d8a3513accd09b78cd48b,3,neutral,neutral,0.09842942,0.78033996,0.121230625
dfffebfaf564250bd166ea99fdaf03ef,5,satisfied,satisfied,0.0037133752,0.008183274,0.98810333
fc7f679c2781743aeca334a313b9f4d5,5,satisfied,satisfied,0.0051004,0.014911248,0.97998834
83c2f9754291812239f7253ecbb8e0b3,1,not satisfied,not satisfied,0.90795964,0.087660044,0.0043803216
0b5981d1a49833c02f3e2c193e5b65ca,2,not satisfied,not satisfied,0.921474,0.07395545,0.0045705494
9377804c69d123483336eecc022201ac,5,satisfied,satisfied,0.00738868,0.020052413,0.97255886
05a9fbb1a1b9ad6afbd78a49ab644b6d,5,satisfied,satisfied,0.0073363227,0.022592686,0.97007096
a109092f108befdf1d7dc2a0ec4e0c84,5,satisfied,satisfied,0.0046657026,0.008671641,0.9866627
c87652cc2525c469dfe69baeb4f172f1,5,satisfied,satisfied,0.0043120915,0.014200085,0.9814879
2b869ad3eeec7f3682be1f7139778397,5,satisfied,satisfied,0.0034540098,0.006306073,0.99024
e53b0ac66dca56da9b7b958d070b44e0,2,not satisfied,not satisfied,0.48988438,0.4965036,0.013612062
9b4b68ff9834ce305e66860bb696b2cb,2,not satisfied,satisfied,0.05526489,0.38373885,0.56099623
3dd6e9bd4fdad0312e8fc613b57fdbc7,4,satisfied,satisfied,0.09403809,0.62092406,0.28503785
503ef44d2ea6ef9d54623d5a31afeea8,5,satisfied,satisfied,0.005011533,0.009358758,0.98562974
7abc3e12286cd11a0d0aa21e37d56631,1,not satisfied,not satisfied,0.9559749,0.039466206,0.0045588654
850f5abbab5786bda7b4a10ee5b29c0b,2,not satisfied,not satisfied,0.9021028,0.09366485,0.004232323
a2e36977fbed87d376e9ce9ab766382f,4,satisfied,satisfied,0.007183366,0.027141765,0.9656749
7a7f590675f25c6475331464ac7e3f18,5,satisfied,satisfied,0.0063545257,0.012985299,0.98066014
375b75ba95e5eedf94630b0f3301da74,5,satisfied,satisfied,0.0041368594,0.011663899,0.9841993
9ed0e5e484b8ad7376da5f34826c5b55,5,satisfied,satisfied,0.007655388,0.015405392,0.97693926
c7f43cf2106e02c73129dc77567f0d33,5,satisfied,satisfied,0.0037971225,0.0062138583,0.98998904
cefd41c858ce3f4476f6f786b4c08856,5,satisfied,satisfied,0.004435752,0.007713292,0.98785096
8111dadbadfad1f6c7e750041ac159d1,4,satisfied,satisfied,0.005477214,0.020070327,0.97445244
d3e2528c92b903e4ddcd0d3fcc95acde,5,satisfied,satisfied,0.0053735985,0.02509345,0.969533
c392fd4600a86ddac81c559e6bff648e,5,satisfied,satisfied,0.0039847004,0.008480446,0.9875349
180bac55536a0cab901c49b9451fd37f,4,satisfied,satisfied,0.05212416,0.12229252,0.82558334
75fb06c86c91eb67be9a07294b145c07,5,satisfied,satisfied,0.004374703,0.011130684,0.9844946
8f000ea8e607dad601f643b671e85d45,5,satisfied,satisfied,0.013568013,0.036256354,0.9501757
c4a1d649d01249cb45f35d0a7e74dc43,5,satisfied,satisfied,0.020678407,0.102550745,0.8767708
c34b5a4335be8c7f64353a6154c072e6,4,satisfied,neutral,0.060931224,0.7867059,0.15236288
83351320b9fa2070d74bb64e6f2b20ae,4,satisfied,neutral,0.33931246,0.63209,0.028597508
a53b365b1e6eb3595e01eead0711c543,4,satisfied,satisfied,0.0071351705,0.025167253,0.96769756
72013175679b3261158241b2a12543c0,5,satisfied,satisfied,0.0064781723,0.019825041,0.97369677
071ae2a3a50cabc6fae21a5b3941235d,5,satisfied,satisfied,0.0073897587,0.022889452,0.9697207
3715f664862dcb0bec0fe12b082f27d3,5,satisfied,satisfied,0.004370561,0.009556579,0.9860729
f27d724ec374e6a362c004a8d282d496,5,satisfied,satisfied,0.003987687,0.007851824,0.9881605
6db1f8ad685ae9623d4dd2b367acfd7d,5,satisfied,satisfied,0.004261201,0.009550409,0.98618835
3c9a6fa7ec27bf7046a04c9c6916f9bf,4,satisfied,satisfied,0.027705973,0.33633503,0.63595897
907a1a99006b4a37cf6e8fa1adc082ec,5,satisfied,satisfied,0.0045591095,0.010504102,0.9849368
c60d0ddafd2ae21a113eb2364d05312a,5,satisfied,satisfied,0.0046905307,0.008449556,0.98685986
5278e0ce9ae4fa195fbf04265815366c,5,satisfied,satisfied,0.003624572,0.007204535,0.98917085
128fa2d23600a6308c2fbd08292dbe39,3,neutral,neutral,0.24609946,0.70121557,0.052685
6b12c8a7c76b343f163ad0bc6b27a959,5,satisfied,satisfied,0.005226054,0.0093562715,0.9854176
6113363c74fa00f75c5b4f81cb652e4e,5,satisfied,satisfied,0.0047595147,0.013970019,0.98127043
4ea910c85cd6d7802ce9071f95676c18,2,not satisfied,neutral,0.21093959,0.7435054,0.045554977
49366e22b80593c8e9f830d0fe6f548d,4,satisfied,satisfied,0.058234755,0.6068996,0.33486554
7e5e957cfb12c2e4ed53906f3d7a9c79,4,satisfied,not satisfied,0.48246366,0.50229764,0.015238742
d6012f60ca553f698b33e1408dfe0d46,5,satisfied,satisfied,0.0038047465,0.0054974966,0.9906977
581fa2e01f9ac8e1145abbc1b0e1e8ef,5,satisfied,satisfied,0.0084753195,0.032728266,0.95879644
405ac8c60b71680581361b91ff234232,5,satisfied,satisfied,0.0039129048,0.0068119154,0.98927516
5104d23fb8a0e744b7fed283ed8d5675,4,satisfied,neutral,0.30012712,0.6180363,0.08183652
dee4443cc1b1c904b3cf93769048b11e,5,satisfied,satisfied,0.0040046545,0.009767443,0.9862279
1ed3b32d2b3c6f2f550549d5843b13f8,4,satisfied,satisfied,0.05020699,0.40655437,0.5432386
1bf237c8c487d62215db046b69a30111,5,satisfied,satisfied,0.004441474,0.013038199,0.9825203
f90f5f788fa2166b00854dfa3346bb4e,5,satisfied,satisfied,0.0048612026,0.013662872,0.98147595
76662dae5f047dceb090b8384dba89f8,5,satisfied,satisfied,0.0044691786,0.00824482,0.98728603
220b2b20cacd35982c1747421d197e6b,3,neutral,satisfied,0.030246198,0.24375224,0.72600156
9359dc3b366e8f9200ace8fbdc804f4a,5,satisfied,satisfied,0.0040611783,0.008527765,0.9874111
717d11d9be0d4f2c3d7547deb5d70307,5,satisfied,satisfied,0.0038643926,0.00821856,0.987917
656fa872b739cde25ae0248bdda06acb,4,satisfied,satisfied,0.0058516,0.022190448,0.971958
e9369a562552c67b1c65baf5485c3f68,5,satisfied,satisfied,0.005898814,0.01365125,0.9804499
3f11f040ede0da0adb408494a8a43b5c,4,satisfied,satisfied,0.049246922,0.6413282,0.30942485
f63475a4cb2a9cabfc7a196207bd56d8,3,neutral,neutral,0.2559229,0.71967804,0.024399051
4b311f1dd22f1e60bc3227f8f9c42efa,5,satisfied,satisfied,0.008243055,0.033197884,0.95855904
c2de4eb078bfbfc1256726bc4ac15349,4,satisfied,satisfied,0.005773191,0.026256608,0.9679702
4358d5799514992134a099e819267c4a,5,satisfied,satisfied,0.0049856817,0.01319847,0.9818158
4e4b65120cde13be69fccf18d55168b5,3,neutral,satisfied,0.05103536,0.5327454,0.41621917
91908baa7d1fb741a0080cd37416be41,5,satisfied,satisfied,0.004047453,0.010870098,0.9850824
49ab466866886ed5907b843955c38c85,5,satisfied,satisfied,0.006106193,0.01225544,0.9816383
f6f3653bf2cfb24d9aa99cc523e5e07f,5,satisfied,satisfied,0.012123703,0.042488307,0.94538796
5a59ab84179e324e57c4976a18145711,1,not satisfied,not satisfied,0.7619349,0.23016945,0.007895759
f5dd1c79a2056b71b0afaafd9595d2f9,5,satisfied,satisfied,0.005193752,0.0114454115,0.9833609
d71b1e3f1db77d662f3feeb5fcc93725,5,satisfied,satisfied,0.003645812,0.006914772,0.9894394
821fc1894529b3ef666f89d2fd81e615,5,satisfied,satisfied,0.008583518,0.016511455,0.974905
cba49bb12389a595091c837ab4ca1b96,1,not satisfied,not satisfied,0.8514015,0.14204451,0.006553971
8d99d5f0372fc61a8ab0611753c776a9,5,satisfied,satisfied,0.0041828696,0.007377721,0.98843944
7d5172af2c052c5da726f9df2ba546a8,5,satisfied,satisfied,0.0043087755,0.0069012307,0.98879004
cbd75ac74c487be1a330dcf0e7942768,5,satisfied,satisfied,0.0070515624,0.02799659,0.9649518
9465981bafafebe07c2711ce1ef91dbf,4,satisfied,satisfied,0.00829602,0.022598296,0.9691057
dc2b05cd18af1dd2033b6a8d22b263e1,4,satisfied,satisfied,0.00851628,0.039929215,0.95155454
a82c1a923e6c4cc246201e1b6e8f1e89,1,not satisfied,neutral,0.2814871,0.69405377,0.02445915
874b6beaa093332060122248c8254a22,4,satisfied,neutral,0.053365048,0.7366226,0.21001227
9165387c9619bce55d0e8ca39c702556,5,satisfied,satisfied,0.004589429,0.008680148,0.98673046
2a303ee7a212c79a99fc15c9bae59d47,5,satisfied,satisfied,0.004253889,0.010560107,0.98518604
3068828d7ddac848f99ebb2595502712,3,neutral,neutral,0.28327674,0.6407762,0.075946994
7d6822138aece34186a8850261e3f1cc,5,satisfied,satisfied,0.004227256,0.009575398,0.9861973
c44a41859573b7de8ac32b4adbb11277,5,satisfied,satisfied,0.006722274,0.0106674945,0.98261017
e8a9106eca839928aab52ce6a6dceaf6,5,satisfied,satisfied,0.0073140906,0.010651874,0.98203397
bcf1a3e182666c341188bf6fad0a546b,5,satisfied,satisfied,0.004874039,0.013267871,0.98185813
15a1983b81f21c0f3368c5a743f63e3e,4,satisfied,satisfied,0.047131956,0.17106442,0.78180367
6ba6af8e5bc7dc5ce7a70ecee3698d43,5,satisfied,neutral,0.142364,0.7429106,0.114725396
723508476ecdd18eef8febdcf1a8ee35,5,satisfied,satisfied,0.00467548,0.009241212,0.9860833
455f7f64e80fb8fce3d7f907e58ecfa1,5,satisfied,satisfied,0.0038911153,0.0074382923,0.9886706
3c35e7b0490707f40f70f859e7a0c301,5,satisfied,satisfied,0.0045639654,0.008193183,0.9872428
36d3526bd2382537a417ddab89ae85e1,4,satisfied,satisfied,0.010176068,0.071735986,0.91808796
4459592407d8a6ba0638c379534d65d8,5,satisfied,satisfied,0.003976891,0.007025647,0.98899746
123903ebc1664c4b5a904206e4360277,5,satisfied,satisfied,0.0035209968,0.0064874594,0.98999155
7e4e382e4aa4b708e308bf6291ca0631,3,neutral,neutral,0.12791446,0.7344022,0.13768345
df75a62fe497fb4e523e0a7458805ec6,3,neutral,satisfied,0.042897042,0.40000743,0.5570955
4151d459165c52984ae7502905b311ad,2,not satisfied,not satisfied,0.78878844,0.20303379,0.008177737
0979029a0c331c9080c5ba48e4cce109,5,satisfied,satisfied,0.0052312035,0.012716233,0.9820526
43c8247d853d22cc03348aa18204b319,5,satisfied,satisfied,0.0067800856,0.013627917,0.979592
698908301b076c179b3734d888742f49,5,satisfied,satisfied,0.0050555845,0.010477857,0.98446655
f380f43e2276bf6b61a9f4d1b95e9c6f,5,satisfied,satisfied,0.003879999,0.0069324677,0.98918754
17c5a1118a4bc7fe0f54e06c0ca52679,5,satisfied,satisfied,0.0047105844,0.00970775,0.9855817
922b91351d95cfe2546390e843a0f52a,2,not satisfied,not satisfied,0.4736903,0.5111569,0.015152873
b78abd3be5c3be3635c53fcf6c7891f9,5,satisfied,satisfied,0.0046531498,0.0095540825,0.9857927
28c0e440b94c2c39f3a5e100647fb638,3,neutral,neutral,0.09750946,0.78446734,0.11802321
b9abc09d75ae73b6110d96a6cb0587da,5,satisfied,neutral,0.15440169,0.75618225,0.08941606
34d81623b3004718498bd8d579b59a4c,5,satisfied,satisfied,0.0044677095,0.007980893,0.9875514
7b62e39082d69d2614c8792fd1c29cc3,5,satisfied,satisfied,0.006635094,0.015493551,0.97787136
2d3b70c5a30af301a9b435f4c684cb2e,2,not satisfied,not satisfied,0.57758635,0.41034064,0.012072998
8082e2ccf1b5934bcb4fd2b042cabe64,4,satisfied,neutral,0.045676786,0.7779498,0.17637344
2fe001003dd348104287ba3b134127c2,5,satisfied,satisfied,0.0054083983,0.013842027,0.98074955
91912ad2de1c01220a3d9b1a9e80a138,5,satisfied,satisfied,0.009656702,0.014530378,0.9758129
f73d161140285f9ad249ffa9a3950a3e,2,not satisfied,neutral,0.12286292,0.68859774,0.18853934
62493b937b773f822dab1992e22ec660,1,not satisfied,not satisfied,0.80502486,0.18734063,0.007634538
44c98a9f96cb5ada89a0b4ab12d30a35,5,satisfied,satisfied,0.0064518824,0.010397395,0.9831508
8aa9d48a0614af01e3f0dd0bee34f66b,5,satisfied,satisfied,0.005899647,0.009979186,0.9841212
10d68c425b3665a5c8bcc549b9d89f3b,3,neutral,neutral,0.38969097,0.57830405,0.032004945
0de8927eb4135355f873d7f49077cd50,4,satisfied,neutral,0.25921032,0.69351107,0.047278583
595e8657212ae1339488532cdb50a4e8,5,satisfied,satisfied,0.02174718,0.120156825,0.85809606
1e2ccca13e7b4d252071ba260c66b66e,5,satisfied,satisfied,0.0047116075,0.009436286,0.9858521
e08638e99feb66bb0e5444cb2b9d25c4,4,satisfied,satisfied,0.046624985,0.5229727,0.4304023
94f5be7a41845d4c8deed8bcb83fcb81,5,satisfied,satisfied,0.053275116,0.1664066,0.78031826
a6c2e99e099f67264b0735cce3f820f3,5,satisfied,satisfied,0.007467319,0.013707271,0.9788254
24bbe4f0bf76ad6ac61c18730aa0c8e7,5,satisfied,satisfied,0.052011937,0.5511912,0.39679682
0bd7f71a0809866545faa0ade309dce3,5,satisfied,satisfied,0.0103340065,0.07307833,0.9165876
dd4afdb2984f030e067bea5711b08888,5,satisfied,satisfied,0.01575363,0.053397793,0.93084854
5a2095264bfa7f207c91e83466f5138e,4,satisfied,satisfied,0.0073720543,0.016562961,0.976065
68842a1b1f50193acf4f3ba435101d74,4,satisfied,satisfied,0.0045640417,0.010381953,0.9850541
f8cf1999cadb6ed8cdcd7dee679e2790,3,neutral,neutral,0.06418546,0.819017,0.116797484
fa601369c99e82a31896375278a27d8c,5,satisfied,satisfied,0.0057616853,0.010849204,0.9833891
8ad33ea18d429b6f00c852c2c36c8704,1,not satisfied,neutral,0.38817987,0.5625867,0.049233392
15a31c0950563814507b85c72f836154,4,satisfied,satisfied,0.006934035,0.011367105,0.9816989
de4b08d337adf36f635500798c2ed761,5,satisfied,satisfied,0.015810149,0.053912707,0.93027717
e779147d295be04539578d70f8ec4461,5,satisfied,satisfied,0.0043567773,0.010059835,0.9855834
a73b9ba5a7f523c43d31a083c7766fe7,5,satisfied,satisfied,0.016346125,0.12778296,0.8558709
7f42cf2ad6edfccf56ddfed0aacf15f0,5,satisfied,satisfied,0.005963636,0.018518005,0.97551835
51655cbb39f4c6540145858b1381694f,1,not satisfied,not satisfied,0.9437238,0.05237053,0.0039056845
e36093269c600ee4f5ba32324564c40d,5,satisfied,satisfied,0.0054309242,0.0091578495,0.9854113
c543b880ba78d701c428e6653acefea2,1,not satisfied,not satisfied,0.8976343,0.09634562,0.00602009
3b776a6ee31b2b0968c0e109926e567d,2,not satisfied,not satisfied,0.53265786,0.44770512,0.019637072
1363a98406c2285544aa01ac2d835349,4,satisfied,satisfied,0.1309869,0.47610402,0.39290917
3f9cba8afd443d7b81e183878ee43a01,5,satisfied,satisfied,0.0036676736,0.006424307,0.989908
22cb6895bf55b868ef4d59e19debd232,5,satisfied,satisfied,0.0076772757,0.015728015,0.97659475
a911c5b84a86daf7a576e0b563718cc4,4,satisfied,satisfied,0.004955671,0.010732718,0.98431164
f615bfb9c4afa3a87b0cb7b9cfb4f536,5,satisfied,satisfied,0.0050779455,0.01340409,0.981518
fa3a5f81ffcdf07c8702e37c9267446e,5,satisfied,satisfied,0.0068355966,0.018816896,0.97434753
0f0e97449ee62493d1ceb037c82d44d3,5,satisfied,satisfied,0.0052111084,0.0121074,0.98268145
6bbbd1fcb0c06fe7d12c39268adb1d58,5,satisfied,satisfied,0.004674805,0.008952662,0.98637253
072ccdf62f0ffb6c6e2fc841862d345b,4,satisfied,neutral,0.10511574,0.79594547,0.09893881
ed9f163168f5bab048f1045c3207d02d,4,satisfied,satisfied,0.018233243,0.13337223,0.8483946
358b3e1aa6033da07c9ee88eef04b453,1,not satisfied,not satisfied,0.95348907,0.0426655,0.0038454162
8c28c31a4580ade3c44af5fd7e6f4aa7,5,satisfied,satisfied,0.013332895,0.060683675,0.9259834
913294cb20ffcc3ad312a4da43377f1f,5,satisfied,neutral,0.12649845,0.69294614,0.18055543
ce79966301fe5166616709657e138c62,1,not satisfied,not satisfied,0.8151859,0.17877528,0.00603886
444b44eda4c562f2cd0004ada4e7a48a,5,satisfied,not satisfied,0.77471024,0.21522972,0.010060107
57802a3ae01b3ce4dfcdcbb15df336a5,5,satisfied,satisfied,0.00550112,0.008983368,0.9855156
c1a1a7020de23b9fe62cf600b85b09fe,1,not satisfied,not satisfied,0.93355805,0.06280083,0.0036411716
71c924a6113fb1c0efa5d007be034da8,5,satisfied,satisfied,0.0052474756,0.00869304,0.9860595
a997067b01564be1bb821f106346f833,5,satisfied,satisfied,0.0041859616,0.0072724256,0.9885416
bcd0758114ce714359c6755e9f234a53,5,satisfied,satisfied,0.004255302,0.008363319,0.98738146
3beb43127921afad23ebd7c953e97203,5,satisfied,satisfied,0.004811976,0.00884164,0.9863464
36232cbe4c512517b1cfcf708457b00b,5,satisfied,satisfied,0.006257941,0.011197429,0.9825446
729812617b217b32fbc470df32148879,5,satisfied,satisfied,0.0040509403,0.009250314,0.98669875
b514d1a042f7cc931a25167fb72e0786,5,satisfied,satisfied,0.0046014995,0.013070055,0.9823285
f1d366b9603616baf896121d93c7e3ea,4,satisfied,satisfied,0.037122518,0.4147938,0.54808366
81e4d67b497640769edd5d0d9a488ac3,4,satisfied,satisfied,0.0061828555,0.03361431,0.9602029
1aabd021cd1da42f74520ca577378837,5,satisfied,satisfied,0.004386043,0.008863313,0.98675066
dd0c2a60f85bdb6e1984a28a9195395b,5,satisfied,satisfied,0.020730857,0.08165651,0.8976126
5c733fd9a5287d8547f0d8338f899200,5,satisfied,satisfied,0.0038232512,0.006070399,0.9901064
a9ccd50169347b97bcfcfd5ab4138d25,5,satisfied,satisfied,0.0053797984,0.01106879,0.98355144
b4a4a936eb33209966b18f85a3ad1c59,5,satisfied,satisfied,0.012926759,0.12528516,0.8617881
2d9cb5ddf29c4becfc4faa1c87a5bd24,2,not satisfied,neutral,0.36334965,0.612409,0.024241418
68d30d9410d324aea5ae42f8e2984ffe,5,satisfied,satisfied,0.006858877,0.025106926,0.9680342
b241e27bec99db540d9313cde051c46b,5,satisfied,satisfied,0.0034337847,0.006227602,0.9903386
c14a4d5af5ac5679ad88f115c7df717c,5,satisfied,satisfied,0.010388774,0.037137005,0.95247424
f7750f085fa503ab0a2b2bd31f24196a,5,satisfied,satisfied,0.004658204,0.009012737,0.986329
437019be08c8fd41a16aa46c6c45b62f,5,satisfied,satisfied,0.005989431,0.010004157,0.98400635
3a1818cb34359699044be659aeabaca3,4,satisfied,satisfied,0.0063548367,0.032652773,0.96099234
78e8df63b806426873f09372ebf50505,5,satisfied,satisfied,0.07910633,0.6165596,0.3043341
9080276a10e704e08294d08c86e5c1cb,5,satisfied,satisfied,0.017376767,0.066646256,0.915977
4ca674bd2152eea41cbd32ee0d766c55,3,neutral,neutral,0.12692489,0.8155525,0.05752264
16d90d9b09353b23618facd54276e5d4,5,satisfied,satisfied,0.0065631196,0.018763782,0.9746731
95b0756b558973967efb2f90b56651fd,5,satisfied,satisfied,0.0038544019,0.010914333,0.9852313
741043229351af0d40fc8dd65725794d,5,satisfied,satisfied,0.0077835354,0.024466805,0.96774966
ac34b64e0f9f1799367601bfd6d21d92,3,neutral,neutral,0.19568756,0.77255446,0.03175803
b2a15e2b6a9c0512d6b0ef3e04755d02,5,satisfied,satisfied,0.019326346,0.083480716,0.89719296
d8f3509a11db339b259654ba4e9dadc3,5,satisfied,satisfied,0.010632006,0.03479244,0.9545756
e2a58ec905b14f08933a3f38ffefa59e,3,neutral,not satisfied,0.9229597,0.07314481,0.0038953945
43ff1738396666c88ac9e3d4fa278ba5,5,satisfied,satisfied,0.005982972,0.01450322,0.97951376
fa30ff6bbfdf4183319085986602437d,5,satisfied,satisfied,0.0041856035,0.0075247795,0.9882896
258aa16738f0707e9d131a08c225736a,5,satisfied,satisfied,0.0067370306,0.01921693,0.974046
c82159b2b7d3af6eedf91146e831dc47,5,satisfied,satisfied,0.0056362995,0.01647703,0.9778867
ae50253d5637f1406f4d0e7f5de3e2e0,4,satisfied,satisfied,0.062443346,0.6952213,0.24233525
06b3f6d84c382227ae8eb585519da6c0,5,satisfied,satisfied,0.011124006,0.03210085,0.9567751
808d26f442477b9ca530774ac653de7b,5,satisfied,satisfied,0.076697975,0.46132395,0.46197808
45b6ad3a1598710ecd69b8d9d269f7a1,2,not satisfied,not satisfied,0.55485535,0.43379506,0.011349606
78c3bbbe0d855f059d0f9ca65457b8ca,5,satisfied,satisfied,0.0073158247,0.01836943,0.9743147
1f1b00593f03173fad08fab631589523,5,satisfied,satisfied,0.0041346336,0.0070396634,0.98882574
a266a8124e58e4684dcade63070dfb41,5,satisfied,satisfied,0.007215906,0.01761985,0.9751643
a492e9ba1c05f3f362a75a57de2287e7,5,satisfied,satisfied,0.006787055,0.012340428,0.9808725
cd577f6439eb782ade35db46797e6c40,4,satisfied,satisfied,0.009331076,0.048951216,0.9417176
ca9c8bafa183fc11e177a82ff0b2ef61,3,neutral,not satisfied,0.88055766,0.11504923,0.0043931766
fc12c9a15f934e4101f14e65cf3f157e,5,satisfied,satisfied,0.004127381,0.0070995474,0.98877305
fb21c0c93cc1ab2a1ecfe464c39b0080,5,satisfied,satisfied,0.0045745797,0.009310398,0.986115
2e2ccd97bf931b07caf206e4ba2f748e,5,satisfied,satisfied,0.00797047,0.02198868,0.97004086
a54ab34d290e7735208e78d526ce31b1,5,satisfied,satisfied,0.0060365163,0.011873424,0.9820901
b4441468f389dfa014a254becc0dbe70,5,satisfied,satisfied,0.005544119,0.009991061,0.9844648
445e4b73bf9b62830d4edd7b8610d58b,5,satisfied,satisfied,0.0069187772,0.02293775,0.97014344
076359456412950c0cb566769063c1ca,5,satisfied,satisfied,0.008230146,0.022668296,0.96910155
19254940e4e85e566241d7bd84274c5f,5,satisfied,satisfied,0.06734185,0.6494092,0.28324896
3781b437cec1001dc096b892f9c95cc0,5,satisfied,satisfied,0.005690402,0.014224044,0.98008555
6f262abb12e02fb5041af418dd786213,5,satisfied,satisfied,0.0043184576,0.008567267,0.9871143
66441418ee5647a1abc817c7c258029f,5,satisfied,satisfied,0.004520576,0.010746566,0.9847328
32b7555cfb30bdd31ff43bc39dfea1f8,5,satisfied,satisfied,0.0048036017,0.011704444,0.98349196
44d7b5c75328682da18298f17ab687a7,5,satisfied,satisfied,0.005464221,0.015774174,0.97876155
b67f74bcda1676443280b456997440bf,3,neutral,neutral,0.14320649,0.81971365,0.03707975
f881293afbfadc4de67375cb6e405543,3,neutral,neutral,0.08070382,0.80038136,0.118914805
79c646abc886582250445be83ef45195,5,satisfied,satisfied,0.006867574,0.016881974,0.97625047
1a70a079119ba8b3b3ca357c11752f8a,4,satisfied,satisfied,0.018003918,0.1164964,0.8654997
a45bbe7c03254484239caa369ce59857,4,satisfied,satisfied,0.0061882166,0.025356604,0.9684552
d976ac5ac9720599fd3efffec4b41ca9,3,neutral,satisfied,0.060888037,0.5378298,0.40128216
025e78c24e33276cb6db6871bd6ff7f7,5,satisfied,satisfied,0.1048197,0.5801095,0.31507084
8ba41b7a5745ca81a6f9f6a9981a4a6a,4,satisfied,satisfied,0.006511439,0.03217605,0.9613125
8580fe07acecba022fc10a6af39489ea,5,satisfied,satisfied,0.00992185,0.06579782,0.9242803
a1afa91061780a5339ba4b388889b628,3,neutral,neutral,0.07132593,0.8649587,0.063715406
890a7f5feef79efcd97b3b85dee664ee,5,satisfied,satisfied,0.012639545,0.05453401,0.93282646
681f3b1d9796901042ef57ccf367fde8,4,satisfied,satisfied,0.017377252,0.18918654,0.79343617
bf0cd70b4fe3f31acc06babeea04b3e7,5,satisfied,satisfied,0.0060488847,0.010638643,0.9833124
3baa4f2826587adbbc620d2647818d2c,2,not satisfied,neutral,0.18198216,0.668295,0.14972281
44a8495a1e5c5c4448df77380867650b,5,satisfied,satisfied,0.0059579527,0.012673351,0.98136866
a897237bb34b40b89b60a2d55762f164,5,satisfied,neutral,0.069964185,0.75139654,0.17863928
cf3b3f0dce69c6582e4e03c0b401c8a7,5,satisfied,satisfied,0.0038628993,0.00794287,0.9881942
29bf0dd08366556355a175914bb4820f,5,satisfied,satisfied,0.003953399,0.006708909,0.9893377
bccdaeaa979fe1f28a489e422ba39330,5,satisfied,satisfied,0.0069109076,0.026063563,0.9670255
dd29d1b392cdf1d17bcc747a9598a70d,2,not satisfied,neutral,0.30219105,0.6760645,0.021744538
5ddc15556c3fc4300d73f3a492d352aa,5,satisfied,satisfied,0.0046565915,0.016075777,0.9792676
f09e3c38662ee0bc1859037c07f0c9b3,5,satisfied,satisfied,0.006891693,0.021454016,0.97165424
9cbe7084be02bc82e373777cbd3fcdea,5,satisfied,satisfied,0.023210896,0.09737082,0.8794183
237292cbeccc07f2e59c181fbf2c16de,5,satisfied,satisfied,0.004991217,0.010813711,0.9841951
89afdc733e38341af58aea062722a929,5,satisfied,satisfied,0.0060776337,0.015997231,0.9779252
26d0517e4e7e8c158bb50bda11b63611,5,satisfied,satisfied,0.0057930746,0.015114409,0.9790925
4442f1e13a2464577cdd5d7fe9e18e46,4,satisfied,satisfied,0.045375124,0.37588614,0.5787388
612f421ee373006082c3a96113d578ff,1,not satisfied,not satisfied,0.53596234,0.45121187,0.012825754
01631238bebb374afc19f31103985ce8,5,satisfied,satisfied,0.00431678,0.008758381,0.98692477
e17a4ae85c0e4985700193c1fa4e121c,5,satisfied,neutral,0.22809467,0.6839552,0.08795012
387448e193a672bcf652a6b1e798fd03,5,satisfied,satisfied,0.0040284726,0.008015762,0.98795575
6d28fa67eafd878203f556c4acf6c64a,5,satisfied,satisfied,0.014745062,0.14633238,0.83892256
ede61bc65b59b0c94dad71fed5a0a9eb,3,neutral,neutral,0.066600904,0.83275986,0.10063927
19e91cdbf1dce5926a9255261527fa99,5,satisfied,satisfied,0.004214625,0.009646792,0.98613864
e8bf7a20f42ae90c3fdd81f89628ff28,5,satisfied,satisfied,0.0056393347,0.01219202,0.9821686
e6f66b1db7978b878835b5b0d5dcf2ec,2,not satisfied,not satisfied,0.6911475,0.29771328,0.01113922
65c6656c7d8db0662f1961fc35ec7613,2,not satisfied,not satisfied,0.9510116,0.04470554,0.004282896
4bfeecf6615403e162a14d98fda2b495,4,satisfied,neutral,0.08354493,0.79967976,0.11677533
51886b338ac74e69f3d4aea004c7c639,3,neutral,satisfied,0.03215218,0.37100315,0.5968447
406e6e38f6ed521936e753cae4fc4bbe,5,satisfied,satisfied,0.00452135,0.013852236,0.9816264
a33fc972943d833d70ec8119feda51d8,4,satisfied,satisfied,0.0051694443,0.0113317855,0.98349875
bfdca6f9b308a277faf19ef9960f4ae7,4,satisfied,neutral,0.08021939,0.70884025,0.21094045
508861ea94a53b4c9f2a7b7d7bcc569f,5,satisfied,satisfied,0.011811289,0.052791175,0.93539757
d41425ff7cb8236468e82ca91a79513c,4,satisfied,satisfied,0.008096447,0.033920687,0.9579829
e44a6c6c68802017a52b7b0ea221c845,5,satisfied,satisfied,0.0051712836,0.011133889,0.9836948
cb91402e5db47296efcdf043e6e4a74c,5,satisfied,satisfied,0.00812401,0.013554854,0.9783212
7be915f21ee1ea204bfa9320b0f91866,5,satisfied,neutral,0.18331812,0.6786106,0.13807121
1e544c299b5210bafa5edd3b9ebb9a40,5,satisfied,satisfied,0.0048173107,0.008342397,0.98684025
0b2fa767433bd3b699d553437fc3c57a,5,satisfied,satisfied,0.0060044806,0.011446885,0.9825486
cb7488af216923617f88313baf485d31,5,satisfied,satisfied,0.008613901,0.030347474,0.9610386
c9164311536d669d72ba8b780d8c4b5f,5,satisfied,satisfied,0.0073080105,0.029914102,0.9627779
4fb50e82b48a620f1f5aa6a2be1ec7d2,4,satisfied,satisfied,0.021129288,0.18204463,0.79682606
5abb7e51fc77b2d94e6aa9c790076610,1,not satisfied,not satisfied,0.78117204,0.21100774,0.007820291
4ccf35761045661b9fc42c6d0af82d6e,4,satisfied,satisfied,0.010595643,0.037716623,0.95168775
d59ab9f4f1d3824d5227eca18f602c5d,4,satisfied,satisfied,0.06367358,0.70664555,0.22968078
ed9106e1626002bb00aaab159d817730,5,satisfied,satisfied,0.007584709,0.027688378,0.96472687
8a75b6cf63afadc67633394eff0c8c9a,5,satisfied,satisfied,0.004851031,0.015384776,0.9797642
0c408c82b70487573cc1b735cd8ffa2a,5,satisfied,satisfied,0.0052987193,0.013294187,0.98140717
a38674d6b0f5e847b786b51d28efb00d,5,satisfied,satisfied,0.0038576683,0.008067317,0.9880751
4f927083e2da6bc6fbecd70b93de7ace,2,not satisfied,neutral,0.24270065,0.7247229,0.03257638
0e2d93b549d569d165c6c941c8e94cba,4,satisfied,neutral,0.05967064,0.8224018,0.1179276
0fd191d81a7d25e91e82ad0d5c96ffed,5,satisfied,satisfied,0.007127753,0.03584522,0.957027
89044c703e14a01bef4584d3a854dc62,5,satisfied,satisfied,0.0054100445,0.013798737,0.9807912
c5b6256ca94b1be3359003dfa1151464,5,satisfied,satisfied,0.031151384,0.09007971,0.87876886
8b72cc7608699b3dba4043c194b9f2dd,5,satisfied,satisfied,0.0042149997,0.011138854,0.98464614
0ca47d6c5a5eaddf157ab602e4be7576,5,satisfied,satisfied,0.007954913,0.015429181,0.9766159
18c1131fd650ea2e7a942247cbf191dd,5,satisfied,satisfied,0.0046738274,0.007807037,0.98751915
83db97394e4c510793d8756285645cee,2,not satisfied,neutral,0.2623842,0.7136024,0.024013316
5852a91d83893ca7e7c1d0269a09d593,4,satisfied,satisfied,0.0075723105,0.03657357,0.9558541
e00700caca3b9709da192d314dec55b2,4,satisfied,satisfied,0.008187473,0.023120813,0.96869177
a8cd96c197aeb46f082ac86134672cf2,5,satisfied,satisfied,0.016465664,0.047368817,0.93616545
3eda4b4854b624d5f4cf8044d7a8f856,5,satisfied,satisfied,0.0054074223,0.015195299,0.97939724
8ddf784c84a76fb98eebe1e74d702481,5,satisfied,satisfied,0.0047206776,0.011638311,0.9836411
ced8ed1fdc61512c3b7d2e9cf7ceded2,5,satisfied,satisfied,0.0077756983,0.012365426,0.9798589
b0552ac746ac92d96a11aa801218bf16,5,satisfied,satisfied,0.02218973,0.08376608,0.89404416
8511108b2ef9c15dd6069caa8dd778d0,5,satisfied,satisfied,0.0056721224,0.016056519,0.9782713
f15dc4370c2ccb1e3ca9bf52644df1ac,5,satisfied,satisfied,0.0054981457,0.018432818,0.9760691
035d0076443d99d9bfc5af32717ba0cd,5,satisfied,satisfied,0.0047152615,0.010151645,0.98513305
81905d5a91ead5f94eecadd3bfd3eacf,5,satisfied,satisfied,0.022972926,0.1382259,0.83880115
97c0be11b5fdbf4f8c9553f7461a139c,5,satisfied,satisfied,0.02371667,0.093143076,0.8831402
61b28fdadf75ce06a8b7cd1652a064f9,5,satisfied,satisfied,0.08653799,0.23297332,0.6804887
c90a6d8ecde098b022263e31864d7c17,5,satisfied,satisfied,0.004061066,0.0079711955,0.9879677
5a96f4900150b901b861056ab2379e61,5,satisfied,satisfied,0.004933371,0.012631272,0.9824354
515e9434d70c21445bf54941f98352d7,5,satisfied,satisfied,0.004387008,0.010672103,0.98494095
0fea7bba022ba963337bfbd26123ff26,5,satisfied,satisfied,0.0055703362,0.017592628,0.9768371
11e801397c1a97aa507d800f5fb5070f,4,satisfied,neutral,0.06726379,0.7318962,0.20083995
fa1817e8923fe3bdec6eba9e18330a97,2,not satisfied,not satisfied,0.77038366,0.22207709,0.0075392197
95bae6decfa9d18ca9844f90d3f3a9e1,5,satisfied,not satisfied,0.5977398,0.3909374,0.0113227125
038a5225e4470f3d6a983392f61ed232,4,satisfied,neutral,0.059064735,0.7681317,0.17280358
934feb260af2b0fba3a562247054e72d,5,satisfied,satisfied,0.008246411,0.025483629,0.96626997
3dc1b717ee807feb312bfe48fcabae3b,5,satisfied,satisfied,0.0050843973,0.011817769,0.98309785
b1bbe8909c3638fcce81edabf8c290d2,5,satisfied,satisfied,0.005632575,0.013360115,0.9810073
87d84c3e5a9ed4cd753b7b4a6dd8cf00,5,satisfied,satisfied,0.010977456,0.05990655,0.92911595
d734fdc6bbe2782b481855cd3c6a85da,5,satisfied,satisfied,0.005980908,0.010513867,0.9835052
43679ae429298b4648837af0c59444ab,5,satisfied,satisfied,0.003999591,0.0076404256,0.9883599
203d1b3400e3c811b13d66f896d4279a,5,satisfied,satisfied,0.0076183695,0.02735088,0.9650307
48f71af10be1ca73845094577ac61e78,4,satisfied,satisfied,0.0040077846,0.009072039,0.9869201
0a409942b4f7cf2a0522e7803ddb474c,5,satisfied,satisfied,0.004554223,0.009057102,0.9863886
ca3cd3897a7e3a531ab48576df1edf11,5,satisfied,satisfied,0.004195398,0.008533338,0.98727125
0aa98bffcba419ab9d4fd4b605700f7f,5,satisfied,satisfied,0.009952017,0.0297663,0.96028167
beeaed34bc90aa5ce882931099196aff,5,satisfied,satisfied,0.004712187,0.013214484,0.9820733
3dd3e2e38c180db42dfe6b5a1f54c135,5,satisfied,satisfied,0.008277857,0.025398746,0.9663234
90411ba3660f110080a816df6446e010,5,satisfied,satisfied,0.0049957833,0.011386317,0.9836179
67582667df00c335ee21acf414d2522d,5,satisfied,satisfied,0.0056608566,0.016893774,0.97744536
9b8fce03869002bdca3fd4f9cafcd495,5,satisfied,satisfied,0.0065096403,0.01267641,0.9808139
9647f7a9a6fa57ae7f31cefc74a9c37a,5,satisfied,satisfied,0.0059605036,0.012555252,0.9814842
c142a01a7d7f1ad49d31de4713cdd7b4,1,not satisfied,not satisfied,0.7715099,0.22149344,0.0069966433
f69afdba7bf6768b20ebd43a9020245d,4,satisfied,satisfied,0.019543454,0.16358827,0.81686825
fc02ba37c9231e9b82ec9537129f9c21,5,satisfied,satisfied,0.0059297904,0.013117128,0.98095304
e9d7507b654816249501ce8a0a4ec0ed,5,satisfied,satisfied,0.031371504,0.11024522,0.8583833
698f156bee75663685924a21410f80a7,5,satisfied,satisfied,0.010337261,0.054498076,0.93516463
678f92f9fdd6e49814ffbcbf692fbf2d,5,satisfied,satisfied,0.08253223,0.5889065,0.32856125
14c781f32e3da426b6404ae614af4103,5,satisfied,satisfied,0.0058091013,0.012315795,0.9818751
54b4b27bb062c2fd5a4a3e9919999ae8,4,satisfied,satisfied,0.0508074,0.5264906,0.42270198
85c46e4119e66ba4e8eae208f4be6a81,1,not satisfied,not satisfied,0.6635879,0.32497892,0.011433144
98c89fe49283886331e62a864b9cd392,5,satisfied,satisfied,0.014944418,0.04668791,0.93836766
47a7441a862cbd823be8717c2830045b,5,satisfied,satisfied,0.004205048,0.009210769,0.98658425
1f082aa78c5d2a1ae7ab12922406c274,4,satisfied,satisfied,0.0042808093,0.008669367,0.9870499
7230c4c59e55133d9dea4c848c89643d,5,satisfied,satisfied,0.0038848757,0.0069054603,0.9892097
237d4ca7b1101c45467c116a0134bf88,5,satisfied,satisfied,0.01456811,0.049451817,0.9359801
c0b513363dcbadca2c0257d8b61d23a9,5,satisfied,satisfied,0.020460507,0.13285851,0.846681
23310550ac74fa4773e3768a34da182f,5,satisfied,satisfied,0.0045452653,0.009824465,0.98563033
e4f8a680ca5ab01092f4520a77efb9de,5,satisfied,satisfied,0.006753541,0.020492502,0.97275394
3e0f52cd27997b6d32a6d27abe1ea41f,4,satisfied,satisfied,0.008236536,0.05788161,0.9338819
00a4f5a15b20e6cd1ebc5df414fef0aa,5,satisfied,satisfied,0.0062853103,0.008555202,0.98515946
8c2686c1f893f2cd6211825874c1d566,5,satisfied,satisfied,0.004277788,0.0066245035,0.9890977
cfcb39fde66ae3e0235aae0dda480a14,4,satisfied,satisfied,0.14097565,0.46059856,0.3984258
4b6b2e6bcf96d2dc71e43e3c60164aa6,4,satisfied,neutral,0.11585574,0.84094703,0.04319726
fc5b0c0d1f6c9bee429b08265c3f1285,5,satisfied,satisfied,0.004549662,0.019147359,0.976303
55f41818f0a22e2e91ca4f0c5ee51039,5,satisfied,satisfied,0.004611904,0.008676686,0.98671144
693c7e8d8bc37e3366b48d0267c2a26f,5,satisfied,satisfied,0.00872932,0.017654054,0.97361666
379d6d19d36764f5c606b163e23ac3ea,5,satisfied,satisfied,0.0047072084,0.013553411,0.9817394
72c07075d8ea6c8100364bb625570aee,5,satisfied,satisfied,0.01090136,0.059474915,0.92962366
18ba4da919f5a72d82c6390691910aa2,3,neutral,satisfied,0.08444145,0.69089353,0.224665
c69d6e8981a80d85344eac56dc032e48,2,not satisfied,neutral,0.19689296,0.7711964,0.03191071
b08ec984b2bc7316775921359ce2a296,5,satisfied,satisfied,0.0050632325,0.0091731055,0.9857636
e18ebdc924586d7cae2a644d904c10cb,5,satisfied,satisfied,0.007520318,0.015451469,0.97702825
db49c6affbf94a45119d46c9bc2d1bf7,5,satisfied,satisfied,0.004953306,0.011849134,0.98319757
f3614d83e952a6ea24ff1d1599a2ccba,5,satisfied,satisfied,0.011363464,0.032604378,0.9560322
78826cad660990e249356cd34e6e6882,5,satisfied,satisfied,0.004525554,0.0143216755,0.9811528
07c47957397396a0c8ea5bf1615067a1,5,satisfied,satisfied,0.012572304,0.04517767,0.94225
2c69edb0a4f463165a30aa9c3dedf330,5,satisfied,satisfied,0.008319182,0.038446512,0.9532343
d1ba6e280be8dab683df27a6abc65802,4,satisfied,satisfied,0.009455518,0.050369836,0.9401747
41f3de0f6dc3bf18173911feab5e1c25,5,satisfied,satisfied,0.048477493,0.37786877,0.5736537
eeed596c1485a732b185c24c56e29636,4,satisfied,neutral,0.06116999,0.7527378,0.18609223
986354cb5c6ede007602be6f946327d4,5,satisfied,satisfied,0.004324105,0.010144712,0.9855312
c16549b47be75616533b4642ca1708d0,5,satisfied,satisfied,0.014314955,0.09852595,0.88715905
4fc629bc8510ed923e19c2058a4567e5,5,satisfied,satisfied,0.004973018,0.008504461,0.9865225
2d0d3b5976375a97b67aa6b6381fed61,5,satisfied,satisfied,0.0050470373,0.011871476,0.9830815
cbf923984b2685215a431fcad31f6b81,5,satisfied,satisfied,0.0063966876,0.029520383,0.96408296
c0f53c45d819f77c393869657bd34310,5,satisfied,satisfied,0.11827783,0.53517616,0.34654593
792201555d3f600fb92254d94b26ac9b,2,not satisfied,not satisfied,0.76153076,0.23074344,0.0077257687
33861d443c28332640061b2415e9e875,5,satisfied,satisfied,0.0069179935,0.022783825,0.9702982
6704ad0d901a4a75040f9af600758e93,5,satisfied,satisfied,0.0040731365,0.0083398335,0.9875871
6629e19456a22e63c88496950c169afa,2,not satisfied,not satisfied,0.5837069,0.40655246,0.009740604
0461898e9ce3c82553323bf9f7f07d14,5,satisfied,satisfied,0.0128781255,0.07600066,0.9111212
188a629e615b20a8c5595d547e284189,3,neutral,satisfied,0.049679227,0.61139023,0.33893052
49878984e735b297451898094bac687e,4,satisfied,neutral,0.09713234,0.75677013,0.14609747
aab0cd21e2f46524644d8e92cccfb6c4,5,satisfied,satisfied,0.017692113,0.071024165,0.91128373
4ddd64bba27cc0cf70ef403b84449d36,4,satisfied,neutral,0.201988,0.7604411,0.03757088
a11847a6e472ddea919b6086764f4f13,5,satisfied,satisfied,0.004815706,0.008842948,0.9863413
54fe0e22a61c90b136fbb2c43ce96047,5,satisfied,satisfied,0.005574792,0.015524126,0.97890115
1cbedb27556bd82162b7df3fb87e1e11,2,not satisfied,not satisfied,0.48123884,0.5032459,0.01551527
8c0edcde8e25415e180765229a3ffd08,3,neutral,neutral,0.16613469,0.7890454,0.04481997
dbfabecca73e6b31a8f9f0c1f2f80bed,4,satisfied,satisfied,0.0046982067,0.011394443,0.98390734
84e4eb75168ce70440c7f8badfc39afd,5,satisfied,satisfied,0.0056414893,0.017391391,0.9769671
9b106982c69fcf3b659b69995c4a8ca7,5,satisfied,satisfied,0.0077290786,0.01262438,0.9796466
6623ab54f7ebd5cd4a0cedaba366eeb0,5,satisfied,satisfied,0.014733694,0.041202217,0.9440641
5442dadabcfde2a76409f8098aaa5bce,5,satisfied,satisfied,0.0037364836,0.0069640107,0.98929954
4e54e861e5da7f8ae8d4ec115b2b1364,5,satisfied,satisfied,0.0058223885,0.012637906,0.98153967
9e9934742c76dfac623458d4ebf3b45f,4,satisfied,satisfied,0.03175475,0.35200834,0.61623687
0d1ea25d28e6462c2a90cd33c8d5631c,5,satisfied,satisfied,0.0037188407,0.007695952,0.9885852
dedb19c12ee9ab9e5dce63ed01c779d4,5,satisfied,satisfied,0.03266504,0.21479805,0.7525369
87a12f6e212b7e9ed43b0a014ec45155,4,satisfied,satisfied,0.010710281,0.040025722,0.949264
44b376538ac186098f76b291ff051f68,5,satisfied,satisfied,0.02727077,0.16323544,0.80949384
1213c4c98ae8b18aea432bba208f9fed,5,satisfied,satisfied,0.00487103,0.008886499,0.98624253
a03a7b8c48bf70cdb80c39dcccb899e0,5,satisfied,satisfied,0.048136372,0.6814728,0.27039084
15a56afaeba6b8edcb0a02c7a47e5490,5,satisfied,satisfied,0.009460266,0.041319344,0.9492204
e30e46eff014b70e347595d841be3769,5,satisfied,satisfied,0.010651407,0.06781066,0.92153794
d45d8fb51ff9c78ab095d89931824cf7,5,satisfied,satisfied,0.004858376,0.011741107,0.9834005
ebf9c4e1040fdc78b03603cb2a934495,5,satisfied,satisfied,0.0056844368,0.01190535,0.9824102
73dd6ae32f1c8bc7092792d6f6a74c0f,2,not satisfied,not satisfied,0.9124181,0.08285643,0.0047255023
827241deb7c8a3bcaf3bb8f89083d073,5,satisfied,satisfied,0.0035362518,0.0066489307,0.98981476
a1b8c4f32124107c4133570b9b779b6e,5,satisfied,satisfied,0.0036781041,0.008116643,0.9882053
9f751b86023abde072a7d4f1d9a6f1d9,4,satisfied,satisfied,0.024366328,0.100389495,0.8752442
969d053139595a13596bbd7dfda503ee,5,satisfied,satisfied,0.004909071,0.010202961,0.98488796
687ec6053f99c7128bad594b0947c8d0,5,satisfied,satisfied,0.006100278,0.022780292,0.9711194
1dc0faa6097ac5dbd9535393db6c2683,5,satisfied,satisfied,0.0066261753,0.0248143,0.96855956
b2953b43c6ce99b32dc86bf20a72bb30,5,satisfied,satisfied,0.009339084,0.059567127,0.9310938
4db0336ddceccacfcd3230c3d933486a,5,satisfied,satisfied,0.0049409056,0.010872616,0.9841865
7b9f6a7b7deba1524f1a4bc5f1785209,5,satisfied,satisfied,0.008873494,0.017479328,0.9736472
c127213fd414e02a7ebeb9a3197bd7df,5,satisfied,satisfied,0.009120062,0.029996661,0.96088326
6fd07619bb49bd89ac5d0ebfb204b2f5,5,satisfied,neutral,0.22055072,0.65783674,0.12161256
f062316cc6b331213ee4ef88dad589e4,5,satisfied,satisfied,0.008032232,0.011385057,0.9805828
8b82c06fe81f9ee43a3ff6aa58fefa11,3,neutral,neutral,0.07886699,0.7249918,0.19614127
796388ff96f6398607d5066bad4c690a,5,satisfied,satisfied,0.0045397985,0.011125197,0.984335
e9a552b258c2bb963f9fb11f784600f7,3,neutral,neutral,0.23279785,0.7421065,0.025095623
7f9014a4c4ac3ed60f691929f36f2c1d,5,satisfied,satisfied,0.0044740047,0.0077161645,0.9878099
22832aead3a5f96c99bc96b661ac699a,5,satisfied,satisfied,0.010913378,0.0684151,0.92067146
8baa8db7b0a7f99d6bef52bb1a7381a8,5,satisfied,satisfied,0.004437965,0.009937049,0.98562497
bbaf466da590a221033164532d781610,5,satisfied,satisfied,0.007030805,0.03428285,0.95868635
31f0452ae5a3c439bd064f9b1fae78ff,5,satisfied,satisfied,0.008019477,0.022472342,0.96950823
b916cf8d53ffa016b91c604c1cedaeaa,5,satisfied,satisfied,0.006973182,0.02650427,0.9665226
cd9435732430e0f85e1a30c976560ec0,5,satisfied,satisfied,0.0050222203,0.013215142,0.98176265
df812d5a3518b21549721edab29d73f7,5,satisfied,satisfied,0.0039381827,0.008189893,0.9878719
78b11e82f8380a0bf1ede32acaf385d6,5,satisfied,satisfied,0.0063367933,0.0246713,0.96899194
0f9a10bfa1873b417d263a936c264ef0,5,satisfied,satisfied,0.008496,0.02886901,0.962635
8a9d3434a3326d2d90b229d8ee9ad3da,4,satisfied,satisfied,0.0077562593,0.029630283,0.9626134
0ad56f2be9b07990be78a03cc3294c7b,4,satisfied,satisfied,0.012283177,0.030003833,0.957713
1a6110c99da8bad7e250d0de9bb8170e,3,neutral,satisfied,0.0051329653,0.019376665,0.97549033
f4b87adf42d9fd5b1be6eb318a509a3c,5,satisfied,satisfied,0.035024576,0.3708421,0.5941333
5049a6400185469f9bcf8acc7e734c3c,5,satisfied,satisfied,0.005209422,0.013771888,0.98101866
aed53a84d528f24adb8e65182980b857,5,satisfied,satisfied,0.004232253,0.012368962,0.9833988
eaa890bad4d47956e5cbfaf1a743709a,5,satisfied,satisfied,0.0051026475,0.008730762,0.9861666
04d8e8dc6abf48652b066a9c10e169e2,1,not satisfied,not satisfied,0.5924202,0.39494848,0.012631287
a22cc2598a724cd9cd42d9376ee9f981,5,satisfied,satisfied,0.0037206318,0.006537645,0.9897417
86d97c11b222419cb198e7983b7a4bec,5,satisfied,satisfied,0.0063648056,0.012892905,0.98074234
8812ec2524b4051fe008c2d48664034e,1,not satisfied,not satisfied,0.9232959,0.07283866,0.003865397
74be029e0185d265f8c75c54bc4f41a1,4,satisfied,satisfied,0.0065855877,0.037788585,0.95562583
21dabb2baace17b84dddf02e839e86f1,5,satisfied,satisfied,0.0051246947,0.011625633,0.9832496
6a2bf88d4f925c9d7a06353580972dc8,4,satisfied,satisfied,0.0148774935,0.13068452,0.85443795
108af474cd8d614da13125ad8c69f1e0,3,neutral,neutral,0.21176146,0.7576156,0.03062295
069bbc39c97015a7d2f9b1f656fe1d0a,2,not satisfied,neutral,0.07967547,0.8373472,0.082977295
7a201c8418bff83b763664b3edd42609,5,satisfied,satisfied,0.0047691767,0.011643255,0.98358756
aaa3483b457c0eab8df2fbbf834b51f2,5,satisfied,satisfied,0.005297475,0.018392915,0.97630954
50fdd51efc36d209cf08dea625fcca40,5,satisfied,satisfied,0.008007424,0.023467388,0.96852523
0092b13cfaeee18f62c3c81443dceb2c,1,not satisfied,not satisfied,0.92648935,0.068800375,0.004710239
64d62fc20369e6fe27907b6fa20f1656,5,satisfied,satisfied,0.008716359,0.016825868,0.97445774
37024b159992f414ea498be72b04fc8f,5,satisfied,satisfied,0.01007048,0.040503863,0.9494257
bc598996d7f68eed8093ebe2d4849881,4,satisfied,neutral,0.11952862,0.73231345,0.14815801
c76fa47b520bc1360fd5b9bddc7121fb,4,satisfied,satisfied,0.0047873943,0.010822979,0.9843896
e37d5f7350f561378f21394d36ba5051,5,satisfied,satisfied,0.012247779,0.046884127,0.94086814
2358fb4530d8ef211eea0f9d396e2d21,5,satisfied,satisfied,0.004420234,0.009787727,0.98579204
82fee576ad8cc13faa11dd9dcdd7b29c,5,satisfied,satisfied,0.004909985,0.009452652,0.98563737
53025e2838db099cc1e1d98eabc95daf,5,satisfied,satisfied,0.005961174,0.021507265,0.97253156
cb632555fa886b76169ddb5ec80eecb0,5,satisfied,satisfied,0.007842162,0.035962548,0.95619535
33acabb395d980d3d7d2de38da79169d,5,satisfied,satisfied,0.0034058332,0.0054755807,0.9911186
6a5f288e433ffa8c3488574925ad6311,4,satisfied,satisfied,0.01270299,0.05406453,0.9332324
119c5ea17d50fb7e8729467ed3e48116,5,satisfied,satisfied,0.008122844,0.024687672,0.96718943
d7ca3e407be93191c2383e4972e344e5,4,satisfied,satisfied,0.07343902,0.6675526,0.25900844
e5239ea52161c2aac7b77c5a7fa48f65,5,satisfied,satisfied,0.005235239,0.018155642,0.97660905
ed5dce5792bbb3ed779e256600d9da99,3,neutral,not satisfied,0.5554297,0.43033403,0.014236312
c15814a00b4183697336c7c7ac340f5a,5,satisfied,satisfied,0.01261966,0.12531902,0.8620614
1def60d68419d8be32592de044d25263,2,not satisfied,not satisfied,0.93008935,0.065997034,0.0039135762
8be5d1eb3e3a11dbea85e33ba880a657,4,satisfied,neutral,0.12207594,0.7625037,0.11542036
430742aca5ea41167a0879f8ac73b052,5,satisfied,neutral,0.14800975,0.6805665,0.17142378
8d6a6ad18be3ae204c11547c37ed3bde,5,satisfied,satisfied,0.005040932,0.011679891,0.9832791
3530c748789c8f3c2ce70cfd32269c7a,1,not satisfied,not satisfied,0.93782026,0.058565363,0.0036143987
8cfcb1d8604cbc8310a58644568afd2c,5,satisfied,satisfied,0.0044529233,0.009912442,0.9856346
6938e2860262eb91f0f9811082518a8f,1,not satisfied,not satisfied,0.8833253,0.112190135,0.004484584
3965064732f635c16004ace21f2a1cd7,5,satisfied,satisfied,0.0039439653,0.009869398,0.9861866
3a15a944d318c49004e8b4c45d1d355f,5,satisfied,satisfied,0.007731456,0.014265446,0.9780031
e928909b76df48b0407fcc1cfe88cba0,5,satisfied,satisfied,0.0044737784,0.011339372,0.9841868
075a18cb6cab66cd0b249f47366dcb5b,4,satisfied,satisfied,0.0054355147,0.017197598,0.97736686
a7ee883242b9b86a514326cb173eef61,2,not satisfied,not satisfied,0.7125536,0.28010762,0.007338772
32613ad0cb4d0c1175c3faac7a0ac800,5,satisfied,satisfied,0.0052896533,0.010522787,0.9841875
8e1a1062ecfa75a669cf85bc9e50746d,5,satisfied,satisfied,0.005706877,0.018543748,0.9757494
3b6a06f2d2d2ef1aa5203f7cf93599d8,2,not satisfied,neutral,0.33516482,0.63398594,0.03084916
ea9cfd47aede2a224d85bb22f585efcf,1,not satisfied,not satisfied,0.82471526,0.1665604,0.008724379
5e2f17b808e03b50c1fd5c35c6959fce,4,satisfied,satisfied,0.010543577,0.07843615,0.9110203
e4026a9c328c35dd50ac0a9884f63874,5,satisfied,satisfied,0.010998366,0.038294483,0.95070714
66345eccc2831ee5b714b959e7049877,5,satisfied,satisfied,0.0037431372,0.0066449125,0.9896119
7a635675a5b8e241f8aefc6b05974f4d,5,satisfied,satisfied,0.004875696,0.009905951,0.98521835
d2428f1630d956ae4ddf88923625e7e6,5,satisfied,satisfied,0.004888492,0.011156131,0.9839553
5eba4da09e7b3a6d5fc3b641e64247d9,3,neutral,neutral,0.2841657,0.66897017,0.046864133
46e22854826736a8747acd853828eaef,5,satisfied,satisfied,0.004430402,0.0076989136,0.98787075
58e7a91df96e22f33c640cd9aafdaaa7,5,satisfied,satisfied,0.0035255363,0.006435593,0.9900388
17be5d525993afcc2d845c9b2eb01985,5,satisfied,satisfied,0.006227659,0.011235147,0.9825372
8b9b20c4cdb5c0be171da791c40ac597,5,satisfied,satisfied,0.0032405523,0.007335416,0.98942405
a072b9d51f88fcaca199d0adfc049e47,5,satisfied,satisfied,0.0074833627,0.016743045,0.9757735
06c7011167b56ea6b247032d76ee984f,4,satisfied,satisfied,0.009462181,0.018495696,0.97204214
bff9499eb5786b85203967f8135343ea,5,satisfied,satisfied,0.006084639,0.017892817,0.97602254
13e4fd8ba558d510e5a5487b897b76f3,1,not satisfied,neutral,0.29368106,0.6446234,0.061695572
c042551d05f7dc28d13e47477092d008,4,satisfied,satisfied,0.0071619106,0.034933057,0.957905
4229a3eb77337f6f15645075e295f46c,4,satisfied,neutral,0.14702024,0.7439062,0.10907353
1ed71da55c5d6ebd2d84731c7cfc386e,5,satisfied,satisfied,0.005317881,0.007724009,0.9869581
4fe46a89258887232b82627f9bd9ed16,5,satisfied,satisfied,0.010460522,0.018569833,0.9709697
9327e2f57488b51d461b494922747a31,5,satisfied,satisfied,0.0067024403,0.021230621,0.97206694
c7d657bc28e36f85810e2479edbba818,5,satisfied,satisfied,0.009287701,0.031077996,0.9596343
0de3bbfe04b743ff407760a9451904bc,5,satisfied,satisfied,0.05298308,0.443945,0.5030719
ba01ae1c1808e8236710be3cebe8f908,2,not satisfied,neutral,0.21091224,0.7561932,0.032894555
1cf74fa4011d197a5d07f31f04bda3c4,5,satisfied,satisfied,0.004707589,0.011239713,0.98405266
ca400768692ecce006f7e01637c92a66,5,satisfied,satisfied,0.02248922,0.08533562,0.89217514
539935bc43e5498b772b5223d70a74b5,1,not satisfied,not satisfied,0.82884455,0.16471027,0.0064452603
82414a92d0a63a0c4f68f08091b68bdd,5,satisfied,satisfied,0.004185968,0.008134674,0.9876794
7f7784ec9b0a4f4d5e685156c42b948d,5,satisfied,satisfied,0.00451838,0.008998254,0.9864834
3f9d96e0e2ddc9c8b0f081a631a1ee18,5,satisfied,satisfied,0.00700354,0.028209265,0.96478724
50468a701b461598e2be99c508d62fce,3,neutral,not satisfied,0.7924354,0.2008612,0.006703361
c5999b897d85e26791a7b5f7e2005d12,5,satisfied,satisfied,0.003651319,0.0067207594,0.98962796
2d22e32c4dd1d2e8fc89e616020264c1,4,satisfied,satisfied,0.004171488,0.009489523,0.986339
05b0ab05f2fd652c998044ff695091d0,5,satisfied,satisfied,0.0048454115,0.0073596993,0.9877949
a523f8bfae6ba211688bb306668cc6b4,5,satisfied,satisfied,0.007931411,0.034466743,0.9576018
4d7d48748e3963baa6f05a5c9ffaae23,5,satisfied,satisfied,0.005751232,0.009066438,0.98518234
179e8c3091f35e91d52778a89571a44e,4,satisfied,neutral,0.08369072,0.80395937,0.112349875
61e96b9587e80ad34bbf645c97de2545,1,not satisfied,not satisfied,0.87794083,0.116628155,0.0054310155
d8be38b855b89605f546f5eed93624b4,5,satisfied,satisfied,0.0045730215,0.009033844,0.98639315
8233d59ca9cf0eeec876fc3f83f8c040,5,satisfied,satisfied,0.00591296,0.017051872,0.97703516
8a7555cc2a236baa19c0833f13659647,3,neutral,not satisfied,0.5849056,0.4034332,0.01166122
2b14f38893c92663ae0b29310919d863,1,not satisfied,neutral,0.42349094,0.5488828,0.027626261
5a2d5100cd6720202f75b8f94a7d597f,5,satisfied,satisfied,0.00521853,0.013005561,0.98177594
837e5295e1921d5a985e50a511a15443,5,satisfied,satisfied,0.0055054473,0.013545013,0.9809496
da1d7cae55788a1d2d10165ae1a2b7f7,1,not satisfied,not satisfied,0.8879605,0.10653346,0.005506021
915d98fc579492e95166cbf49574f070,5,satisfied,neutral,0.30723703,0.58845973,0.1043032
dc2d6fe814e050eddeb02a151e9888e7,5,satisfied,satisfied,0.026153378,0.22807628,0.74577034
45d207bebce607fef40923d5e319801d,5,satisfied,satisfied,0.008191319,0.041795634,0.9500131
e1507de43f233d0f08eecd9c349fb9c2,3,neutral,neutral,0.07289678,0.7429646,0.18413858
299d83f320a9476a268611003582697e,4,satisfied,satisfied,0.0059602237,0.015716776,0.978323
7db377e144e9e98b60ddfd6277310a99,5,satisfied,satisfied,0.13182381,0.6581348,0.21004133
f04015a5f9a5568f82454ea9a7463071,1,not satisfied,not satisfied,0.92867595,0.06705354,0.0042705177
98fcf8a9556065881b66450475b8e7c5,5,satisfied,satisfied,0.005587363,0.020389337,0.9740233
b7b609da03804e38726eed937a85dc9c,3,neutral,not satisfied,0.9100118,0.08595621,0.0040319976
cd2b98c9a4d113a2ed2a32ccc39ad5ac,4,satisfied,satisfied,0.007030402,0.027996875,0.9649727
ce9e02f934535f7cba643aca79fbd2de,5,satisfied,satisfied,0.004594691,0.0107749095,0.9846304
37ffe0a585400dff1110510a4cd92692,3,neutral,neutral,0.08055114,0.78451145,0.13493745
d563656844fd10ccbe9299504b5607f5,4,satisfied,neutral,0.06338084,0.7550175,0.18160155
954fca2b4ff06a5ba6d90e1e2382d87a,5,satisfied,satisfied,0.0040923688,0.010747975,0.9851597
11cf2470e7edb7219d82bbbbe75359a8,5,satisfied,neutral,0.17639343,0.72841823,0.095188245
f2b553622d2d6fa15046643b6f3462ea,5,satisfied,satisfied,0.004120632,0.0071743173,0.9887051
cb79a4594ea65bf2b3a29932cf461404,2,not satisfied,not satisfied,0.93613905,0.060161155,0.003699736
0804c2b545cfb317037dfad910868eb1,4,satisfied,satisfied,0.016810736,0.14773722,0.8354521
c660343974d5869d592292d997fd84f3,2,not satisfied,not satisfied,0.50931036,0.4724239,0.018265676
616e3006f1ff8ac7f785ba88dab82d60,5,satisfied,satisfied,0.0049444847,0.0083125215,0.986743
024a5eef26849ccf32c5e36096de0832,5,satisfied,satisfied,0.0051305243,0.012027999,0.9828415
b428db9fe3a77712bd5fef14a431c41c,5,satisfied,satisfied,0.006172,0.016700843,0.97712713
e2a31ed6261aa324e0d35a5036b6f61d,5,satisfied,satisfied,0.0039436603,0.007741585,0.98831475
621173fc8e0bd4ff3be87ddb14b8fe57,5,satisfied,satisfied,0.006468923,0.014082275,0.97944885
980771bbcb2fda0255bf4b2c0381481e,5,satisfied,satisfied,0.0043168194,0.0077257375,0.9879574
8bb77185e7ec90ddab603f1e77e84e6c,3,neutral,satisfied,0.043876965,0.4906951,0.465428
25a48966fc6898dcaf62a58a36530984,4,satisfied,neutral,0.1540042,0.80063117,0.04536462
d9c9ce7042945633c6960b497e0ce0fa,3,neutral,neutral,0.14228457,0.78406227,0.07365313
4c0c79ebad4f4c99f836b383b34f9017,5,satisfied,satisfied,0.0047856574,0.0091544995,0.9860598
156ab4cb34886000ff11c0d75a3f3e9a,4,satisfied,satisfied,0.007638327,0.0237633,0.96859837
ea51d7728cfcc59e0528d2cb7180eeee,5,satisfied,satisfied,0.013263792,0.045982562,0.94075364
670bc80d807eb2048eef1b29c8167d88,4,satisfied,neutral,0.20583254,0.73194444,0.062223103
35d55ca958d97aa9a45f8abf11557ef0,5,satisfied,satisfied,0.008611483,0.031038746,0.96034974
c71d5d54adab918efb32023264dcdc41,5,satisfied,satisfied,0.01769916,0.08408503,0.8982158
d7d7fa3b79ac34213c54313cb5beede6,5,satisfied,satisfied,0.0040825317,0.013380765,0.98253673
8366ada24c4cdbe16e80425a1a9e993c,5,satisfied,satisfied,0.0058206506,0.009950986,0.9842284
99355e860513753939695fd818ecb869,2,not satisfied,neutral,0.30150196,0.66621125,0.03228682
da7d238190ad85ec0937391ff7770da4,3,neutral,neutral,0.36144936,0.61917794,0.019372597
d019ab65ddc3cc3d0fd56f9e5bfed01e,1,not satisfied,not satisfied,0.93684256,0.05930128,0.0038562086
c0ca21644460d19f5fcc2eabb388465d,5,satisfied,satisfied,0.0196623,0.07549857,0.90483916
8d8bbf42730bbc8f9d5b94b5f43ab839,5,satisfied,satisfied,0.004634284,0.009749733,0.98561597
d3aeb1835bdc21d4a495afd95d3dfa03,5,satisfied,satisfied,0.005657169,0.014866361,0.9794765
13be3eb220552b5fd6eeddf5dc958d26,5,satisfied,satisfied,0.04656388,0.38201,0.57142615
0a32560b5645c22d732617ab993cc787,1,not satisfied,not satisfied,0.86862963,0.12619896,0.0051714214
b89671eb93e01d5a085b306ddddb0998,3,neutral,satisfied,0.24408326,0.54635715,0.20955956
6f43785864c94b4871c2a755d82c808a,5,satisfied,satisfied,0.0051618717,0.013387784,0.9814503
c6124c8c51b9d6e456bc3c45e55d1cd6,5,satisfied,satisfied,0.00422163,0.008090114,0.98768824
d478853abf015b77361161ded8494738,1,not satisfied,not satisfied,0.9605072,0.03400793,0.005484796
3891188373cb700106b9f7fe1efd7067,5,satisfied,satisfied,0.05691635,0.59662825,0.34645543
92b73549bc86b7d725f90b435c8c0790,5,satisfied,satisfied,0.00594227,0.012923671,0.98113406
defeec2d49902b93fa57ee5590aafa9e,1,not satisfied,not satisfied,0.9574652,0.03818287,0.004352033
202a150058600ef10a176ca975303d50,5,satisfied,satisfied,0.0050336337,0.008485525,0.98648083
d6f201567a49d42cfe8f82d49e089137,5,satisfied,satisfied,0.1883489,0.2707049,0.5409462
6a6b070167c658394479e79f05e7dedc,1,not satisfied,not satisfied,0.9598077,0.034244765,0.0059475163
d9ab26b8190ddfac4f2fe8fcf7165e58,5,satisfied,satisfied,0.005277724,0.013307139,0.9814152
d8975ab1cdedee6fd4465dfc4a57db65,5,satisfied,satisfied,0.0056500435,0.016120192,0.97822976
74016a0bd0e674018d37a2ff208341c2,5,satisfied,satisfied,0.0048275497,0.010839661,0.9843328
27565f6235a8cb74a3b5ef7cbe47fa64,2,not satisfied,not satisfied,0.9218656,0.07348206,0.0046524284
660ff13138189acd05815e70a0e3ca97,5,satisfied,satisfied,0.0061099534,0.010594789,0.98329526
7ac5705c3871ba6863e85da4b01a4823,4,satisfied,satisfied,0.004470525,0.01398636,0.9815431
f1c0f6548476583044e7047895972169,5,satisfied,satisfied,0.005112291,0.008426053,0.9864617
9f9a0d92b4d8b2dc742c14033798fe26,5,satisfied,satisfied,0.0044781053,0.012467122,0.98305476
ec37a9d081a3c5bca3dae5d15e69c817,5,satisfied,satisfied,0.00402908,0.008657784,0.9873131
f8cbc9a199037934f99c541d40919c1b,5,satisfied,satisfied,0.014016624,0.04502938,0.940954
ef44340c61342c6d947b8f7fded1511b,4,satisfied,neutral,0.08525193,0.76326454,0.15148348
66c2545c3a6ee20a974f25602eb26750,5,satisfied,satisfied,0.0040001725,0.007327987,0.9886719
75c9723bf0aa25890b255f87d72fb9fe,4,satisfied,satisfied,0.026503215,0.21681523,0.75668156
5b8ecae3fe99f10ce6dd6124a47177b5,5,satisfied,satisfied,0.0063681705,0.009968632,0.9836632
c598182ba30553c9863f8699a36ef348,5,satisfied,satisfied,0.0062134266,0.012929525,0.980857
0ec396ebd2291b901957a9b9b103281e,3,neutral,not satisfied,0.86154765,0.13269763,0.005754786
b1e5fc46a792f37bf2fcc1baaee7244d,5,satisfied,satisfied,0.007750299,0.017154636,0.97509503
0bb04350f29e4e9f04bca808349422f4,4,satisfied,neutral,0.07406164,0.7470711,0.17886728
3f06aa5745d6d2e59584cd6d6e3f081e,4,satisfied,satisfied,0.0044033322,0.009916156,0.98568046
45acf16a0e57d554cf3709c08dfe77a3,1,not satisfied,not satisfied,0.9417578,0.05403693,0.004205305
e306b57f57667a8448fdf1b803394313,5,satisfied,satisfied,0.013333377,0.055143435,0.93152314
973bf8059fa71d82d73edb2636c3fb9c,1,not satisfied,not satisfied,0.9260948,0.069930285,0.0039748927
2e9adaf040cc66b1dfe20302432799c9,5,satisfied,satisfied,0.013365106,0.06394155,0.9226933
d732e9d33681d12e958619502fc605ef,5,satisfied,satisfied,0.007195069,0.033986405,0.9588185
0e5e9dbc321d62e5fab58862f772a69c,1,not satisfied,not satisfied,0.7895347,0.20072578,0.0097395545
03b1270fa6258975521a56ccfed8324c,5,satisfied,satisfied,0.0057495283,0.014525138,0.9797253
18a345690832d72309dcdf00f69c0385,5,satisfied,satisfied,0.0048206234,0.010501918,0.98467743
70e9a149a7ee3a2d3a0e91dfdda5cdee,5,satisfied,satisfied,0.0048984536,0.009767749,0.9853338
35c23365bd0f7c46616a141a04023671,2,not satisfied,not satisfied,0.61601096,0.37036106,0.013627986
635df748522cca0c37d35f38349c0d1a,5,satisfied,satisfied,0.0044341385,0.007991785,0.98757404
86a74870f6d12def4c58d8c519b95c36,5,satisfied,satisfied,0.0041453107,0.008589995,0.98726463
170da13e07818c3f08ad57b52780bd24,5,satisfied,satisfied,0.006226198,0.010876363,0.98289746
1652e4457d952f9eb635959826d5f5dd,5,satisfied,satisfied,0.004023687,0.008235608,0.9877407
ad28c9c624dda9c3cbb0375c6395fc19,5,satisfied,satisfied,0.109570764,0.6361685,0.2542607
64215b4029473f9e17ff366dadc64d3d,5,satisfied,satisfied,0.07571687,0.55953753,0.36474556
bf58c2e41ce30104f0eca8f313c49221,5,satisfied,satisfied,0.009907238,0.033811867,0.9562809
e30b91ef60126104d3ea05010e82bb81,5,satisfied,satisfied,0.016335603,0.06227737,0.921387
bdb237a4ce8c4f0d52a8361547875f5c,3,neutral,neutral,0.09077257,0.8409039,0.06832364
d6672558f5422e1a5909db6ad6aaac22,5,satisfied,satisfied,0.007813073,0.017395128,0.9747918
7a05371dd086358ce698b2370714900c,5,satisfied,satisfied,0.00472108,0.010709791,0.98456913
f5603a4b4a66ec7b87d8a21bf2344c8f,5,satisfied,satisfied,0.010571677,0.026398677,0.9630296
0e36b2ebada882b7e8e02f79218142e8,1,not satisfied,not satisfied,0.9140896,0.082206815,0.0037035404
f15c310cd3365277330d3202ceb0cb9a,5,satisfied,satisfied,0.0047200364,0.007409842,0.98787016
e2c50d21cfb0e79c2047f42f472a7a7e,5,satisfied,satisfied,0.0046052495,0.008394368,0.9870004
624d87bd048c1ce29e08895a140393cf,5,satisfied,satisfied,0.003715896,0.006951983,0.9893321
b113fd2f6457f3653330f674a92f79ab,3,neutral,neutral,0.13624847,0.71986437,0.14388715
0f8807133c725590e0ae1ec71044bdb0,1,not satisfied,neutral,0.27270806,0.6964493,0.030842697
4c5793afa6dfdbb3965dd5c676efc422,4,satisfied,satisfied,0.007023969,0.03163595,0.96134
10a83be972100f5395462d3710958025,5,satisfied,satisfied,0.004462919,0.006684548,0.9888525
821f6a175609eeefcaa7fcb5578f68e3,5,satisfied,satisfied,0.005375083,0.010472561,0.9841524
2559909f2bc9fb57110304e01bb22050,5,satisfied,satisfied,0.004789987,0.012020502,0.98318946
cfa2037c2deeffd0c77fcbc138c6d71e,1,not satisfied,not satisfied,0.9538547,0.04104033,0.0051050754
b463ac132027c8d5f02b36bf29439d20,1,not satisfied,not satisfied,0.93492603,0.06119838,0.00387565
3f8f49253d6219771b1e1127b44421ae,4,satisfied,satisfied,0.012353894,0.11072139,0.8769247
dd4138a05b2576c2d11f33d144cadf09,5,satisfied,satisfied,0.0070735207,0.024986437,0.96794003
7803e4e28a05b6eb09259fa6e43b41c9,5,satisfied,satisfied,0.00984107,0.030430345,0.95972866
e8b5a314a1f20b1174e2e6fb6703210a,5,satisfied,satisfied,0.0054981057,0.012294226,0.9822076
08d5bd9fe08978af70b1e720d556f3cd,5,satisfied,satisfied,0.02532382,0.3006413,0.67403495
c1e086b9f16ff35ab53a823655985ed6,5,satisfied,satisfied,0.0039364,0.008292729,0.9877709
fcb41a19b80c7e629be3c343469ae493,5,satisfied,satisfied,0.009156842,0.018011281,0.9728319
c8df1be79d40671c4424d5c68b709700,2,not satisfied,satisfied,0.036539078,0.3052249,0.658236
437cbc5bd316bc1eff1677c789b2f4bc,5,satisfied,satisfied,0.011105859,0.027769433,0.9611247
7492ff33f6adcdde843619ca60bc6aba,5,satisfied,satisfied,0.19910888,0.58407503,0.21681608
7f8e3a368b804f53f948b8d1fb67ec42,5,satisfied,satisfied,0.0057224,0.014886872,0.97939074
5d04e2c98c219ee66f200c18f6d01259,5,satisfied,satisfied,0.009804672,0.025540784,0.96465456
0276d4c089fd0c1be079dd9e9a4d3a1f,5,satisfied,satisfied,0.0042896103,0.009647864,0.98606247
37ab9f79a5738732a8b4f48fae3e4b63,5,satisfied,satisfied,0.010268387,0.01790543,0.97182614
8346da58c0eec3089fc772cbf1f77875,5,satisfied,satisfied,0.00357402,0.0076799323,0.988746
55a09ea81a0b0e54536647b7e56ed552,5,satisfied,satisfied,0.0049745203,0.008393239,0.9866323
702e1d220ce75720d7f51d27a8af1934,5,satisfied,satisfied,0.010220545,0.03591482,0.95386463
a3b2ef574864d624def7752592485fec,5,satisfied,satisfied,0.0041793655,0.009804407,0.9860162
aa3797520a87ab105c842fe0e3a13b44,3,neutral,neutral,0.22300163,0.7454011,0.031597234
0f4de43b16a70d62079c13a19dd25f2f,5,satisfied,satisfied,0.005340653,0.013427336,0.981232
a66db84c00f9d41ef4b88da295a2795f,5,satisfied,satisfied,0.0050217267,0.008718231,0.98626
d764e837c38c565fbcb8ef5da9bc30f7,5,satisfied,satisfied,0.004736776,0.016456546,0.9788067
11de4164cfac2a230efe4c15cdc56036,5,satisfied,satisfied,0.006124637,0.01883073,0.9750446
6c8c378972d40352d490031a35234604,3,neutral,satisfied,0.08966524,0.6836543,0.2266804
d7412a392210ff3de8e6ba875ccc2769,5,satisfied,satisfied,0.006024771,0.01712101,0.97685426
3e0a1c67728ce2f927083c9168396aa1,5,satisfied,satisfied,0.003964605,0.008570724,0.98746467
0fcdeb38db2a81e442295f65850917f4,4,satisfied,satisfied,0.041105244,0.4634009,0.49549386
cf650776b9cb65f3dc3aa622806c016e,5,satisfied,satisfied,0.0047785183,0.008220234,0.9870012
ae3c29cc7e0b2addb208b36e615c7e4f,4,satisfied,satisfied,0.008006672,0.0397845,0.95220876
93d8aa980d8e839729b94697603e721b,1,not satisfied,not satisfied,0.9178413,0.07744672,0.004711937
3334279d6837d438b8917f849761bfd5,5,satisfied,satisfied,0.005899849,0.01468109,0.9794191
19fffecdc5599309613b6905484842c3,5,satisfied,satisfied,0.012328549,0.04118923,0.94648224
ae24fe2d21602af5a622af6ebc623bdb,5,satisfied,neutral,0.078622326,0.71915203,0.20222557
32eb30b490cbd7cc40fe4556d62ab171,5,satisfied,satisfied,0.0065581943,0.014923748,0.978518
74546a09d9b0567355d12499a5062ae0,5,satisfied,satisfied,0.004671361,0.008243442,0.98708516
6de4c538e44bd13d0ccdf25242657c92,5,satisfied,satisfied,0.004012368,0.009296609,0.986691
a159a0c80e645d23fbd706c2b0e7aaaa,4,satisfied,neutral,0.17822318,0.7715158,0.050261024
6d5f1deb8ba7bc5d8c345c6fd0a1e30f,5,satisfied,satisfied,0.009099524,0.043692514,0.9472079
99552b221a5c2978dda4aa891a3de21f,5,satisfied,satisfied,0.005434366,0.009739997,0.9848257
826be2fb336310cee64912fbc6647198,5,satisfied,satisfied,0.0064836037,0.016033558,0.9774828
557676d835baa6b9016ae3235f39f9b2,5,satisfied,satisfied,0.0040917285,0.010199867,0.98570836
eb9b4cea271809e1dc9d8a6533b0a4ce,5,satisfied,satisfied,0.007476925,0.028583871,0.96393925
843de2f4d1afb63d270c2153d6ba70e6,5,satisfied,satisfied,0.008064777,0.029933969,0.9620013
08607b47b72986d82b9bdaf266b91295,5,satisfied,satisfied,0.004215772,0.007474163,0.9883101
9239b35374430ea39473cd3edb762adb,5,satisfied,satisfied,0.008231681,0.022678683,0.96908957
4b1153d49133fae15039d18b94c9a58c,1,not satisfied,not satisfied,0.9221783,0.073805846,0.004015821
c0119c5c5d87bc64cb9e48aaca2b4116,2,not satisfied,not satisfied,0.92686856,0.068421125,0.0047103986
49fcb7ec2af7b9ef33d74c3c4eede912,4,satisfied,satisfied,0.005793246,0.009770971,0.9844358
656da84fe63c153937dcb918d404bdd0,4,satisfied,neutral,0.33601716,0.5733904,0.09059242
4d20c52005f61ffbc28deb5ff444a8b9,5,satisfied,satisfied,0.004470766,0.008949333,0.98657995
a211a030ff793f6790eaffde492f125c,5,satisfied,satisfied,0.011563891,0.036693715,0.9517424
a633f750c08c20b1cd373d90f00ad633,5,satisfied,satisfied,0.006574833,0.02763496,0.96579015
8483aea9e9af47619b123399dcd1114c,3,neutral,not satisfied,0.51934105,0.45994374,0.020715244
0eda8dd34944f74f74b38ff21ac8cbfb,5,satisfied,satisfied,0.0040774746,0.009014137,0.98690844
ff1d3f0002dc1e8931813a83db136e79,5,satisfied,satisfied,0.0035246834,0.0075615463,0.9889137
40dcc54766e6ce9d69e65843f0ff156c,5,satisfied,satisfied,0.0038511795,0.008011317,0.98813754
3bd7e01df3d2d325aa760232c5bb30eb,3,neutral,neutral,0.26073927,0.7056826,0.033578213
e7dc2eda62402729bd9214e19233a62d,1,not satisfied,not satisfied,0.9353329,0.0609877,0.0036793968
6b77f12bf53cad1d0b93539e08b00648,3,neutral,neutral,0.111782774,0.81776255,0.07045466
f871ef89e87b50bed4408592a1e8009f,5,satisfied,satisfied,0.0041898005,0.010649455,0.9851607
83cf6e0c1b0adbb1741603dba707acac,5,satisfied,satisfied,0.00615502,0.01818006,0.9756649
6e0f62ceb02ea3ea2e8ea9bc8be4c87d,5,satisfied,satisfied,0.0041781315,0.007271161,0.9885507
c68f837eee80ecdff73b54b61a97504a,3,neutral,not satisfied,0.86486983,0.13016562,0.0049644625
a8f046d2363787b6c184ffc31a135242,4,satisfied,satisfied,0.05241907,0.56392276,0.3836581
82fd1fc0637f647d7eb3105d81a2f4db,5,satisfied,satisfied,0.005783212,0.010142963,0.98407376
f3a964a0689f5442bfbe014561cbd5e4,5,satisfied,satisfied,0.00401013,0.0074932817,0.98849654
535fb5c204b63d76512b59e3206545e8,3,neutral,satisfied,0.008158852,0.043867473,0.9479737
de08a5b3449c14baa8640b76916dd483,3,neutral,neutral,0.18044655,0.7687768,0.050776687
fdd0b9633d6b4a2920ec34803f0ef0dc,4,satisfied,satisfied,0.004456071,0.014775653,0.98076826
88996ac2116a64778321fa10abdfcd6c,4,satisfied,satisfied,0.010659489,0.023637475,0.965703
9908a3eaafd9763b37ab9195f66a9044,5,satisfied,satisfied,0.008716502,0.026647402,0.96463615
7242ff8d95d6616a4a2b8ef39cd3db11,5,satisfied,satisfied,0.004000898,0.007874664,0.98812443
992882689efc0c7890ee521984d3af3e,5,satisfied,satisfied,0.0047492324,0.0154392915,0.9798115
d62e35b9643161240eb9dcbb78b3c4cf,5,satisfied,satisfied,0.008259018,0.019329699,0.9724113
27573706f0d677d7bab0f0514abb2845,5,satisfied,satisfied,0.005823239,0.010692604,0.9834841
25f4967079a035e4f4deb16eee54a617,5,satisfied,satisfied,0.006051105,0.015828386,0.9781205
bed8fea247e17728a1df7f6a8dbdad26,5,satisfied,satisfied,0.0041157827,0.00819044,0.9876938
a4aa97dea9a9c9001bf052ea598aa648,5,satisfied,satisfied,0.0042588916,0.007985426,0.98775566
59f7447a5643221ac81ca1abaa497971,5,satisfied,not satisfied,0.7016628,0.2802051,0.018132098
b1930a59268147f51f055ecb171bee27,2,not satisfied,not satisfied,0.86705554,0.12747331,0.005471095
b89010e992ee019f81137166dd2a54cb,1,not satisfied,not satisfied,0.9235481,0.07186476,0.00458708
6e70c2a498f13f65426e103b5b790de1,1,not satisfied,not satisfied,0.94434667,0.051412947,0.0042404127
32e9ce8d9bce1e31aee264eb10b1a1b4,1,not satisfied,not satisfied,0.7937823,0.19979624,0.006421474
562f518a81ba30fa88128e9b41e516d1,4,satisfied,neutral,0.051603865,0.7598472,0.18854886
416f3a58676cbe8079d80000af17c472,1,not satisfied,not satisfied,0.9439826,0.05175683,0.004260553
0c877b881f5bbcb3cf34cb3dd3b481d0,4,satisfied,satisfied,0.010339987,0.06396343,0.9256966
5bc91b94f925ca610d4a9c866d29f707,5,satisfied,satisfied,0.010194281,0.043151576,0.94665414
552a7b89af5324dbac2e80ce5bc74342,5,satisfied,neutral,0.24565153,0.6640062,0.09034233
8406aee040dec02a6ee25406eeb57eaf,4,satisfied,satisfied,0.007247252,0.03852222,0.9542305
fd11b8a93d7a884594c833018c4871c3,3,neutral,neutral,0.12194366,0.7575263,0.12053006
4ba4f3aec5630f16a0032c5ecce2c644,5,satisfied,satisfied,0.0058442014,0.019011002,0.9751448
1944e73ffa5ae84beaf5a437975a2db3,5,satisfied,satisfied,0.0042945454,0.010905462,0.9848
2dab6bcbeb2e04f9bbf383b5393da0f6,5,satisfied,satisfied,0.004570613,0.009487602,0.9859418
a08dc6b438333e7a848db75e5b7cf4fc,5,satisfied,satisfied,0.0046236324,0.010947201,0.9844291
4ccd84516567269c162df1d78632dfd6,2,not satisfied,not satisfied,0.4589628,0.48911673,0.051920462
c6cfb660300e455dd4d91ebb08760433,2,not satisfied,neutral,0.27248815,0.69597745,0.0315344
af2f7ea1db8649b8b749cc6f61c477f4,4,satisfied,satisfied,0.058445685,0.61726755,0.3242868
d49aaf21d6a9cf73116f24c39422e40b,5,satisfied,satisfied,0.006363109,0.017533414,0.9761035
c9c852b5874c01e5ef2fa312cfa8f585,5,satisfied,satisfied,0.025386877,0.2940897,0.6805234
76031cfd6ebc833afd167caaf5a60deb,4,satisfied,satisfied,0.004093832,0.008929348,0.9869768
29e97c20599c92b9313c3e0faabd0275,3,neutral,not satisfied,0.6983763,0.28736538,0.014258292
e9276656846fd57c67a070ec9e1da834,5,satisfied,satisfied,0.0063737715,0.021104645,0.97252154
f18cc6adc9258febad669a8045cf73ba,3,neutral,neutral,0.15306108,0.6617267,0.18521225
4495c2a856a832dd679270a19f7a6007,3,neutral,neutral,0.14598373,0.7630482,0.090968125
018402891e36feeb18ebd8f79a07536b,1,not satisfied,neutral,0.21306643,0.7519444,0.03498918
4ec888239edc3d4414105b0a2c507e38,5,satisfied,satisfied,0.004337831,0.00931598,0.9863462
66311301056fe2cbd5110ba130dd8033,5,satisfied,satisfied,0.025789736,0.23603876,0.7381715
5c9a85f254ac576fc81f91507ba85e07,4,satisfied,satisfied,0.007487349,0.025176216,0.9673364
78c0cf36f981d194fb311b32739281c7,5,satisfied,satisfied,0.004821569,0.012766539,0.9824119
1244013c308fedc394a7b2cd096eed29,4,satisfied,satisfied,0.004057301,0.010416445,0.9855262
876b07cffc52d638bdab4c1977f54ef6,3,neutral,not satisfied,0.8440441,0.15033129,0.0056246477
9458d9a33b6bd3e68c3c0b5b3e0f3314,5,satisfied,satisfied,0.003689503,0.0066923783,0.9896181
c7b9baac8a68368bddb493afc5e05fec,5,satisfied,satisfied,0.005295244,0.010493542,0.98421115
35e3831224cb9b741908d1e6c16a2d25,3,neutral,neutral,0.388555,0.57522863,0.036216438
b2c2067ae7fd2247da01c7cd8bbd82af,5,satisfied,satisfied,0.0057863058,0.0092039,0.98500973
3d95c9dcc893833fb6b1e249609a888b,4,satisfied,satisfied,0.008330068,0.04234199,0.94932795
8f9efabfddad727ab40fa31d57503a52,1,not satisfied,not satisfied,0.8177321,0.17517069,0.0070972657
b5756896ff2e7a5e1ce1dff51c6b9ef8,2,not satisfied,neutral,0.1104645,0.7806934,0.10884208
00ea9685ec4640417d877f7700f79496,5,satisfied,satisfied,0.0042598373,0.006750318,0.98898983
a5cb5dbf29f46813e76fd13f57adf951,5,satisfied,satisfied,0.005630113,0.016642194,0.97772765
f9180d2a63743121dbbfb2d30801ced8,4,satisfied,satisfied,0.010412577,0.07627136,0.9133161
08634cf3486c3b70f615924d5aa7a80b,2,not satisfied,neutral,0.20528384,0.76024806,0.03446816
d411db11473c088afc3f248a9c7fe36c,4,satisfied,satisfied,0.0075471946,0.016238788,0.976214
53c75178933567f55bb17192fa828b95,5,satisfied,satisfied,0.007330013,0.022522975,0.970147
dbc2cfefd5d2bceba13739fc6f4d05a3,2,not satisfied,not satisfied,0.79255223,0.19933656,0.008111215
d190d7264f83c8e243104e415efa1b7f,4,satisfied,satisfied,0.008597422,0.03377908,0.9576234
e1acc2762706f22df9306532d5cb89f0,2,not satisfied,neutral,0.1742737,0.791513,0.034213245
f7e64d525060a01449a04a9e9ca74772,5,satisfied,neutral,0.18929434,0.7724672,0.03823854
97b6b6a338b289a001429f4f1f8de46d,5,satisfied,neutral,0.19293761,0.6394492,0.16761322
acf2342561fb42f25755a4d2a32a42f7,5,satisfied,satisfied,0.0066245394,0.009433241,0.9839422
63d8dd0c73a191151f9d9e7581a026cb,5,satisfied,satisfied,0.0072560143,0.011624324,0.98111963
ee7d12b8bf414bb86cf937ee34623325,3,neutral,neutral,0.25259155,0.6937634,0.053645115
91da91d68fd1bd9a0c2d3063f6e06e00,5,satisfied,satisfied,0.0049848817,0.016766578,0.9782485
801efc6999ef55bb047b4c16015e294b,5,satisfied,satisfied,0.007316222,0.016443402,0.9762404
19b01cf13e53544e4e4e3ee0397da4e4,5,satisfied,satisfied,0.0063364105,0.011753621,0.98190993
361dfbf59b57c81ae469592d112a167f,4,satisfied,satisfied,0.004676509,0.010869757,0.98445374
b1b662b90ce0f6b03502685ab30032a4,5,satisfied,satisfied,0.0055662,0.020807361,0.9736265
4a6de8acbc0ea22a2e0b28da652beabf,5,satisfied,satisfied,0.005213503,0.011988668,0.98279786
d3be02af62d4e14a4989cc3fe901ef48,5,satisfied,satisfied,0.11850239,0.61489403,0.2666035
2b8157a42f0413601930a224201f18e5,1,not satisfied,satisfied,0.0037046175,0.0068311873,0.98946416
914837911b893a69a662372824601bb5,4,satisfied,neutral,0.22310732,0.743241,0.033651747
3d2aaa67778a96c12ddff2c14b34e0ed,1,not satisfied,satisfied,0.06469969,0.26812327,0.6671771
c6125eba2ab0dd998ae49005f845b4ff,5,satisfied,satisfied,0.13764408,0.5260571,0.3362988
26aa500e4f828d6e85dc1a1a4f5bd825,5,satisfied,satisfied,0.018463068,0.0541643,0.9273727
29e58b4b377d013504fa98f9818f9527,5,satisfied,satisfied,0.005296918,0.010825512,0.98387754
1771355b1697a83b123f004c01ab42f6,3,neutral,neutral,0.29591495,0.6851104,0.018974641
3fd201ad5578421517d613243653f170,5,satisfied,satisfied,0.0041768346,0.00872377,0.98709947
ed5bb508f9f9bb45bf56bdc39706b825,1,not satisfied,not satisfied,0.88962144,0.10538232,0.004996279
93de81108a455a6dc9dabfd636117f59,2,not satisfied,not satisfied,0.8250679,0.17008619,0.004845915
46e1148ee2ebd743369f9ed48f0b8656,5,satisfied,satisfied,0.006826461,0.014750745,0.9784228
154024d11b6a76cd2b1a0a2fad064cc8,5,satisfied,satisfied,0.0055300063,0.014370306,0.98009974
7fbafb1af1d185a1ef4e9661a56ff218,5,satisfied,satisfied,0.004204894,0.0066897585,0.9891053
02c12fcaab6e5e07320906a0706fe72f,5,satisfied,satisfied,0.009171246,0.032350395,0.95847833
0e23c86795d550bf30ca371e7c00e637,5,satisfied,satisfied,0.016737549,0.09650459,0.88675785
051d09fb74b7afae12b3fd733e52d34f,4,satisfied,satisfied,0.01630147,0.0777888,0.9059097
d329bae22d3167e47804d9cf27b45636,5,satisfied,satisfied,0.006182846,0.010738342,0.98307884
9543fb2cf107a4596557e843b507935f,5,satisfied,satisfied,0.0055892235,0.02135861,0.9730522
bb80a5d9a64f39ceb0df6e4222ea7a15,4,satisfied,satisfied,0.012323863,0.05829596,0.9293802
68c77be122078ffe9d5209b8065ca762,1,not satisfied,not satisfied,0.9387771,0.056848973,0.00437392
3fd9c498e5743b269fba36f8b5aa045b,5,satisfied,satisfied,0.004920119,0.008300243,0.9867797
6f7b62ddf8aa590cfc63ddae68c23f0e,4,satisfied,satisfied,0.04594105,0.59283346,0.3612255
76f6d4c5c85e9235ac3ed042ce83c3a5,5,satisfied,satisfied,0.004683213,0.011704829,0.983612
7dc22bf16161c7fbe16033c2216a2d35,4,satisfied,satisfied,0.00433693,0.008433047,0.98723
5348b3cd58988b134a5a0bb53d7dba8c,1,not satisfied,not satisfied,0.96179914,0.03314178,0.0050590434
82aaef64cf539159d21da596a01a678b,5,satisfied,satisfied,0.008447641,0.04111529,0.95043707
45a07c453fcf92c2119fb68a9de0d502,5,satisfied,satisfied,0.00823696,0.031417184,0.9603459
21722c19bbbb0ecfc8cac450e45b52dc,5,satisfied,satisfied,0.0041820086,0.010375229,0.98544276
aed093bb0d8206c82c033006bfb5af4f,5,satisfied,satisfied,0.034846168,0.29423028,0.67092353
11f3b297a0430f287de3bbb721de8f3d,4,satisfied,neutral,0.17756687,0.7722169,0.050216224
51d54ac015a5a2cd5cb0be09fcb70a28,4,satisfied,satisfied,0.0051347804,0.013092722,0.98177254
7eea85f9e8b9220ecfa4f3455f35bb38,5,satisfied,satisfied,0.007675207,0.034355067,0.95796967
14b9c94afe8ec3899a0a7939c57f92b0,5,satisfied,satisfied,0.0062661087,0.019715965,0.974018
8c63db6afa3994d5ea90a628a3543860,4,satisfied,not satisfied,0.71230507,0.2787163,0.008978671
f9cac37e7f32060dc01882882d5d0dd1,5,satisfied,satisfied,0.0058820234,0.011317322,0.9828006
fc24ea90b07dcc4b8786deb7980aa0be,5,satisfied,satisfied,0.008771938,0.027187651,0.9640404
c338ed04e6293f79a908628ba34fd78f,5,satisfied,satisfied,0.0041456814,0.008131972,0.9877223
1931a73a86f6a16dcba0d52d33ea85cb,1,not satisfied,not satisfied,0.9555479,0.040390115,0.0040619513
cc86f58973c0a61d5f945a0236aa5e8a,5,satisfied,satisfied,0.013931226,0.04859864,0.9374701
a21dda01ae6b4456242522a5b9364103,5,satisfied,satisfied,0.0044309623,0.008652529,0.98691654
94d8afabf5da97a5d73b79f357ddab5f,5,satisfied,satisfied,0.004421685,0.014661347,0.980917
d406d1452ab5d4b32c9cb52ce57b973b,5,satisfied,satisfied,0.005347903,0.009120335,0.9855318
d1097d67403c1db451dba7b48b334421,4,satisfied,neutral,0.23421569,0.68164843,0.084135905
1f68954fd42a15d8fbd9a7ba0e7941fe,5,satisfied,satisfied,0.047769208,0.5125439,0.43968686
d09cbd2dfc309817fc06b5af9afc337a,5,satisfied,satisfied,0.0045414725,0.008754022,0.98670447
5e97b695fb24778e5c620cc1c7462eee,5,satisfied,satisfied,0.0042722914,0.00884032,0.9868874
c8f8e8477bf5dfce8c96fdd69f001a13,5,satisfied,satisfied,0.004806119,0.011162532,0.9840313
63fa6752cbcef961d11113b835f273cb,5,satisfied,satisfied,0.004925621,0.012329294,0.9827451
aaa09ccc9ad65b5f23dd4eeff37136fa,5,satisfied,satisfied,0.032926265,0.12190493,0.8451688
cf9ee98fc1e943d2308165772346ab63,5,satisfied,satisfied,0.020104429,0.038071714,0.9418238
8a1f16c66ac3d025a9e1ca894774dc2d,3,neutral,neutral,0.12700789,0.8071752,0.06581686
04c1c722aa9d9078ef736cdc1d833714,2,not satisfied,not satisfied,0.6838956,0.30914792,0.006956412
249abccd5661b54df0822f00da09a0d5,5,satisfied,satisfied,0.0094869165,0.017204694,0.9733084
7fbe957f1bc7c3139920591c296ac20d,5,satisfied,satisfied,0.0043402896,0.008980942,0.9866788
502e1b251956ed627ae0bfa0bb9cc778,5,satisfied,satisfied,0.0065597077,0.0129283415,0.9805119
6e420da7b1291e631d7bc4e7cc4229d9,5,satisfied,satisfied,0.0040556714,0.009363661,0.9865806
96758b299ddd4aad815439dcb47f34f4,5,satisfied,satisfied,0.00557731,0.010866559,0.98355615
ac9bbafb1b64a474b36b84726b73159d,5,satisfied,satisfied,0.0045666457,0.011998537,0.98343486
062760d73d1b423c47c397b5d8fe43f6,5,satisfied,satisfied,0.007163837,0.013431465,0.9794047
5748a0978e319893b0632597712b2404,1,not satisfied,not satisfied,0.7073405,0.28407738,0.008582167
6b2155798597cff9ed06fbe37cd00d17,5,satisfied,satisfied,0.0053492645,0.017979877,0.9766708
a426be6b7d0a18d3bd3e759cb219a679,1,not satisfied,not satisfied,0.9102492,0.084645316,0.00510547
d0abd166a6af7ba999878c0650deb90d,2,not satisfied,neutral,0.28010747,0.5956283,0.1242642
d5489379609faba51b5a45fa5e0c4fcc,4,satisfied,neutral,0.1562882,0.8040104,0.03970139
00aa41c87d7f7814dd6cf587625345ad,1,not satisfied,neutral,0.39352575,0.5814645,0.025009671
15a9602713b58e077f3225378226f77b,3,neutral,neutral,0.11027811,0.82289517,0.06682675
4198b5360959f8b9ce025c39d4f038ae,5,satisfied,satisfied,0.0033179522,0.005926518,0.9907555
da34131d3a4163b9199d8aca329d4ea9,1,not satisfied,not satisfied,0.9590572,0.036233068,0.004709666
1ad15f5964cee9e21c64c33b71d2556c,4,satisfied,neutral,0.07874192,0.7251011,0.19615689
54c76bc8abc6c704f8dc65f4c95cde1b,5,satisfied,satisfied,0.0034847884,0.0071720527,0.98934317
853be39ea4ed8400eb82efd5dae60cf7,5,satisfied,satisfied,0.005824983,0.020035764,0.9741392
36d1e93b49a06995a2a0f0c6aef95348,5,satisfied,satisfied,0.0067303716,0.009768419,0.9835012
947a96e26c8133b9237462dd637594ad,5,satisfied,satisfied,0.0046839896,0.010872721,0.9844433
9f47c80dde8a3496d6205e727623dc89,5,satisfied,satisfied,0.004323865,0.009711829,0.9859643
c5dc5629a9b24405bcfe26b038b249e7,5,satisfied,satisfied,0.0050439243,0.007127537,0.9878285
93ff19d14a41e74908ecc0899125f7f6,5,satisfied,satisfied,0.004351836,0.008451354,0.9871968
15c52201e1b5cd4b3511603af16fd823,5,satisfied,satisfied,0.0044445363,0.0075830407,0.98797244
1aecb7b13b74cbab9479d75fc2ff27d0,5,satisfied,satisfied,0.005989309,0.013893777,0.9801169
fc97ae6f8f1a3c6dd25885ea5cd1c31c,4,satisfied,satisfied,0.005909334,0.03349575,0.9605949
4f2a455a26e38547d92d0db48596dd3f,5,satisfied,satisfied,0.005089943,0.009144988,0.98576504
487aa9fa703015e33df9149c39f1d41c,5,satisfied,satisfied,0.0037416776,0.006361765,0.98989654
75799cc746f2912bab1505d6c3ada20e,5,satisfied,satisfied,0.0047172303,0.008124223,0.9871586
f7ce5cc654e8cfcb46cc94f47dd9cdd9,5,satisfied,satisfied,0.003913364,0.0075701303,0.98851645
75cd8f4a62187ab5f0ad32dd8520dfc2,5,satisfied,satisfied,0.004279514,0.0063790358,0.98934144
0de878c0c49ba016ceeb3bae37927a65,4,satisfied,satisfied,0.0063386676,0.017605288,0.97605604
f6dbc03427a826c236023a3032578b4d,5,satisfied,satisfied,0.004980064,0.01149212,0.9835278
3602db00d02a40a886beaa75b8ab2691,5,satisfied,satisfied,0.00495849,0.010104751,0.9849368
d0c15dc09834803cc78b1d0f222e7c15,5,satisfied,neutral,0.31516862,0.64769024,0.0371411
1f06711e76c8a55e1dee9c4e7def540f,5,satisfied,satisfied,0.00733354,0.019439183,0.97322726
9fbb1308a324ae810fd58b58beb752ef,2,not satisfied,not satisfied,0.9048952,0.09084204,0.0042627873
3644cf1a828c9306e390ff36b789ebe9,5,satisfied,satisfied,0.025520839,0.16055927,0.81391984
492ec7941ee565c4f9b4a9025ee004fd,4,satisfied,satisfied,0.06666645,0.55918664,0.3741469
c4cd66be5157de2ca25809837ae4e272,4,satisfied,satisfied,0.017252242,0.11386582,0.868882
b72e8b11cacde33c97ced91eace84a5d,2,not satisfied,not satisfied,0.49891984,0.48631072,0.01476938
0da4a3a3e3471ea74bbeebb6f741d7c1,5,satisfied,satisfied,0.009786931,0.03453822,0.9556748
1e1833ba8b12ddc4253deb246cfb1e2d,4,satisfied,satisfied,0.049954817,0.6550133,0.2950319
a0cce6839af4c480baaa05ccf450e258,4,satisfied,satisfied,0.02478004,0.30571225,0.66950774
f2e656630394a5c183add3141af3922b,2,not satisfied,not satisfied,0.8630544,0.13187148,0.0050741066
b9f4b19f9e6b5445971726c95650a05c,5,satisfied,satisfied,0.0188079,0.052202977,0.9289891
eb4122fa04e4c441d50b12284494d356,1,not satisfied,not satisfied,0.76729614,0.2251573,0.007546539
54f869cd4a12bbfded65744428bec6c3,3,neutral,neutral,0.19441117,0.7631006,0.042488158
e7bffb0d19ff4c7c5071d9ba4fbff900,2,not satisfied,not satisfied,0.9424862,0.052819762,0.0046939803
6cbc9a6c7fb1fe21d9529bb09c6cae8b,5,satisfied,satisfied,0.005562267,0.016299512,0.9781382
6e9bfdf79ddde99a324fe394d71a0f18,5,satisfied,satisfied,0.012241721,0.051174104,0.9365842
f09811ede5567111f07a1a2cdbcb4b9f,4,satisfied,satisfied,0.019097209,0.20355934,0.77734345
4dc9b4a33854f525dd8db6f7f8c60ace,1,not satisfied,neutral,0.34875146,0.59743166,0.053816866
9869dc6bba7bc0f6a14e36858d4684e7,5,satisfied,satisfied,0.005413764,0.015186521,0.97939974
0ed0614ef0f7791bf3d0db025905f731,5,satisfied,satisfied,0.029897498,0.05715132,0.9129512
aeb4330c76f0a48d14249410989d4e6b,3,neutral,neutral,0.2970368,0.6429468,0.06001646
c2bc789ed09bdfe05b605b85c503b1d5,5,satisfied,satisfied,0.0045922655,0.012809316,0.9825984
12bd7f4422c6e160f12468c502878149,5,satisfied,satisfied,0.0067416783,0.014423454,0.97883487
012348de055e2c63b523d2b8c9ef82a2,1,not satisfied,neutral,0.36183313,0.6155249,0.022641985
4d47279f27f5df6bf978687e97493d00,5,satisfied,satisfied,0.00574873,0.030733895,0.9635174
f95a81ec3538975039b4e9c801369828,5,satisfied,satisfied,0.004796047,0.009443162,0.98576075
29f8442c61f1d15e47eb3c087ad327d7,3,neutral,neutral,0.06816048,0.73605496,0.19578452
d2890611d5fc743ec96f416593696076,1,not satisfied,not satisfied,0.5114465,0.46654677,0.022006711
c6e4672835741cf7fb0867138079c72b,4,satisfied,satisfied,0.025280656,0.0904503,0.88426906
70a2f5b281e971d7b7b6448de198b1ae,5,satisfied,satisfied,0.005946405,0.012655785,0.98139787
3836ccb22ac41d3960ba9daebd34a6be,4,satisfied,neutral,0.22859204,0.5964133,0.17499463
55eacbd7335150dbbd18f1584b303090,5,satisfied,neutral,0.37578306,0.59164274,0.03257421
959ca9e493e33f1d74c129b031514b50,5,satisfied,satisfied,0.0069243843,0.0131445285,0.9799311
ae4475cd1166551e54b678e9ed0fbf77,5,satisfied,satisfied,0.0040680557,0.008476458,0.9874555
4f4c40aa3e66efc567a14fda5c18aa89,5,satisfied,satisfied,0.005275407,0.010920716,0.9838038
9de4108eed166d94a4b22e0765124065,5,satisfied,satisfied,0.00951523,0.0329853,0.9574995
cc4bfdae6661f9776a04efa5a14e2329,5,satisfied,satisfied,0.008613506,0.02165557,0.9697309
fad89420db51b9cff208741a7cdec763,5,satisfied,satisfied,0.004988105,0.010804518,0.9842074
6f326163755b19b1aec02a5d57cb8a6c,5,satisfied,satisfied,0.005649983,0.013974204,0.98037577
c34aa39ba8d5a5c05a59bcf7257bced3,5,satisfied,satisfied,0.0036203242,0.007555485,0.9888242
a678106986ae8e12c9f02c8fa16fa78d,5,satisfied,satisfied,0.012437036,0.014087096,0.9734759
18a18e02c2beed999fa19336feaf651a,4,satisfied,satisfied,0.084105864,0.68988067,0.22601347
5ff6779da668e8f8f1cef4598daf3b33,2,not satisfied,not satisfied,0.8193911,0.17475738,0.0058515635
720a93e0cd27d72bbd557c505c1a8a20,4,satisfied,satisfied,0.0056193992,0.011673479,0.9827071
b9ab2b5dbfea43b5dcba08a0e7f8212c,3,neutral,neutral,0.093670085,0.82636565,0.07996432
388fb0ce04fcd6bccf0c1743302f5272,5,satisfied,satisfied,0.0063993633,0.015678545,0.9779221
b751b69c9aaa1f57b6468e54f29d61b3,4,satisfied,neutral,0.10885145,0.7308049,0.16034359
ffa3eb8b16a581484695d4bcc0798516,5,satisfied,satisfied,0.11505914,0.30280048,0.5821404
b42a5a53f837bdf2666f1b2fb3ebd1d7,5,satisfied,satisfied,0.0036508406,0.008012758,0.9883364
ccb93ba0da0a8408566da333797dfa96,5,satisfied,neutral,0.16994725,0.69340897,0.13664372
3448c069c1e5c0ebe70117638e61886a,5,satisfied,satisfied,0.0055386964,0.012933726,0.9815276
ba2f497bd62e9b11d2daeb18330308f3,5,satisfied,satisfied,0.004184925,0.008771507,0.98704356
ba579455da75c2ded4d7777415507a21,5,satisfied,satisfied,0.09565673,0.21746023,0.68688303
2476d83eefc059e1962dffb8600a322a,4,satisfied,satisfied,0.034977153,0.37794587,0.58707696
d0fa3629b6317ffe2ed8aef9f5672405,4,satisfied,satisfied,0.00526963,0.010088303,0.9846421
9c0c511b5bd3449377b663c507e1736b,5,satisfied,satisfied,0.004356643,0.010592985,0.9850503
ba3558e4545418b123ace283cb9c36b0,3,neutral,neutral,0.09324432,0.7732761,0.13347955
302ab9a5720ae073bf9ec6fb604b3786,4,satisfied,satisfied,0.005339604,0.018237753,0.97642267
08202f7e351a64996f65679ff522b5b8,3,neutral,neutral,0.11696247,0.7513394,0.13169812
7c2d7df2eb0e71d5e9863d1ada1c055c,4,satisfied,neutral,0.17752899,0.7856696,0.03680139
f9eda4146d4bface5510a1d2e6202319,5,satisfied,satisfied,0.004964277,0.011067579,0.98396814
6d031f7431f63a8f223502e039b85e3d,5,satisfied,satisfied,0.0043468936,0.008871909,0.9867812
bcc7fc07ae86a76a455fe91d2956749a,3,neutral,satisfied,0.03234793,0.359599,0.6080531
26ffa6562149eccea60c2aedaf73d456,5,satisfied,satisfied,0.00409996,0.007899736,0.98800033
66ae156891181f7e5bec2f64ab6df3c6,3,neutral,not satisfied,0.874072,0.121012546,0.004915422
f27770ae46bffb8e8a22050fcc31cba7,4,satisfied,neutral,0.09446658,0.744451,0.16108246
f761bb7d713692070729fa1e32948fc4,1,not satisfied,not satisfied,0.79343206,0.19985704,0.006710966
2ebd8dee50db3ea90f220c2634ac94f9,5,satisfied,satisfied,0.011075656,0.03620454,0.95271975
4a0933a05122b29636dc58abd6878bf1,5,satisfied,satisfied,0.010306777,0.06919172,0.92050153
059a0b4c588545555df48fc5a2ad3daf,5,satisfied,satisfied,0.004256644,0.007942135,0.98780125
a462b2d4b3bec6832369cb4ab9dae88e,4,satisfied,satisfied,0.02486684,0.24066742,0.7344658
0423038c59494e2295e7646585e86d28,5,satisfied,satisfied,0.0050996467,0.008456141,0.9864442
0fdf3cd3f5b5d36297e7e7200b362e75,5,satisfied,satisfied,0.004794845,0.009016854,0.98618823
4cd18f0067ea7429570a12bc617ddd4c,5,satisfied,satisfied,0.0051444666,0.008538798,0.98631674
a624338d255036dcf75bb41fe5977b62,5,satisfied,satisfied,0.00729946,0.018024169,0.97467643
29f52f49d56b4f5696e7134bf3d37f49,1,not satisfied,not satisfied,0.46586767,0.51396567,0.020166675
b742aec0ae54af56e594178710323244,1,not satisfied,not satisfied,0.902013,0.09342033,0.0045667454
72fb6d3782379b9712d42b6ec82fc6ce,3,neutral,neutral,0.1461819,0.75019896,0.103619166
2e756ffd731b771178ea583dd02c5478,5,satisfied,satisfied,0.011671289,0.046043385,0.9422853
1fb3ab08b32c6efdd54127f30292b24a,5,satisfied,satisfied,0.0043867766,0.011399711,0.9842135
4f1e078c4c316af9d3d8b2a0a2b18e3c,5,satisfied,satisfied,0.035689328,0.22994976,0.73436093
cbc430f84e8cb394a717d471bd3ff6a7,1,not satisfied,not satisfied,0.8780567,0.11620893,0.005734395
fc4e5459ea44d4be378c7a8910389c06,5,satisfied,satisfied,0.005252628,0.01157807,0.9831693
542573f0c9f6f0070aa43483588f073c,5,satisfied,satisfied,0.0088958135,0.02296744,0.9681368
f1390f975ac82dfbac89b19be6d1b65e,5,satisfied,satisfied,0.004680481,0.009995849,0.98532367
b9614a8d755360d3f2774d218817e22c,5,satisfied,satisfied,0.0062533873,0.021186396,0.9725602
a52ee7d26a8bc4000add2cf5877cd65f,5,satisfied,satisfied,0.015822776,0.06874993,0.9154273
f903dd244b3b00a713ab0908c604f934,5,satisfied,satisfied,0.007118631,0.019370737,0.9735107
68029850aff4bc6864d54b643040070d,1,not satisfied,not satisfied,0.9543473,0.041272935,0.004379746
9e671aad6a4caf1f1b1d0f4f05d35d4c,5,satisfied,satisfied,0.004807598,0.007628464,0.9875639
10d2d1a80df5b414e5ccc93d71aa98c9,5,satisfied,satisfied,0.004837882,0.008780003,0.9863821
515edde8d6de901d336524fab5f6a077,5,satisfied,satisfied,0.0077465326,0.021251801,0.9710017
0118a39630db2330928eb1a798a44a78,5,satisfied,satisfied,0.06049793,0.581972,0.35753003
032cfbc58964a66c195b8f950fc30459,5,satisfied,satisfied,0.005919934,0.02011215,0.97396785
c624aaa43e00062d4a66984cd1e99a3a,5,satisfied,satisfied,0.004526521,0.015384837,0.98008865
e8e8ab6b13df1207555df984657adc84,5,satisfied,satisfied,0.006846236,0.024635464,0.96851826
cd9603a290b74426a15c8c203c86c00d,5,satisfied,satisfied,0.010093168,0.027405845,0.962501
d9509122264d91c71c7d0423d0c6a7dd,5,satisfied,satisfied,0.005343174,0.008822423,0.9858344
8b0b18a8703ebac9df5da661360b6212,1,not satisfied,not satisfied,0.47798392,0.48721823,0.034797855
64fab88cfb2f08ba9e0cda53c14f5965,5,satisfied,satisfied,0.0056448667,0.013096351,0.9812588
8e2e2090aa5e0bc382a5107f58cccbaf,5,satisfied,satisfied,0.004217468,0.0091078635,0.9866746
b2bc7eec8f20184d21ddac2cdd3109b6,4,satisfied,satisfied,0.020354759,0.14020745,0.8394377
d9e2a96afeeed6a621b79c009a449a10,5,satisfied,satisfied,0.0127882585,0.04003124,0.94718045
b3685b3dab0f5a8053ff2057c5195a4f,5,satisfied,satisfied,0.0034179194,0.0057105795,0.9908715
c94abe69b6e2a95a2416b10091de5df2,5,satisfied,satisfied,0.005273245,0.011177096,0.9835497
cadaee0aac2f3f0e345bcaafe6e375eb,5,satisfied,satisfied,0.0052686,0.012913199,0.98181826
cdfc7e597d6c944c5c518b3cbfed38be,5,satisfied,satisfied,0.004446275,0.007180107,0.98837364
d010c5672c738b106d737cb2455ec375,5,satisfied,satisfied,0.0059603686,0.011367197,0.98267245
422fbd9b9b4c1b6cca47b85eecd2147d,5,satisfied,satisfied,0.0042875763,0.007290722,0.9884216
0ae7b2397fc083ef03ea13586b62d2b0,5,satisfied,satisfied,0.0061471653,0.014356158,0.97949666
03ea9582da8e08bf336e0028f1cd198d,5,satisfied,satisfied,0.0072111273,0.037637305,0.95515156
3b01b46e44c2f56819201d030d6f863e,4,satisfied,satisfied,0.0050038453,0.01281032,0.9821859
7282daf25ae3b9fc538df0a37efeac2f,4,satisfied,satisfied,0.01613956,0.038529295,0.94533116
29157f32a81085e6a0f22e541b50671b,5,satisfied,satisfied,0.0073713665,0.033159267,0.9594694
caf1e7e928dc4cbc42f9b566aa9f0c63,4,satisfied,satisfied,0.06776691,0.69283617,0.23939699
76cba9c3c57990957e4faaa9503e50e6,5,satisfied,satisfied,0.07109436,0.6842381,0.24466765
bd289a9660f3ea34a7ffca7ccc6d7bf1,5,satisfied,satisfied,0.005571574,0.010146406,0.98428196
fbdc272122c8c5e2eab2bb947abaca30,3,neutral,satisfied,0.012593268,0.08696298,0.9004438
e00b2459051990e40461131d25e41e72,4,satisfied,satisfied,0.07310363,0.48206002,0.4448364
2892a77a192a11659b21f48834c6c67a,5,satisfied,satisfied,0.00750822,0.013699734,0.9787921
8f5976e6729595a9117d680a67df97ff,5,satisfied,satisfied,0.006134144,0.018019842,0.97584593
756fc17f817d9ee2204572ce26742146,4,satisfied,satisfied,0.034209087,0.23913668,0.7266543
5ad228c6a274d546954b0a0634e22773,4,satisfied,satisfied,0.0068479213,0.024097897,0.9690542
5f18ecf613724093de2004b6690313f3,3,neutral,neutral,0.09409515,0.8126567,0.09324826
9a252920a2f9e223f08772e60ae98daf,5,satisfied,satisfied,0.0066289282,0.014181021,0.9791901
7b24674d8c09f829e28e044dc6d3e495,3,neutral,neutral,0.22153234,0.65781754,0.12065019
d69e7a37ebda6fc72cfec0d2499c3289,5,satisfied,satisfied,0.0049997354,0.009087758,0.9859125
0bd3ef5588b99ea9c7be0fff34ba70d8,3,neutral,satisfied,0.03362934,0.123184465,0.8431862
d4cf3fc4651080eca494168032c7119e,3,neutral,not satisfied,0.55994916,0.42390147,0.01614945
bb4f3ad0e4cc1ed5a30ee4d7600c382d,5,satisfied,satisfied,0.0038830459,0.008673908,0.98744303
e66016c3089201d7053beb516db27cc0,4,satisfied,satisfied,0.061693445,0.7051034,0.23320322
a18dab05bb1e8018d8fad405aa8fda7b,5,satisfied,satisfied,0.015727803,0.1455288,0.8387434
46ddd857ba5d1b7df9f18ea60f3783b3,5,satisfied,satisfied,0.006736792,0.01581107,0.97745216
97f518ddaa085b1317a372b0c07e911f,5,satisfied,satisfied,0.016200744,0.08902002,0.8947792
128bbf864dfb9e4717f4800614dd9ad6,1,not satisfied,not satisfied,0.9510285,0.04475649,0.0042149746
1cc96a21dbb80272b0d12be9fe9ed376,5,satisfied,satisfied,0.004899761,0.009582802,0.98551744
29f837ab99cf57a7254acf9f7291123a,5,satisfied,satisfied,0.009101276,0.02393009,0.96696866
84fd1d8f5194df784fe166c995a14ae1,5,satisfied,satisfied,0.0478335,0.1455694,0.80659705
6ff3d99667ac1bd4d81aeb4a821e1e1a,5,satisfied,satisfied,0.0072840876,0.01211406,0.9806019
7d04a283afb1313666ec7c80eb8daea6,5,satisfied,satisfied,0.0062303822,0.015598707,0.97817093
4ede58c7b9b4ab403441b8a4a5b5249e,4,satisfied,neutral,0.10038863,0.81661373,0.082997695
39fba329843bb7e40f4f73b057837502,5,satisfied,satisfied,0.004141637,0.0075985217,0.9882598
ed8fd1c42c6e245f22d9e4512f442bc5,5,satisfied,satisfied,0.0054438408,0.011526424,0.9830298
50047741c4a24bd14c78628926ac167e,5,satisfied,not satisfied,0.92667985,0.0676488,0.005671361
46ddc9dc59ee6d2ac59c42662b3ebc07,2,not satisfied,neutral,0.27673998,0.68344045,0.03981954
e530a5097ae26ea006add3e6ab444086,5,satisfied,satisfied,0.0046980423,0.010511966,0.98479
8e025a925f4085a54a71d2cd4edfb24e,4,satisfied,neutral,0.077950574,0.7352247,0.18682468
c3d43c094ecd7908c33c13717edbfc93,5,satisfied,satisfied,0.00684482,0.015001721,0.97815347
730f57f5451c6c877a4a6c0db8b19d95,3,neutral,neutral,0.12174602,0.82338727,0.0548667
54585a553ce491a4feef0ffc69a204a2,5,satisfied,satisfied,0.057023164,0.13813205,0.80484474
3f1f521dc57684b480759ec94a3491c2,5,satisfied,satisfied,0.0066005485,0.024586538,0.9688129
6cd7026285d27415f320f40288c5b09c,1,not satisfied,not satisfied,0.6323051,0.35470092,0.012994043
63c319ccd5e7a29b879c1bc9ace3e109,5,satisfied,satisfied,0.0071231565,0.01569215,0.9771847
ea6486b97f6a96916b716a8da3a31d86,5,satisfied,satisfied,0.0093222745,0.02576153,0.96491617
32b2d438ee431145dd7fced169818832,5,satisfied,satisfied,0.013974998,0.112817,0.873208
74e08d4e5091300df75a62f2f67231ca,5,satisfied,satisfied,0.006617719,0.01111006,0.98227227
e30586b8dd18e2d807a7ffb74d41e83a,5,satisfied,satisfied,0.0064444044,0.011301279,0.9822543
7a4e60114ba4d43a350ac008f40a601e,5,satisfied,satisfied,0.008341172,0.02924631,0.96241254
5d690ceb2ec84b3ceb2ae9a40aacb02f,5,satisfied,satisfied,0.005760791,0.009103649,0.9851356
d5cdee2eca2f5533480b2ac5466f37cc,3,neutral,neutral,0.3561751,0.6176389,0.02618603
aa55090808c8a462965d77de5144bfe9,5,satisfied,satisfied,0.0053261607,0.0094180675,0.98525584
b2fb52732b6eab96df427794c0f78396,5,satisfied,satisfied,0.0044767247,0.012153428,0.9833698
d25c4e74c3790f7e15241b7060164d9b,5,satisfied,satisfied,0.053512935,0.64598864,0.30049852
70e504ea61b8d75aa0d4667a13802d03,4,satisfied,satisfied,0.042324983,0.482498,0.475177
a125a769c57b1343a60913f5c2207520,5,satisfied,satisfied,0.0040475107,0.010693417,0.98525906
eccaa877050919d66af0a89813520777,5,satisfied,satisfied,0.007693972,0.013687215,0.9786188
16762a8c36183c8f06d51d06e046b76a,5,satisfied,satisfied,0.0074305264,0.023615273,0.96895427
fc256b2ede188d6229d7ff5c762b5738,2,not satisfied,neutral,0.33975548,0.64076686,0.019477554
ccbe058249747426380ad5e62e30b323,1,not satisfied,neutral,0.20804632,0.75168896,0.040264815
95d40553904186f3e39702be7eae94de,3,neutral,neutral,0.22009097,0.69811803,0.08179101
383fd59eca4569050ad58e6713f1ce65,5,satisfied,satisfied,0.011772301,0.059835076,0.92839265
35875b6f872c719332c1086fb375874e,5,satisfied,satisfied,0.004719209,0.010632869,0.984648
47625e61bdf2787a89bc30de59a7ae22,5,satisfied,satisfied,0.04275118,0.24721387,0.71003497
e2ce9d1ad709f0d35ed94e456bf0b9fe,5,satisfied,satisfied,0.004577201,0.009956009,0.98546684
672910ef050d2e5d5870bc336d592dcb,5,satisfied,satisfied,0.00518292,0.010463163,0.9843539
50bdd1cfe52afed9007de995e50fece9,4,satisfied,satisfied,0.009045885,0.048868466,0.9420857
56ab7627122774459a91b6063ed18a9f,4,satisfied,not satisfied,0.933754,0.061105065,0.005140981
16c7390aa171b5e22da766b60f76d56a,5,satisfied,satisfied,0.01157714,0.04590644,0.9425164
041fb51fe4c8e5923de12bc159f353eb,5,satisfied,satisfied,0.005585739,0.014715963,0.9796983
4ed22d15c352e2634fee33c9bc896947,4,satisfied,neutral,0.40511703,0.5622981,0.03258483
7240d7810dcc16f47fb9d691bbbbbd1e,4,satisfied,satisfied,0.06715908,0.24687153,0.68596935
4f022ea91e217595d6a527c3bd5dc899,4,satisfied,satisfied,0.0055538295,0.018672388,0.97577375
c523a8e14e8f1d5ead820ce888d05425,5,satisfied,satisfied,0.16914776,0.62276864,0.20808353
775337208f1ffcc289369b410c73c20c,5,satisfied,satisfied,0.017962003,0.08007963,0.9019584
b3745e1034ad123c416ffb88876e4dcb,5,satisfied,satisfied,0.00404862,0.008310153,0.9876413
3640f0faef5d8307ce9a1e0a32a3f052,5,satisfied,satisfied,0.005687349,0.010370217,0.98394245
d07016992344083ad948c0f55bbcfc0c,5,satisfied,satisfied,0.010279731,0.06931033,0.92041
3e43e9fa9c75b6c104ebf74d544f282a,4,satisfied,satisfied,0.004555365,0.0075809266,0.9878637
6cf92356396f8e7b571d496883b9eb20,5,satisfied,satisfied,0.015977157,0.04152416,0.9424987
96c64562199382cd6144e8c89c9d4f08,5,satisfied,satisfied,0.0039964393,0.009217578,0.98678595
9e34eb2c972f08091bc37b89ff0053de,5,satisfied,satisfied,0.029309181,0.19208454,0.7786063
eb983b725b24dc7c66fb5355c9be2462,5,satisfied,satisfied,0.003989785,0.0070803734,0.9889298
15ba4f4c9fde56bb5854f3679f2abdc5,5,satisfied,satisfied,0.004585837,0.009255292,0.9861589
a407203509c6c1cdb8e905ecd47807fd,1,not satisfied,not satisfied,0.96007806,0.0346141,0.0053078067
9db60891ad61f025881b615d1bd48462,5,satisfied,satisfied,0.007279787,0.013221449,0.9794988
597f169b14c8035579590d70a6b7422e,2,not satisfied,not satisfied,0.94664335,0.049333267,0.0040234486
315848e2bad1c7502f79faa18ce988bb,5,satisfied,satisfied,0.0054443683,0.008968279,0.98558736
267c4495f9d96ec6cd4eaedc1e32d722,4,satisfied,satisfied,0.0042491797,0.0111184055,0.9846324
305d4224b3c1d8f403a97434ae84c962,5,satisfied,not satisfied,0.59855056,0.38086918,0.020580277
b9cb50a5b55bc11a2f1ba0c0b6cb667a,5,satisfied,satisfied,0.0071573113,0.021357903,0.9714848
dd7ba4b42b058f86b2ce16251d5c2f97,5,satisfied,satisfied,0.007140355,0.01307129,0.97978836
60eb7934902522d596c9544160443f59,1,not satisfied,not satisfied,0.8914536,0.10391603,0.004630356
5c818baaadd0f109e5af90350d36f288,1,not satisfied,not satisfied,0.95465,0.041039243,0.004310806
1cae7f3aac825a71d8f60b5fecc390ea,1,not satisfied,not satisfied,0.87783,0.111955985,0.010213876
ea2bfe792b909869fad2ac4176e179da,5,satisfied,satisfied,0.004409043,0.010224216,0.9853667
d6432d54b7ca708e8e37bd596f008d91,4,satisfied,satisfied,0.028392144,0.24466272,0.7269451
ebfcee0a2cd4ea6b25323da3ab283004,1,not satisfied,not satisfied,0.47600242,0.4495623,0.07443521
3659958502011e5c7be32e978a111f4e,5,satisfied,satisfied,0.008346524,0.0247416,0.96691185
2560155a0b3f42933399ced7eb197827,2,not satisfied,neutral,0.29983786,0.64039284,0.059769303
e0256dd1982d8810cafb0a3e3ee9aaac,5,satisfied,satisfied,0.006373094,0.016079796,0.97754705
4d195e66dfe4b2e7ab328e883d73b174,5,satisfied,satisfied,0.005131288,0.009897639,0.9849711
6627fd96bf7054eb39517b0b4c7380b5,5,satisfied,satisfied,0.010961547,0.06659358,0.92244494
295e3bc038233f70dd4fe93a8546cfc0,5,satisfied,satisfied,0.0048228046,0.011253841,0.9839234
0b2c7e263cabf18e374cee0aa3a8be3e,5,satisfied,satisfied,0.00383403,0.006406137,0.98975986
116be76afb837ef9a4bd21c60f9213b5,3,neutral,neutral,0.122466,0.82434773,0.053186186
f79c91dc47b760830070d1219ce4a0cb,5,satisfied,satisfied,0.0046559456,0.012059438,0.98328465
ef11cf00212f6eb1386b2c47bd4a23fb,2,not satisfied,neutral,0.17428648,0.7839401,0.041773506
e0e52a78f1832e5b925dfd76de955d5f,5,satisfied,satisfied,0.004244449,0.009228337,0.98652726
dddda4b68495aadfa5bffe82502cb993,5,satisfied,satisfied,0.004831526,0.011309698,0.98385876
f64906f2ab53727f1edccea3682b9204,1,not satisfied,not satisfied,0.9622124,0.032633793,0.00515382
3c9245d381104d0c631eca9b629bf82b,3,neutral,neutral,0.10890041,0.8161528,0.07494673
e6c5738199e349451d78b5b4a9e964a1,5,satisfied,satisfied,0.019624623,0.054037586,0.92633784
c1802bcc13bb89092902fb2b3a5b02ff,3,neutral,neutral,0.1572044,0.74224174,0.100553915
bd9ca0013bf4cf7bc785e48f7ea0080d,5,satisfied,satisfied,0.005128549,0.008960578,0.9859109
67d9d76c7aa91b911d46575b2d19289e,5,satisfied,satisfied,0.005725805,0.011566004,0.98270816
429caa7d6a559cdb3e558a900d63c0b3,5,satisfied,satisfied,0.0050887465,0.012498097,0.9824132
dfe0134a152c85a6f9f16b5d83441a1f,5,satisfied,satisfied,0.0064409743,0.013889351,0.9796697
b8ea2c6480413782db832d41eef6c5e2,5,satisfied,satisfied,0.003788842,0.008668825,0.98754233
4dd22498fe3404d24811211af11c2db9,5,satisfied,satisfied,0.005933219,0.014882101,0.97918475
61667d9af0164e3ed5d9090f589d266f,5,satisfied,satisfied,0.0049469504,0.010639929,0.9844132
5d96b6ef92852fd245ef6b5b87038b7c,5,satisfied,satisfied,0.0052334745,0.007805324,0.98696125
9c0f1b6485f9844552c41bcaf6d7f87b,5,satisfied,satisfied,0.0064024758,0.013812727,0.97978485
6672c432fb590e0f334b1d19253722cf,5,satisfied,satisfied,0.004119716,0.009800562,0.98607975
a7ed797ff931cb918b3deee60835ac85,5,satisfied,satisfied,0.004314121,0.008077695,0.98760825
83ae805e5e1111e1c673af6768146317,4,satisfied,neutral,0.21404977,0.7133749,0.072575316
8fc16a40ab2e82550729c8f5b9e6304d,5,satisfied,satisfied,0.0062501174,0.014041135,0.97970873
125f96f446097f497b95a65f389f5846,5,satisfied,satisfied,0.004467437,0.009963448,0.98556906
9adca7f2e65c3ab1d6b384ed64a5d6dd,2,not satisfied,satisfied,0.022041395,0.09017089,0.88778764
9372f091db14ea4049bb211b2a7cce3c,5,satisfied,satisfied,0.053278748,0.72604114,0.2206802
f60e596c4cb1d5f1be24f9f8324b92bd,3,neutral,neutral,0.22423178,0.6886111,0.08715713
6e48206dcc53c7421e9fa40b0e92d2d8,4,satisfied,satisfied,0.044157065,0.5014619,0.45438108
cd682596fa7650df6e75f03c9770390d,5,satisfied,satisfied,0.004707756,0.0126976445,0.98259467
d4d8ba378e0a70667c640382638ed503,4,satisfied,satisfied,0.004353231,0.00985317,0.98579365
91206da75630edd68ad97184b465ee14,5,satisfied,satisfied,0.0037516432,0.009121494,0.9871269
bef4b968c98b02c4143bd179f3f5ddcf,4,satisfied,satisfied,0.046620794,0.6949245,0.2584547
a9ff965e35259622ea5f96d33d54e8ce,5,satisfied,satisfied,0.01401975,0.08650029,0.89948
e429a753421452790c79b459c6188724,5,satisfied,satisfied,0.0042430363,0.0100613795,0.98569566
db90868833e54cdfc482cc4cebd3bde0,5,satisfied,satisfied,0.009981686,0.04875623,0.9412621
826d76b053187819b6c60ce1549778ea,5,satisfied,satisfied,0.007235495,0.011213974,0.9815506
df02a8cb68aefe559b3e5704ab19c62e,5,satisfied,satisfied,0.004998528,0.012184395,0.98281705
03021f4a200777a75487594dc82df724,3,neutral,neutral,0.10279809,0.79707843,0.10012345
5b57f231467632c606d49b89d8a60296,5,satisfied,satisfied,0.0055364687,0.009534859,0.98492867
3afa059a68e51e55208e155132cf9f0a,5,satisfied,satisfied,0.0057381215,0.0075827907,0.986679
3d0fa32a1adaf63ccd509023122e4b29,5,satisfied,satisfied,0.004719098,0.009581365,0.9856996
7ce901f987ca96164c8b7db59e45461d,4,satisfied,not satisfied,0.5565776,0.4311429,0.012279529
baa02f28d119798c0cbd00d913d0aa5b,2,not satisfied,neutral,0.2901082,0.68747324,0.02241858
27f9b4cb0dc11fce337c02d3da8f5fb5,5,satisfied,satisfied,0.005175789,0.011091767,0.9837324
52a141a95dcc6049ff593e40f42a76b9,5,satisfied,satisfied,0.0056138723,0.010170819,0.9842153
dc4923457e5dcf13985da06b6b947dd0,5,satisfied,satisfied,0.004947622,0.011556141,0.9834962
ee1fc0da1a0bc81603525abded050d00,4,satisfied,satisfied,0.0069426126,0.028932422,0.9641249
17dabac8203fe17503e5a52a1e1b420a,5,satisfied,satisfied,0.0062585403,0.011271584,0.9824699
d7c511a5263800bc5300bc7cb6f7f212,5,satisfied,satisfied,0.0038386546,0.00701801,0.9891433
67d4bac8e2af57ddb9f24130bf1772be,5,satisfied,satisfied,0.0052422914,0.010042504,0.9847152
b6391b5f429772943c5e65d4b9192831,5,satisfied,satisfied,0.00493449,0.009857651,0.9852078
a39273bee96753bc449e5fdfe6e7b6d8,5,satisfied,satisfied,0.022967555,0.19932914,0.7777033
f2cc1218a5dc5d1c39f5c216ed69d420,5,satisfied,satisfied,0.0042269593,0.007903603,0.98786944
86fb0f2545bed450df81fe4edb936c1c,4,satisfied,satisfied,0.011060311,0.054184757,0.93475485
dd59ccae748f23b4103f7be86c09bc13,5,satisfied,satisfied,0.004720204,0.007020267,0.98825955
8335c3af4a617e4fe9ae565974e7f376,5,satisfied,satisfied,0.0041756113,0.0075876056,0.9882367
df12b6a582d22032e873069321e1267a,3,neutral,not satisfied,0.84472114,0.14964153,0.005637282
e2582582580f650b3bf0a39769266309,2,not satisfied,not satisfied,0.4606934,0.51722157,0.022085108
17aeb8279129e8ee31619856a04e2998,5,satisfied,satisfied,0.0037430795,0.007441961,0.988815
38d0b7b3b22857a9d15371647dd9ebe8,3,neutral,neutral,0.16117665,0.7766234,0.062199917
44a80e7d8d1a33fc9b8c113201e59fbd,5,satisfied,satisfied,0.0054560504,0.010570936,0.983973
804b1cd6f64d3279d3c930e27d329889,5,satisfied,satisfied,0.0058843973,0.012299926,0.9818157
8e001044c1e515de257ee255a3c0bba4,5,satisfied,satisfied,0.005221223,0.011719403,0.9830594
9f8198522c86b7b614e3b4ad412b53b9,5,satisfied,satisfied,0.007967016,0.017482035,0.97455096
9e83d006adefdde7de38aeaffc7ebf3d,1,not satisfied,neutral,0.22206648,0.66018903,0.11774449
2651583a72e8afa1e4ceb562c153d2ce,5,satisfied,satisfied,0.006567614,0.020795772,0.97263664
5a2995f428317722a31e79c97da072ae,1,not satisfied,not satisfied,0.7137174,0.27659893,0.009683782
3ecfb181712c577ed63b92394b5a0634,3,neutral,neutral,0.07343664,0.8282066,0.0983568
646aef1aafb53d222c151cb95fd04cee,5,satisfied,satisfied,0.008226918,0.020909123,0.97086394
fc3c34faea4418b495bf66ccb65cffc7,4,satisfied,satisfied,0.004162552,0.009289791,0.98654765
58bbd96b38eebb78324482e604ba2831,3,neutral,not satisfied,0.7461842,0.24513434,0.008681433
b411db836cfeeae4aec32f876b4feae4,5,satisfied,satisfied,0.003440053,0.0072998367,0.9892601
e11251ded482644f1f9c4030f070df14,5,satisfied,satisfied,0.025818039,0.16998877,0.80419314
f0071fa6725a258f050546fb74ab16a2,4,satisfied,satisfied,0.006737566,0.018727826,0.97453463
f59497042238347f1b977418312dfd6b,5,satisfied,satisfied,0.005024523,0.009691701,0.98528385
83a0699514874fd326c35d066f89f062,5,satisfied,satisfied,0.007902824,0.02724451,0.9648527
5b44d912daf975adb71e467659f44f13,5,satisfied,satisfied,0.0040102312,0.0065025897,0.9894872
19ee8650436af641682f46f09ec2e320,5,satisfied,satisfied,0.011380885,0.053159814,0.9354593
012510395a7cdef848313a4e694e59dd,5,satisfied,satisfied,0.019481847,0.06123048,0.9192876
1511aadc6b430b57b76a30bc1c63da6f,5,satisfied,satisfied,0.0070567513,0.02236307,0.97058016
88339e03f631b95f877b40d95e887624,5,satisfied,satisfied,0.040823247,0.36304897,0.59612775
ab0a41828aaa7e9d7813bfc650e95dcf,5,satisfied,satisfied,0.0050341208,0.012188993,0.9827769
1128a64ac7d38daa17aa74cd99628212,5,satisfied,satisfied,0.005431575,0.010207696,0.98436075
a42ddbb0d8a13f1e6bf24045ad47f1c4,5,satisfied,satisfied,0.0048574237,0.008993677,0.98614895
41bd63f89bdd39d3eb30d5cd4adcfbea,5,satisfied,satisfied,0.115941994,0.45747772,0.4265802
c8731cd187a6edab971486a4d1289d09,5,satisfied,satisfied,0.0050296984,0.00847308,0.9864972
6b967da4efd97e6e24faed659dccd171,5,satisfied,satisfied,0.0035363233,0.00760264,0.988861
489b1bdb106f0b0f3e70d5af4eeb3ab7,5,satisfied,satisfied,0.005354828,0.011847423,0.98279774
f260727596ba60d5c1caff4ed4d299d5,1,not satisfied,not satisfied,0.7545075,0.22777018,0.017722398
890d0f696b621956301b9008e93bcd84,5,satisfied,satisfied,0.009698074,0.023644038,0.9666579
6eb9c65c0e6af310eac21ec0e8b9aeba,5,satisfied,satisfied,0.052328892,0.19226721,0.75540394
414592c0a14954ff68383d8045d69d8b,5,satisfied,satisfied,0.0058178846,0.015580977,0.9786011
b079d25a4575277bbaf4c683a5776bfe,4,satisfied,satisfied,0.007287526,0.028115036,0.9645974
e1eee398216f99c5c35e4f4544c55236,5,satisfied,satisfied,0.005520946,0.010560098,0.98391896
a15e57f6c45aa025bf7a73a29e737bed,5,satisfied,satisfied,0.008093521,0.030634983,0.9612715
9d871634dc7c367487e65194e1510ac1,3,neutral,neutral,0.116188824,0.7823161,0.10149511
ac594ad8ef4dda802fa85dfe4e6b5130,5,satisfied,satisfied,0.005597042,0.01162769,0.9827753
d10017d0a68cb7cd505130b32c6addff,5,satisfied,satisfied,0.0035362775,0.0065045077,0.9899593
90f595fdab3f6745155290017f1aed33,5,satisfied,satisfied,0.0039641266,0.007917849,0.988118
97c613462437ec7fd126848f0ecb3ee3,5,satisfied,neutral,0.088921435,0.7658766,0.145202
2da29ce0d263826e6dad6b4ca2cb63ba,5,satisfied,satisfied,0.003631425,0.007853829,0.9885147
dbe54e748e584c6243a2c741faae03e7,5,satisfied,satisfied,0.004362485,0.00834303,0.9872945
a085a7c8e7dd5be22dc518c6a9372650,5,satisfied,satisfied,0.004953215,0.00795337,0.9870934
5f9e02c099219a14539a319330206f6a,5,satisfied,satisfied,0.0061321063,0.011270557,0.9825973
2d32987a6f0732ba4cf133330d5fb019,5,satisfied,satisfied,0.0049787466,0.008353089,0.9866681
1c06818a34227ebbef2e81418386faf4,5,satisfied,satisfied,0.006425512,0.017034074,0.9765404
6a5d5e125cd0472aa711c6f0ae6e44cf,5,satisfied,satisfied,0.004793328,0.009252467,0.9859542
52b0f007c629c2a05c5e1c18e5937b8c,5,satisfied,satisfied,0.0037571022,0.006520819,0.9897221
dd58ac2afaa77a5e6c4ba9fd2ee53632,5,satisfied,satisfied,0.0048703784,0.011686116,0.9834435
5d1220344ae0f79fd696855b456643db,5,satisfied,satisfied,0.012010389,0.04903831,0.9389513
44df465f51e017ec9017d25ec977f1f0,4,satisfied,neutral,0.10297232,0.7453751,0.1516526
b28cdf57b4b3b2293b1cd4efa65ac59c,5,satisfied,satisfied,0.004038153,0.008032554,0.9879292
fbee01a827796d10dd192693229fd305,3,neutral,neutral,0.1926131,0.7789764,0.028410502
856aacf62fb91a66d3202ac99541521b,3,neutral,neutral,0.1575743,0.8020497,0.04037598
49c4bb2d6149b60fb7669a40c1d47f57,5,satisfied,satisfied,0.008143745,0.028578235,0.963278
b64ecd6c0923145ab416a26ebe6b4683,5,satisfied,satisfied,0.004803876,0.009936141,0.98526
51f052a01f9587cfcc534a4ae6e7b9b6,4,satisfied,satisfied,0.0057662437,0.009708216,0.9845256
639364d6179ca0beff72c95c80a7faca,5,satisfied,satisfied,0.0032730203,0.005987867,0.9907391
b021167bcc07e5f4c89be53dad90942f,5,satisfied,neutral,0.07184951,0.76941967,0.15873082
4318e2f8a6ab955a49d44e3de54ac5ea,5,satisfied,satisfied,0.0047052684,0.01037168,0.984923
4e5264e5d61db35f8660c0b443854f59,4,satisfied,not satisfied,0.77102315,0.22168688,0.0072898753
96c96c0edbbd6c79c835ec9e0bb03b49,5,satisfied,satisfied,0.005045014,0.014464585,0.9804904
b8fc89a76215067bcc5a562f6bfbc846,4,satisfied,satisfied,0.0073210546,0.021732401,0.9709465
b24e7bbc0316045654c79050f55a8438,5,satisfied,satisfied,0.0066411304,0.013928939,0.97942996
420dd568f85d572060d0b708a0bd94ad,5,satisfied,satisfied,0.006242748,0.031757426,0.96199983
967f48d0f098a9fc0f732b1166f37f63,4,satisfied,neutral,0.35326466,0.62951434,0.017220996
c6ec9d144b7813b371253a02257701b0,5,satisfied,satisfied,0.00775308,0.020005051,0.9722419
6ba6d4a6a4732fc6b3058205bfa735d5,5,satisfied,satisfied,0.009247568,0.03979418,0.95095825
90a1397c8218cdda1214b8a07c29ed2c,5,satisfied,satisfied,0.0049815695,0.0100211585,0.9849973
bde2963f94dfd6ac3d0a446d96fe1254,5,satisfied,satisfied,0.0035021286,0.008079607,0.9884183
d55f3964283b24025280e5213e33cb6f,4,satisfied,satisfied,0.0074646985,0.014812714,0.97772264
bc7de1f65bc9eecef6664bb199a65f23,5,satisfied,satisfied,0.0051050573,0.011424627,0.98347026
f7d3c9f9fd23eaa35d013aba4227d1d9,3,neutral,neutral,0.06691444,0.7938432,0.1392424
352a1f57fb4380079b041a7b8d2375de,5,satisfied,satisfied,0.0034303062,0.00732486,0.9892448
9e649f9d62eb02a0af96e19dd187ca75,2,not satisfied,not satisfied,0.9475209,0.048195764,0.004283264
4ae1573fcc985d1dd3b17356d7b42353,5,satisfied,neutral,0.06880827,0.71930826,0.21188354
6ff9910593cae82ef12f1c9b9f02d8f5,5,satisfied,satisfied,0.004733719,0.0099429935,0.9853233
5e9de2354fe5ca382755c9509f2f0250,3,neutral,neutral,0.15452725,0.8062197,0.039253123
bb73dfbf5decb86e9e8cfbc2fe1682a6,5,satisfied,satisfied,0.00363623,0.005608973,0.9907548
653617c13a82c3a311086f11817e12c5,3,neutral,neutral,0.12151556,0.75027007,0.1282144
c3f5602282bba76c06f4098aebb78377,5,satisfied,satisfied,0.0037895802,0.007917368,0.9882931
de230e5602eab04bc897507e5aff9dd3,4,satisfied,neutral,0.43269193,0.54483104,0.022477
46a78264eec344967864044e9c1b1a01,5,satisfied,satisfied,0.0051624435,0.018364126,0.97647345
ff53979757566bd8abaa2da8dd4ccb25,5,satisfied,satisfied,0.012243553,0.06408434,0.9236721
9b5f398eb2890389b903f4dc6858ef2d,4,satisfied,satisfied,0.005109682,0.01626135,0.978629
922652d8099888aca0b45ad4376c0d36,5,satisfied,satisfied,0.0046537085,0.009382559,0.9859637
fa3f0a35f9988805610e79e0f16883cf,4,satisfied,satisfied,0.006675333,0.03980052,0.9535242
67bb952ad66f2f70101608399bb22e7b,5,satisfied,satisfied,0.0064603174,0.013895781,0.9796438
a7395556ec53baebd4656a26bb6c8e06,5,satisfied,satisfied,0.004396274,0.008303349,0.98730046
f9fc0271e7fd5a3c883093512ba35755,5,satisfied,satisfied,0.02243579,0.06878292,0.90878135
77968c2f2d8288293519ace9e9b7eb03,5,satisfied,satisfied,0.007126488,0.010970604,0.98190296
0a3ffc63f5248fa40c990aad5dd05b7a,5,satisfied,neutral,0.17965664,0.78711456,0.03322881
6250a3f105fa1ef04333f707cc5caa6e,5,satisfied,satisfied,0.011436228,0.059068177,0.9294955
6d41a85a878f31fe1a047b8d78ca4e14,5,satisfied,satisfied,0.0037249175,0.008327894,0.98794717
39dea526cf498ed7f166a899554b79d2,5,satisfied,satisfied,0.004799999,0.01153947,0.9836606
9fe16ab9b2f5c0bba37dfb94bb42ad76,3,neutral,neutral,0.1070699,0.77464825,0.11828182
db4ca66f44c5a334b78a61884343915a,5,satisfied,satisfied,0.0058779893,0.0105847865,0.98353726
3804f5de3fa15a4d97a59397207bd093,5,satisfied,satisfied,0.0039896197,0.007115788,0.9888946
16e9aa389e6915e87ef2dbca65a20fe7,1,not satisfied,neutral,0.40068763,0.5829728,0.016339503
2690badbded8a23e5e56cd4c97859d33,2,not satisfied,not satisfied,0.9474677,0.048161816,0.0043704757
074cfa951a788f04f62438c70e662f44,5,satisfied,satisfied,0.0074751317,0.021290358,0.97123456
306cdb179b63e98f3f4ab26b7ec93e77,5,satisfied,satisfied,0.005603694,0.010462301,0.983934
1cf4447b456837eafca78d1faaeb8066,5,satisfied,satisfied,0.004232333,0.009379257,0.9863884
32faa20d86ae8e39933a4d8d00f36c7c,3,neutral,neutral,0.31685197,0.65055805,0.032589935
e5b3b3950c9af47ae72b9e53db1fbfd0,5,satisfied,satisfied,0.004993315,0.019250214,0.9757565
dc488a0ee4f7d4ff552d215d655b189e,5,satisfied,satisfied,0.007850137,0.019788276,0.97236156
fcf65536a3958c3c45719233a1f5db39,1,not satisfied,not satisfied,0.5885826,0.39972472,0.011692699
01ff38ff98e3625b665f2a5b84f4c802,5,satisfied,satisfied,0.007800441,0.021761391,0.9704381
1481f138279f4db8c989e285e84d1bbc,5,satisfied,satisfied,0.0042424607,0.00873948,0.98701805
15f097f9374fc4abe898d92568ae391b,5,satisfied,satisfied,0.005963761,0.012557377,0.9814789
fb11068ec7e0d170cb3f849f08667bc5,2,not satisfied,neutral,0.38252088,0.59743196,0.02004716
de2137c50a82ba0f9b3c016ffbff93f2,5,satisfied,satisfied,0.0050202147,0.010684404,0.98429537
57d971071f8c28d205773bc3b2da084d,5,satisfied,satisfied,0.003705391,0.009194312,0.98710024
48b9a13db91276c8017e2a71ed0ce43c,1,not satisfied,not satisfied,0.7598537,0.23220903,0.007937197
9580dae3805b279b51231034d6abc3df,1,not satisfied,not satisfied,0.8531176,0.14122884,0.00565353
8e2822ecdefa68ef804c5d7e5eaeecdc,5,satisfied,satisfied,0.0039342972,0.007512537,0.98855317
0a95480b639cd4b1e1def420416d8804,4,satisfied,satisfied,0.05646016,0.72112894,0.22241089
49cdc2ad3ef8e7ec6ed892bb637e2c3c,5,satisfied,satisfied,0.037654955,0.38684326,0.5755018
b87779717e9f96de722ebbfa19e31b0d,4,satisfied,neutral,0.06450719,0.78509957,0.15039332
e0a931653fded6484047f90e973b40ef,4,satisfied,satisfied,0.0057560117,0.011630664,0.98261327
7e885e0a8d4aa7c229cb70dae877872b,5,satisfied,satisfied,0.005367118,0.0077147945,0.98691803
ebf5c310766d41b40ff1bd7bfdb3fff1,5,satisfied,satisfied,0.0046674926,0.008308335,0.9870242
ce6b055000b56d3627b8ce82d47de0f9,5,satisfied,satisfied,0.0039063687,0.008000926,0.9880927
f00fae247c0c8dbfa98f075d3a96deb1,5,satisfied,satisfied,0.004298494,0.0077339774,0.98796755
a5b24e07f9c5ade8b801ab105cc9ad91,3,neutral,not satisfied,0.647092,0.34422213,0.008685861
321dcffbc405d45ca08aabb62d4f11b3,5,satisfied,satisfied,0.0051710457,0.008067679,0.98676133
658582afa1633620bfbebd2a3869e7c7,5,satisfied,satisfied,0.0052667814,0.015567181,0.979166
685d2a91bf9b7a7b609a546430155ee7,5,satisfied,satisfied,0.0037943472,0.0077502592,0.9884554
053ffb7bca6de808b43a79fc13f79dfe,5,satisfied,satisfied,0.0054546976,0.014148982,0.9803963
6e2e2aeb1e53e74ea6808dac78b4a1e2,5,satisfied,satisfied,0.0055495654,0.010197848,0.98425263
714602c1659c42f663d551495b5b1297,5,satisfied,satisfied,0.0060087717,0.011798154,0.9821931
964dbc37d6b63adc95d861cc79ef2dfa,5,satisfied,satisfied,0.004826531,0.009971372,0.98520213
583d0730fb4e71ab878e9683a89508e6,4,satisfied,satisfied,0.015125778,0.08973585,0.8951383
5092ae3da2d0428ee002b89ca050a959,4,satisfied,neutral,0.0670464,0.84859794,0.084355615
957b55e21fc4fa5df5714f8dc6909fd6,5,satisfied,satisfied,0.008048875,0.026061263,0.96588993
425d7916fbabf8b6dc6ca39c2077dc3c,5,satisfied,satisfied,0.003960471,0.007822038,0.98821753
6ebf3097825777a0b7b6afa513750437,5,satisfied,satisfied,0.005945256,0.013097762,0.98095703
857921865b0811da8b3cea4d877f7503,5,satisfied,satisfied,0.006287793,0.016501606,0.9772106
0f56343ce7d0001cfa0cba6b31c70962,1,not satisfied,not satisfied,0.7564378,0.23350684,0.010055425
89b650ea925dc5e69d4a3b978e7167de,5,satisfied,satisfied,0.0052239844,0.010307085,0.984469
e9d62434b54512094d31594ef4953239,4,satisfied,satisfied,0.0045515187,0.016089765,0.97935873
c0bd6e321167b83e7a9768ba36a290d2,5,satisfied,satisfied,0.005724472,0.018867197,0.9754083
7672ae92960b8b0b6cca50274668d921,3,neutral,satisfied,0.005183143,0.0141933495,0.9806234
d2d5e492ba1496e9c400e46493cfb967,4,satisfied,satisfied,0.004337634,0.010793879,0.9848684
58f71fa5ea279d456fa6186f025a39b9,4,satisfied,neutral,0.05167597,0.7815399,0.16678405
39ac3940dd864692829c0e16c70d2d6b,4,satisfied,satisfied,0.017274357,0.031959716,0.95076597
946b2cd574bb523c8cc02956535fb0be,5,satisfied,satisfied,0.0069840695,0.016223604,0.9767924
c3c3bc18589a81beadb5abe44b1f1633,5,satisfied,neutral,0.38949877,0.5676527,0.042848527
3b8ba13a646b6751470d81688e656ebc,3,neutral,satisfied,0.12275675,0.65494543,0.22229783
7e08f2bee70fa60383c95d1fe150bd1d,5,satisfied,satisfied,0.008243821,0.028212257,0.96354395
91bf5e0866c79486b212f8ded36ba98c,1,not satisfied,not satisfied,0.6148831,0.37515116,0.009965686
33f965e019ee8951a6f53dba87824785,3,neutral,neutral,0.24284461,0.6896625,0.067492925
e2243e18bda4c3e2ef386c592a76f978,3,neutral,neutral,0.15231822,0.8143934,0.033288367
ad9bc3b0c5437e5807c2c5bb8b54ff0c,4,satisfied,satisfied,0.045253716,0.51498246,0.43976378
c3da8a0cc0031f8d56dbc86a8401fd2a,5,satisfied,satisfied,0.015915463,0.037886,0.9461985
d1a50f52ab7d47de27fe16579742691d,5,satisfied,satisfied,0.005582488,0.016668988,0.9777485
3c9a9d7bc095893116deebbd8d822992,4,satisfied,neutral,0.3263744,0.65429354,0.019332014
6ecf1a7e379bd4e058539e4336379dee,2,not satisfied,neutral,0.42410654,0.52959335,0.04630016
3f97cf8e585d1f787a36206c3bd0a37c,2,not satisfied,not satisfied,0.50114083,0.48155272,0.01730651
b98c3e1fe696966830c731c6c84c402e,2,not satisfied,not satisfied,0.8990882,0.09662949,0.0042822957
499cdf5dcb8d8cd03c6ab05195950846,1,not satisfied,not satisfied,0.79212403,0.20031302,0.0075629777
933f149abd8e27c236f1a8cce52cf1bf,3,neutral,neutral,0.37421447,0.5661414,0.059644073
388fd1b8b9fc09bcffca5f4a90b976c9,5,satisfied,satisfied,0.0048354156,0.009993915,0.98517066
f0d4529a12571d13fc1c4f4ac3fd3c3c,5,satisfied,satisfied,0.00427499,0.008188708,0.98753625
14f92c89566b50562b6c2f8a23669831,5,satisfied,satisfied,0.0056351554,0.022836193,0.97152865
410aa17d6fd0502597df330507b25e12,5,satisfied,satisfied,0.009900253,0.050450783,0.939649
41c87856f6b4cdc9b3a12204adbfdeb8,5,satisfied,satisfied,0.008427897,0.014450318,0.9771218
5d10527adab3b2a858488ba2b62745a3,2,not satisfied,not satisfied,0.63381636,0.35695586,0.009227783
fbe4ef59c17fe91d7e8d9bc6d74ef028,5,satisfied,satisfied,0.0052175177,0.014767529,0.980015
a42ff93381bc1da17f31303dd7003a3b,5,satisfied,satisfied,0.0049816207,0.011485653,0.9835328
b6a381c8542899398f1d55662b454069,3,neutral,neutral,0.0833443,0.76432073,0.15233496
0be2c300b6092d08e31ef641b747644f,2,not satisfied,neutral,0.27725,0.70124483,0.021505179
e7511dd361403ac3b385a9e3d2a6c04a,4,satisfied,satisfied,0.041547667,0.50722766,0.45122468
bc22445059660ac1f801d8f9a4e6f6fb,5,satisfied,satisfied,0.0069692573,0.023497071,0.9695337
5de506ba6ae83c01b4689a1a00b8f3bf,3,neutral,neutral,0.13486768,0.8134582,0.05167416
eabc61b87b33f7220b8e304f8c9d96d0,5,satisfied,satisfied,0.0043789684,0.008563242,0.98705775
d4c9a2f778d57343098e1a49ea1451f7,5,satisfied,satisfied,0.0045921323,0.008365116,0.9870428
46534f3b015f47692d44bff7239974a2,5,satisfied,satisfied,0.007202524,0.020223886,0.97257364
860cebd69bbe9e4af4598809006b49e0,5,satisfied,satisfied,0.004739842,0.009550111,0.98571
a0fe7b049e479e4637e91082109f896e,5,satisfied,satisfied,0.009175773,0.033459958,0.9573643
994e4e1d5088f8f48d814f90ce27dd40,3,neutral,neutral,0.15719226,0.80089617,0.041911542
f72f9d6e5e434bb5da5bc5cbe9603937,5,satisfied,satisfied,0.005031221,0.010911372,0.98405737
a64b08a3ef0512eab7de2fe0e11053f4,5,satisfied,satisfied,0.0040647592,0.006741713,0.9891935
466a758016b13d161d58ddec3c1b3b14,5,satisfied,satisfied,0.008530299,0.03893888,0.9525308
0509bc5cdece8d40cb8c8f3a568217a1,4,satisfied,neutral,0.18152273,0.73038685,0.08809036
34a03163f682983baa1a78cc5ff23210,5,satisfied,satisfied,0.0039862436,0.007448896,0.9885648
ba3caa27bec87bbb62bcef2e3a5e5235,4,satisfied,satisfied,0.054022603,0.5610154,0.38496205
58cfc3e430ee995ca81b2909bda5ddda,5,satisfied,satisfied,0.0061418344,0.013553845,0.9803043
9655a10e29c2a6ada00abcf37afc26a5,5,satisfied,satisfied,0.024577621,0.09019462,0.8852278
bf9d42018ae4cbe5998a9fdaef9610ae,5,satisfied,satisfied,0.019061288,0.0916946,0.88924414
9ccafa004b2bf68f9de73aaec8190951,5,satisfied,satisfied,0.0047904016,0.014344867,0.9808647
33d0f6dfd388296fc65b0f3b9e9097f9,5,satisfied,satisfied,0.0054481723,0.00959639,0.9849554
f9411a8025b3b1babea9ad931a195037,5,satisfied,satisfied,0.005343316,0.00998941,0.9846673
bdbac1edc198b58444116565b3fd1a63,4,satisfied,satisfied,0.028193807,0.25260827,0.7191979
3b52463018f943fef7dd9b72ddd947fd,5,satisfied,satisfied,0.0058341185,0.012113698,0.98205215
c0e528ab71388895fc674806bd8d8783,5,satisfied,satisfied,0.0037922345,0.0070371307,0.9891706
cd18464d1a56ea0eb765bb2e7ccf9e76,5,satisfied,satisfied,0.05380895,0.54490346,0.40128753
09219eaa7f10b3f221374f8537649c7c,5,satisfied,satisfied,0.005387709,0.016501365,0.9781109
c01dcd35be85e639a0ee5e97e5686521,5,satisfied,satisfied,0.0056201457,0.016220424,0.9781594
0c4e2ce55ab986b430c1b35b78f05d6c,5,satisfied,satisfied,0.009183087,0.02225071,0.96856624
3b5c80f589f9074e1690c54f2b4a4b4b,5,satisfied,satisfied,0.0051151807,0.013434367,0.98145044
db2a79bf3a52e758ad9472455b1f9980,5,satisfied,satisfied,0.008027481,0.019231182,0.9727413
a916f435943329fa908253cf95f96e4b,5,satisfied,satisfied,0.0042083906,0.008884497,0.9869071
f5e8110b22f55c77b806d1e399ddb873,5,satisfied,satisfied,0.0035026744,0.0063422034,0.9901551
29ae667ca38ea2451621c66dd916391b,4,satisfied,satisfied,0.0059406385,0.018699005,0.97536033
c07be06cb2fb47376557b7378156e07f,5,satisfied,satisfied,0.0042680837,0.010145044,0.9855869
56babb3571b9cd2a8ce4956e92a81200,1,not satisfied,not satisfied,0.93263924,0.063829936,0.003530868
0d441999f3cf0e8c2ed26cbfc44ec709,5,satisfied,satisfied,0.0042459914,0.009497839,0.9862562
2e46bb1206e1d8a84336b1fea4507994,5,satisfied,satisfied,0.003821429,0.0065158745,0.98966277
9c7b4a71338c2fa1757f5d0c5a6e32ae,5,satisfied,satisfied,0.0057131583,0.009130628,0.9851562
71cca34dd87da2e9c0a52743863f7a12,1,not satisfied,not satisfied,0.8304065,0.16471684,0.0048766984
ad37a9cba0a2163c79ed5d83af114402,3,neutral,neutral,0.19734754,0.7683226,0.034329917
72db2ba8e7415d250606f91a7ace7238,1,not satisfied,not satisfied,0.93378663,0.062461518,0.0037517662
fd2434ea111921bd5e22b6b15205fdc0,5,satisfied,satisfied,0.0047309506,0.008200515,0.98706853
4d0b6bfa457e9f0c1594363bfb6f1983,3,neutral,not satisfied,0.62070096,0.37081343,0.008485695
93e2438d7a7eccff19fee1eb4464f2d0,5,satisfied,satisfied,0.004800614,0.01368154,0.98151785
83d6b2c4aca3929550a670927cd1b382,4,satisfied,satisfied,0.01992174,0.08554571,0.89453256
c64809ffa86f9bc4416d8103a3333345,4,satisfied,satisfied,0.061197747,0.6788665,0.25993583
d2a293438127db10d14b3b4479bbbdd6,5,satisfied,satisfied,0.0050715613,0.010788046,0.9841404
1a8a6cb2928a2d31ccd2888a99d92087,5,satisfied,satisfied,0.0043362714,0.010813075,0.98485065
f0d522a8c262ac6fef6f1cfb5d1b3bc7,5,satisfied,satisfied,0.0075262235,0.011625236,0.98084855
418e2fd7c5a85ca51d5c69c835848ca3,5,satisfied,satisfied,0.004890774,0.013539786,0.9815694
cc2c5ee541335e8fd9d135540d5370ac,5,satisfied,satisfied,0.0074858805,0.019636312,0.97287786
871add603a66a392129c0971b0c12fdf,3,neutral,neutral,0.21985891,0.73832715,0.041813903
7bd24461cf51b5232d4a2df56fe56128,4,satisfied,satisfied,0.022812465,0.1390603,0.8381272
0b0d411a58a8c72012c8fdad619dcf43,5,satisfied,satisfied,0.0035654414,0.0073526506,0.98908186
0ecb78bbae057c9fef14c2a659216008,5,satisfied,satisfied,0.008280275,0.020269793,0.9714499
ec74352ac52680b718c1d3c84feeb052,5,satisfied,satisfied,0.0055751908,0.01800931,0.97641546
ccfeb72ab8118cdfed694ae9e6a5cddd,2,not satisfied,neutral,0.31378847,0.641827,0.044384565
a42033237ff307734514e13b442189c3,1,not satisfied,not satisfied,0.7085651,0.2841902,0.0072446982
e783f9a75c405c93be23ba35ad929cc5,5,satisfied,satisfied,0.0041439496,0.008277173,0.9875789
81a5a9fcf7b08be9777075b7f39fb8bf,4,satisfied,satisfied,0.008559822,0.023634449,0.96780574
bc8df6e38d16ddd61e3bdba0d604d8ac,3,neutral,neutral,0.13994324,0.82397205,0.036084715
5721e8b234233a599fa9fbc84c028440,5,satisfied,satisfied,0.02025161,0.20063516,0.77911323
a98a878cd2f2f80012869f3aca8a7620,5,satisfied,satisfied,0.0038118504,0.0077489717,0.98843926
bd60d32b52920f5664d2eb11e86e93ef,5,satisfied,satisfied,0.0051806667,0.013733882,0.9810854
3d30fc76489c2d33a69e49194c318e23,5,satisfied,satisfied,0.009431858,0.031365488,0.95920265
c4e756a12ba9c1942f6ac73250c33839,2,not satisfied,not satisfied,0.8152196,0.17959334,0.0051870863
1dd6e11396fd4ac9d96483bf9f882b47,3,neutral,neutral,0.26419535,0.7118432,0.023961406
ffc27f111eae1312cf7ef5823ba88ace,5,satisfied,satisfied,0.0047970028,0.00940292,0.98580015
dcbeedefbedd3d85458e3107a812bde8,5,satisfied,satisfied,0.0052875667,0.013031277,0.98168117
4ff702802ff6ad241eaad1e48ae34a3a,5,satisfied,satisfied,0.0052524824,0.010679215,0.98406833
91126bc3f4953307da62868c4532c0e5,5,satisfied,satisfied,0.0039528226,0.008395039,0.9876522
b259f01b611949ac7fd5819ec7401b09,5,satisfied,satisfied,0.0056562326,0.018659918,0.97568387
6745d4977375d6a9b812da83099af6ca,5,satisfied,satisfied,0.0065323873,0.019851355,0.9736163
039558fc44b95905ddfb37fbde419fea,5,satisfied,satisfied,0.004106948,0.007323574,0.98856944
59fb8a292755f4b3ca7e9ab9db728243,5,satisfied,satisfied,0.005655241,0.013902185,0.9804426
35bbac1311894be4a1af12242057a397,5,satisfied,satisfied,0.009666577,0.048627768,0.9417057
898202412217dcfab7252a3632adf0c0,5,satisfied,satisfied,0.00408347,0.008177438,0.987739
341e8f56a00f0d8ec665eff70ca32354,5,satisfied,satisfied,0.004333964,0.00855216,0.98711383
973c6f520abd75743c135c9844261387,4,satisfied,neutral,0.11772399,0.733924,0.14835206
d80e180d9e10d80f7c880dab5b379a8a,5,satisfied,satisfied,0.01369678,0.032876443,0.9534268
74ae6e477a69e7c7f387af7050456538,5,satisfied,satisfied,0.00461604,0.012626046,0.98275787
f6e0f7eb106dfc9121a487920ae35076,5,satisfied,satisfied,0.0053937873,0.018359823,0.9762464
8d63f47c2e96f3aa30e01b59815cf99e,5,satisfied,satisfied,0.027554765,0.19163199,0.7808133
3b9b5bbfffc1f4ee3d3e2830f003c994,5,satisfied,satisfied,0.00743396,0.012673879,0.9798922
b4576fd5c1c3cdb667cf28aaf8dd221b,5,satisfied,satisfied,0.009608249,0.046037234,0.94435453
799c950de9ac1ef50652c3b3065d6b23,4,satisfied,satisfied,0.011518496,0.053472042,0.93500954
cd45908c81d5eeaf11e116b1fb6c26f3,5,satisfied,satisfied,0.005270892,0.013679661,0.9810494
a0a93364565b4cb6b2dedf458d8c54f5,2,not satisfied,not satisfied,0.8483085,0.14673018,0.0049613463
a4e55cdb5fbb4da62241b090a5c5b725,5,satisfied,satisfied,0.004869925,0.014981497,0.9801485
b42ebd9b8c718bc24d55d630849756f6,4,satisfied,satisfied,0.005195036,0.009761426,0.9850435
fb9cb4065a917f71be243e5d7aadc160,5,satisfied,satisfied,0.01182693,0.031146752,0.95702624
1d6e2961e090bb2fd97b8121e3f242d6,5,satisfied,satisfied,0.0069360654,0.014503885,0.97856003
d2d0308dc4a0942f01431b866355c681,5,satisfied,satisfied,0.005695586,0.0108679,0.98343647
565308b18a76454e6c31dc21e58d508a,5,satisfied,satisfied,0.0039057366,0.008114796,0.98797953
047560fe54f242798a5a61dc157332c5,4,satisfied,satisfied,0.011582524,0.06636581,0.9220516
b97c95ad9f47245539479ea636fd311b,5,satisfied,satisfied,0.006385865,0.023136742,0.97047746
a7f26ddbfbb6fa0b0ccfdb833d8a9230,5,satisfied,satisfied,0.0050826715,0.009849587,0.9850677
30ed95cab1ccf37a8db2107330f9db54,5,satisfied,satisfied,0.019418526,0.16841684,0.8121646
2f23276a5254746ac420964ca48b1fce,4,satisfied,satisfied,0.06896309,0.45887002,0.4721668
44b180ff83c51d224d3dc7466308866c,4,satisfied,neutral,0.21899049,0.7400338,0.04097577
f5ef800ce89af9e73a35f63f06075dda,4,satisfied,neutral,0.08224386,0.7249833,0.1927729
d2710d7c9dfafa95fe49adf14bec4460,5,satisfied,satisfied,0.0052998858,0.0153659005,0.97933424
ba5519d2253eee3cd8baab53c45d4955,5,satisfied,satisfied,0.0052300845,0.0076943054,0.9870756
989a3fc79ef94e631d5f214ca4122e2e,4,satisfied,satisfied,0.05479388,0.70395243,0.24125373
2584be9329660e59da7dc6af52141119,5,satisfied,satisfied,0.006492301,0.012311947,0.9811958
702d56ea190b230bf5ac1b0862441a1b,5,satisfied,not satisfied,0.51644117,0.37136754,0.11219121
cd9ab55b7fbf25fce4e34b9ddacd2fa1,5,satisfied,satisfied,0.0055137277,0.012726183,0.9817601
7da10a5228acf15abbb55bec72090b9b,5,satisfied,satisfied,0.0034413966,0.005709005,0.9908496
af2373eedbfb02c81e2aec48874dd865,5,satisfied,satisfied,0.121725455,0.661313,0.21696158
99a639f2d55f1abfefc321978e7fea10,5,satisfied,satisfied,0.019758523,0.0960853,0.8841561
55540ceb7e8adb5323132c1709283f86,4,satisfied,satisfied,0.059805166,0.7004757,0.23971921
34bc55dee7dc6c43b9b7bc914ab47f58,5,satisfied,satisfied,0.0052055595,0.011581566,0.9832129
1fb888eaeb57768ef1053db5040d81a5,5,satisfied,satisfied,0.006479479,0.01086749,0.982653
b0d6126de39361713484765bea889119,5,satisfied,satisfied,0.003779715,0.006967574,0.98925275
683fba340cce0639860660ffcb4f57f8,5,satisfied,satisfied,0.0046995045,0.010104395,0.9851961
03b0586d3ce4f9959c9201f431f5ce39,5,satisfied,satisfied,0.0061311377,0.023831852,0.970037
24339090cb85815f52cba99f1ec84b75,5,satisfied,satisfied,0.0037588323,0.009084662,0.9871565
17a2b340e3da45523d83840cf9e9ad04,5,satisfied,satisfied,0.0061164023,0.010850286,0.98303336
78a13b65a53e815bbbe0fd9839496168,5,satisfied,satisfied,0.0046796254,0.014014718,0.98130566
71ea7dffb1ebf1f6443bb88a9d855f27,5,satisfied,satisfied,0.005930464,0.013457301,0.9806122
139cbacc5713156bd5084e9d29261783,4,satisfied,neutral,0.08991305,0.7916224,0.1184646
a5db9bb4cbd4b0924807567c9f58edd2,5,satisfied,satisfied,0.0046529127,0.009897884,0.98544925
23da5e4d14cf6be128f4d42143021af6,5,satisfied,satisfied,0.007905295,0.02534072,0.96675396
e37064dc3cf75ee1c175bc207e55223c,5,satisfied,satisfied,0.0084072435,0.030595634,0.9609971
9f8b9a3abf960a9824afdeb7939b20bf,5,satisfied,satisfied,0.005511873,0.010215391,0.9842727
3ab97dfe638bb67d7a73e42323685dbf,4,satisfied,neutral,0.14087681,0.7741639,0.08495923
bf18505c41e1224772f829b3853670c2,5,satisfied,satisfied,0.014395465,0.102510944,0.88309366
21b91447589e92400c9495594f02bc64,5,satisfied,satisfied,0.0036068182,0.00641432,0.9899789
eabafde904f893d0b25e47dbd9471426,5,satisfied,satisfied,0.004422226,0.008940258,0.9866375
4aa0c24ee93711f567b4a3e98c8fc5e5,2,not satisfied,neutral,0.3527042,0.6321416,0.015154276
c24f419b16b9a100ac2e667194ecf7a9,5,satisfied,satisfied,0.011643908,0.026789956,0.96156615
dde54891a392129bb1e9c5d1a0ed0cf9,4,satisfied,satisfied,0.0044806334,0.009942957,0.98557633
fbd66b8489ab36cac4e195a80814a91c,5,satisfied,satisfied,0.00672454,0.009440296,0.9838352
97e02692a517f5a15d907df1655510b9,3,neutral,neutral,0.08854739,0.83344275,0.07800991
43107af179094d0d2087ca137e56db92,5,satisfied,satisfied,0.0061276085,0.0137709575,0.98010147
4ac8634db7fd2e8ecb8358e68b4f81a0,5,satisfied,satisfied,0.004730521,0.010949851,0.9843196
4ed3fb494c3b8fd7c517523021dcaad8,2,not satisfied,not satisfied,0.4408221,0.5292907,0.029887188
87e58a253ec2b8a85f73002c1477cfac,5,satisfied,satisfied,0.017018387,0.07935541,0.9036262
dfcc903015867592835a551857070a3a,5,satisfied,satisfied,0.010049878,0.029372567,0.9605775
f83a7fc9de907320581eb2e5f91b47f6,2,not satisfied,not satisfied,0.86550844,0.12792937,0.0065622646
dd8f1f444bc63dd2f8964a98cadc15df,1,not satisfied,not satisfied,0.9454748,0.05047803,0.0040471964
43fe3d9881b069da3a197d452f788f9c,5,satisfied,satisfied,0.006044821,0.023723552,0.9702316
da6172604a07fbeeff26824bf441de94,2,not satisfied,satisfied,0.010018481,0.035567164,0.9544143
829e52fa611d0452cf7cb37a17dc3399,5,satisfied,satisfied,0.0048119044,0.010138086,0.98505
66009ee91118ee316be00847a7faae3c,4,satisfied,satisfied,0.0055566197,0.014338863,0.98010457
e70db48f74153d457808041795e7e3cc,4,satisfied,neutral,0.09976157,0.7798111,0.12042734
fd97a584c2bb8391abd89eefc2cf999b,5,satisfied,satisfied,0.0033284035,0.006661986,0.9900096
03e40f2b1b91e988115f55c7bf5d32d2,5,satisfied,satisfied,0.0051812604,0.012546529,0.98227227
8760ecd86e95069be9837bb1b5e989ac,5,satisfied,satisfied,0.0053600906,0.018162882,0.9764771
fd2f3e9c5ce261669bc27d6dfd679f70,5,satisfied,satisfied,0.0106399115,0.068877354,0.92048275
8790bdc618a7715d901ecf044c7bfc11,5,satisfied,satisfied,0.014499226,0.088709645,0.89679116
0c6d0adcce785a930cbcd7ad9955aeb9,1,not satisfied,not satisfied,0.94039434,0.055159673,0.004446073
8f6960169299994c30eaa98da41a368f,5,satisfied,satisfied,0.005021533,0.010607258,0.98437124
26cf58586af5085998703b96d8960bc3,5,satisfied,satisfied,0.0060441084,0.015386716,0.97856915
1acd138176a9915c9fe6d2240bdcb528,5,satisfied,satisfied,0.00345422,0.008218843,0.98832697
3d8f42a9d38878570b65b690a804e55f,5,satisfied,satisfied,0.036988143,0.21588142,0.74713045
c5631e0b95d9673ccded41a2fcaac155,5,satisfied,satisfied,0.007040822,0.02630327,0.9666559
1d37032a441ff7bcf19266950cb0ff49,1,not satisfied,not satisfied,0.96234673,0.03091939,0.006733856
463197a05610d814d531996d874a2ef7,5,satisfied,satisfied,0.0046563153,0.012306292,0.9830374
e8e3664544cf68d2547a9e26635b8856,5,satisfied,satisfied,0.0051660375,0.015351944,0.979482
3081a2578cff6c8486ec22a18bee4370,5,satisfied,satisfied,0.007649484,0.015723754,0.9766268
322594741dca27434b512a5cbf6feb8e,5,satisfied,satisfied,0.006465762,0.016230945,0.9773033
f45654b4075ed8011167451e70daa765,5,satisfied,satisfied,0.0058266465,0.009900793,0.9842726
66cdb6bc96564659652f1ae0a18b6ca1,4,satisfied,satisfied,0.0051068347,0.015583525,0.9793097
c9324798e261aeee31ac8d6bb5cb83e1,4,satisfied,satisfied,0.033956468,0.39308083,0.5729627
0c525fd24aa54822ab43ed690a8e8607,4,satisfied,neutral,0.08119448,0.75185204,0.16695344
addce954f601f09b08bc02dd46f6837e,5,satisfied,satisfied,0.0052156025,0.009181828,0.98560256
651f5c53d5332b3442d0f062b7c188e4,1,not satisfied,not satisfied,0.6416817,0.34844017,0.009878164
eb3f431a41b5111ba13ee3ade65de154,3,neutral,neutral,0.22725932,0.74059576,0.032144934
453607b7c5615511e83aeb1ae527aa28,5,satisfied,satisfied,0.013990915,0.084950425,0.9010586
1c40763c3dac2fbeaac121b716180c4f,2,not satisfied,neutral,0.08224262,0.8222096,0.09554781
598d1ee500d5e156c92a76bd0a4cc113,4,satisfied,satisfied,0.0071836445,0.02556529,0.9672511
132614ab49b24828543e000ec005122f,4,satisfied,neutral,0.3195974,0.648684,0.031718582
bbc7bacb7af5c228d79d3ff181236daf,5,satisfied,satisfied,0.009214401,0.010676045,0.9801096
6bef04a5975659f1cb1ff63b6905bdf9,5,satisfied,satisfied,0.0050534983,0.012093301,0.98285323
e9e239b66c2392f1397bb0dae958635b,2,not satisfied,not satisfied,0.5903917,0.38877952,0.02082882
e0597b606ab4ac6c10041693e2a9bc3f,5,satisfied,satisfied,0.004266976,0.006773728,0.9889593
3be755446e699fb9f2e9e714e9d07202,4,satisfied,satisfied,0.008230455,0.050680324,0.9410893
1b51c9ca6d395ec0ea152502a15f05ca,5,satisfied,satisfied,0.00484194,0.008722972,0.98643506
2a9e06f4671e5f344e8248d6d3a07cf5,5,satisfied,satisfied,0.004584307,0.009350269,0.9860654
b0ab817ad4bcb12a6ec61a9079ec7de7,5,satisfied,satisfied,0.012735228,0.098523036,0.8887418
38edf727c3badba787a297b6acde048b,5,satisfied,satisfied,0.0044076587,0.011245899,0.9843464
ab31bff0938c2c9bd38572c93336f9c6,5,satisfied,satisfied,0.004332637,0.01055118,0.9851162
c8ae0ea397f5381515be2738aa5ed79c,5,satisfied,satisfied,0.0053612133,0.009840245,0.9847986
aade19ed9a0fe7ff339c757e74c9975e,4,satisfied,neutral,0.3199732,0.61204034,0.0679865
7bfb4b062a0476398bbf4fc243322d9c,4,satisfied,neutral,0.11356169,0.7974072,0.089031205
eb5008d1cc34043ac8839640bc6107f3,5,satisfied,satisfied,0.0046568206,0.011179407,0.9841637
83ce5033fa871468fbbdcc7ee563fe2c,5,satisfied,satisfied,0.10794395,0.5125804,0.37947562
d8273f6d63fbd79dd80f87c2ec20d7aa,5,satisfied,satisfied,0.0073240404,0.015045537,0.97763044
ac6299da4f80b5f23c7b1e122d100815,5,satisfied,satisfied,0.004165901,0.007584589,0.98824954
366443b3477d5123129c4cd6866ba1af,5,satisfied,satisfied,0.0041669547,0.007593182,0.9882399
e026f3b3c57139710fed1afb456df7f2,5,satisfied,satisfied,0.005099833,0.014093888,0.98080635
27f79cf776be38c3fde77692f8388daf,5,satisfied,satisfied,0.0052016852,0.018783916,0.97601444
5c69e1ec6a9091dcba2602784f471220,5,satisfied,satisfied,0.0047910307,0.016147278,0.97906166
dc9ea0e0ca96c5f2812bea6d753890b1,5,satisfied,not satisfied,0.9419849,0.05322467,0.004790452
447babf870ac78c7e9b15db55d9fb267,2,not satisfied,not satisfied,0.9449706,0.05143729,0.0035921463
ea6ba6fd226d71be488f5fc1aafc96ac,5,satisfied,satisfied,0.011211307,0.037807234,0.95098144
2ac205ef4ad497e5d1eb653569cc5d5d,5,satisfied,satisfied,0.005158765,0.01411436,0.98072684
8bbf11cb0c2804f8e79a14e3f631d404,3,neutral,satisfied,0.043526057,0.68680876,0.26966518
62984ee180b4771403dcfcb8cc500ed9,5,satisfied,satisfied,0.0044354554,0.009525534,0.98603904
42d47f5ecafd25d68f5403408ca0a79a,5,satisfied,satisfied,0.008066603,0.012414784,0.9795186
a5491c62ab11c0386995d43dbb0dbf73,3,neutral,neutral,0.09549918,0.8085265,0.09597434
f7382b4f9bf37df5e9f2b513c204da03,5,satisfied,satisfied,0.00410451,0.010476707,0.9854188
a50dc53b4ddd7a63c87de53c8ebdbab0,3,neutral,neutral,0.13242516,0.8338609,0.03371391
6ab3f1f2c0aee6a58760762586c5f4a6,5,satisfied,satisfied,0.006899683,0.014384618,0.9787158
cf4730403752269835d5f6e23e1b1abe,1,not satisfied,not satisfied,0.96137476,0.03339328,0.0052319705
2685800f86ae4fc41a18f1e917c01831,5,satisfied,satisfied,0.003916033,0.0069550513,0.9891289
f6f5d2eddfd830eb0c95de9e551b475e,1,not satisfied,not satisfied,0.4928275,0.4960017,0.011170768
186f0910d619a9700ab412c1335bd649,5,satisfied,satisfied,0.0072183,0.02386424,0.9689174
8e1d63e4c35f094712907c39cad50db4,5,satisfied,satisfied,0.0038792633,0.008268898,0.98785186
09e0a8150329e306bba2618d10027b99,5,satisfied,satisfied,0.0039359606,0.006568855,0.9894952
a35fe8a2bbea32318a452def720292fb,4,satisfied,satisfied,0.022208935,0.087522045,0.89026904
cf8d93e3163cfbbea80d5ae0b52a95b9,4,satisfied,satisfied,0.003926266,0.007753058,0.9883207
81db7a2be5015226b00da02c7fe0db4c,5,satisfied,satisfied,0.003985818,0.008415135,0.987599
abb8d3dc24a1a0d5a124ca62912dab97,5,satisfied,satisfied,0.05279074,0.47367436,0.47353482
4d3c8de0c1d734629c320aa70fd3d373,5,satisfied,satisfied,0.006794106,0.017339706,0.97586614
32fe355209d7dee229c03681dd90f74b,5,satisfied,satisfied,0.067953475,0.71182954,0.22021693
acd94d4c0163aaae18e9396c599895c7,5,satisfied,satisfied,0.0047427127,0.009260037,0.9859972
a2bca33769c21d81b534cae031971cbf,5,satisfied,satisfied,0.0054174084,0.008453451,0.9861291
e193879965e3316dd5a5e8e7fa224c9e,5,satisfied,satisfied,0.0036541752,0.007540655,0.9888052
3cd9ce25def68b6f50c1210ba6e45dfa,5,satisfied,satisfied,0.0073736566,0.013494142,0.9791322
5678a8e061996f34f8e7f56a0ee007b6,5,satisfied,satisfied,0.008393818,0.024113609,0.96749264
d585b8b62c6dc18a70b317d82b712c85,4,satisfied,satisfied,0.012836903,0.07047587,0.9166872
45c9f82802ad5b714d10353c2014a608,5,satisfied,satisfied,0.0051547377,0.013077785,0.9817675
8e412057aa257b4fc0e526c32d375f53,4,satisfied,satisfied,0.060447294,0.5922831,0.34726962
d3ccf590b6605192ad2999ea1a4bb405,5,satisfied,satisfied,0.006481869,0.016093723,0.9774244
1cbb9c0a4105213e02e0bae0fd068db8,5,satisfied,satisfied,0.0049303556,0.009718084,0.98535156
cefbed922fe4f49a7d3e07aacec60f3a,5,satisfied,satisfied,0.0059893318,0.02034813,0.97366256
8990103afed013a29b70b770d52de0d1,5,satisfied,satisfied,0.0039593456,0.008788202,0.9872525
f8a72d408d2bc2b9d6ec8e4fed5eab99,2,not satisfied,not satisfied,0.7905561,0.20163046,0.0078134425
a7f297ed17577ebddcae7d129540fa71,5,satisfied,satisfied,0.00444143,0.008827201,0.98673135
a71918f34643bab3a07babeaf41e0a5c,5,satisfied,satisfied,0.0041411924,0.007828991,0.9880298
540e7edbde348f66073318405803c3da,2,not satisfied,neutral,0.37445593,0.5971038,0.02844021
b856a1e2c20cf64cd2d5bf2af5dd146d,5,satisfied,satisfied,0.007313917,0.025862295,0.9668238
d595625a074e5a9d676ce2f42cf7a282,3,neutral,neutral,0.06961077,0.7424241,0.1879652
c64c361ab2b27ab678db7e98c4c30d3d,5,satisfied,satisfied,0.005105621,0.012848843,0.9820455
ad4b798b6267311bfbdb575c4fd86227,3,neutral,neutral,0.15482071,0.7664491,0.07873025
39dc34ec3a2d6429cdfcb9554cd018c0,5,satisfied,satisfied,0.00524094,0.011362668,0.98339635
686b4f7175a5cd3cb114865471a08003,5,satisfied,satisfied,0.004798582,0.0102280555,0.9849733
fb4e542e866b609059ca7ef1ad7ad4dd,5,satisfied,satisfied,0.035753116,0.32199028,0.6422566
c4bdff26c14f08d2384eae387c48e177,5,satisfied,satisfied,0.00566002,0.010411457,0.98392856
c847afe75fce9ebb31eb26e416fe5e0e,2,not satisfied,neutral,0.10297458,0.8043327,0.09269284
0aebd4fc626568b2ce8335069f914729,1,not satisfied,not satisfied,0.93040925,0.0655463,0.004044496
c646d63cf77344e4b0c977a354bc4ee8,5,satisfied,satisfied,0.005145489,0.015047149,0.9798074
350e9e75439bfaca4e533626cdbeca56,3,neutral,neutral,0.10416501,0.7619886,0.13384639
bca7bdf95adfc3bc764aae8dfca0d328,1,not satisfied,not satisfied,0.95784456,0.03475483,0.007400597
52ebc84c912a9072f4424ac0a1667e21,2,not satisfied,neutral,0.09762655,0.8068279,0.09554551
4247c56160d0692b1b466e03d9fd8de7,4,satisfied,neutral,0.22188544,0.7203021,0.05781247
b7920fd1d54d3bcc958f3f9de3c8eb7c,2,not satisfied,neutral,0.24403161,0.71767515,0.038293257
5336260caff17ae88c549497b7f3bb83,5,satisfied,satisfied,0.0043009487,0.010011113,0.98568785
1a3b1d581f17beca6444c3133bb4c183,5,satisfied,satisfied,0.003864326,0.0064973407,0.9896383
4255a3c52f1feb48b5275e0223753076,2,not satisfied,not satisfied,0.87547636,0.11899916,0.0055244775
281ac7dbdbd51ec0b2c0308c61e44638,4,satisfied,satisfied,0.03308799,0.37160683,0.59530514
1f59b3ee8fba497ab3039fb4278ba29b,5,satisfied,satisfied,0.0035346008,0.006477158,0.98998827
bc8b5ea2c72c3038f852d265111e2f7a,5,satisfied,satisfied,0.009942745,0.04579546,0.9442617
f79d04c684c36978c52dce71a923b0d2,5,satisfied,satisfied,0.008729878,0.05287811,0.938392
496acbe1a25b11da164c17d85f0d7c5f,5,satisfied,satisfied,0.003586293,0.007760005,0.9886537
86791fcce2c27e895f53ebc8ae765528,5,satisfied,satisfied,0.00595026,0.009159266,0.9848905
8e2f34ad4d7b68b635ddf9d5817c3092,5,satisfied,satisfied,0.007296489,0.017275548,0.9754279
3d0f1dd3777dd76a831b4b4add7453ea,5,satisfied,satisfied,0.004849306,0.012769351,0.9823813
be127f89f3ef8d044aea5891dd5dc2f6,5,satisfied,satisfied,0.003973292,0.007652749,0.988374
bb98e47e791d3cbc403a4b598ddc819f,5,satisfied,satisfied,0.0063637327,0.014506791,0.97912955
1d322ab48d7717ef6a2eae23d1458223,5,satisfied,satisfied,0.00517654,0.008260105,0.9865633
2a5b142ad2057deebe5d0085a7cf386b,4,satisfied,satisfied,0.013091541,0.096767694,0.8901407
af70051fe4c373a4daeb9e4a69ad2944,2,not satisfied,not satisfied,0.9449111,0.051240396,0.0038485804
80120a0e1131261e5023f8ca8c9d14e1,5,satisfied,satisfied,0.0037404927,0.00842038,0.9878391
02dc8bbede88cf0c44daf4214a0d4b46,4,satisfied,satisfied,0.06311919,0.5712978,0.36558297
337a9842007f55c0fb378df24d657f14,5,satisfied,satisfied,0.0049826885,0.008941489,0.9860758
4d11df04ea9a47d2c500fc45eb166318,5,satisfied,satisfied,0.012912835,0.049306247,0.9377809
347ca07b1e1040fa5d72de5b1804dc3f,3,neutral,satisfied,0.0075231604,0.028658312,0.96381855
9aeb697ceb891916cdfd02e7bec93d73,1,not satisfied,not satisfied,0.7400093,0.2533772,0.0066134525
d7305ae71bf6e0728d8aeb36d3f8d350,4,satisfied,satisfied,0.04928546,0.6768928,0.27382174
123843c273bdc191e43a810e569fb437,1,not satisfied,neutral,0.2704107,0.69504905,0.034540292
ec1a7a6ccf85db265bd4fb360835f194,1,not satisfied,not satisfied,0.8615635,0.13356815,0.004868261
7bbfba561a9df3ca07ab8fcaba8c8b8d,3,neutral,neutral,0.3338651,0.62335026,0.042784646
4e9046de508248ed984276bcb4886766,3,neutral,neutral,0.18897985,0.7352664,0.07575377
eae0513b26d8a880228143a30d9f00b0,5,satisfied,satisfied,0.0049684276,0.0083484575,0.9866831
5e12ea58aa5048468e7835c8ff10d1b6,5,satisfied,satisfied,0.04358422,0.49541533,0.46100038
a4298ae26a52ec5d9699716c9f98f3b4,5,satisfied,satisfied,0.0041003404,0.0071694483,0.98873025
4157c62b966d7c6b87aa2b915a7b6a19,5,satisfied,satisfied,0.0046989843,0.008974072,0.98632693
5fe29e57eda331dfc4d53a280a283930,5,satisfied,satisfied,0.0067332773,0.016072022,0.9771947
379d3924db307e15d6bba308f9c71a27,5,satisfied,satisfied,0.0041440665,0.009128409,0.98672754
4ef415d751563fb120dd00bc8ed6da46,2,not satisfied,not satisfied,0.93028915,0.06546481,0.004245965
65c3fa3f1e981e45fde7832295c5b1ef,4,satisfied,satisfied,0.051162384,0.46484956,0.48398814
d359454971b39d8bfc3ce6726f60adcd,5,satisfied,satisfied,0.0049202857,0.009203027,0.9858767
f54b8acd594462338d596a995562bc93,5,satisfied,satisfied,0.0068222187,0.022785418,0.97039235
4b64ac0bcb68fad8aa61ec0e4f36f9bc,5,satisfied,satisfied,0.004139742,0.00987481,0.9859854
609c17e6385a18d2efd4cabebbfa26de,5,satisfied,satisfied,0.011148215,0.040690742,0.948161
51bfcf5bfb81ebfb77ab2514dd0f06fe,5,satisfied,satisfied,0.004614677,0.017092284,0.978293
ef71c9e85308dfa736126a1c1ee75066,5,satisfied,satisfied,0.004660715,0.0079815965,0.98735774
0106a73ca1b2b6721bd340c05e2e2ecd,5,satisfied,satisfied,0.004945123,0.008101138,0.9869537
f9bacdd10528f41a54e0a8bf708d9377,5,satisfied,satisfied,0.0044026985,0.009069471,0.98652786
e2ac21eb7aeef52a749ac318b259b4d5,3,neutral,neutral,0.16518562,0.7909041,0.043910276
f355881a5fd08df0b9b2fe6b2c8a4e8d,5,satisfied,satisfied,0.012471321,0.034341093,0.9531875
bcc58c2cea3d0ab92c764b67c33bd692,4,satisfied,satisfied,0.0047932165,0.011097402,0.98410934
d3fb4a2298d35d2e32043b65902e665e,5,satisfied,satisfied,0.0038061666,0.008151536,0.98804235
861fca3c21220157d358222ca3c45e6b,5,satisfied,satisfied,0.004802061,0.010793818,0.98440415
0b9a721bb3ef5a089840efe83d531a8f,5,satisfied,satisfied,0.007393522,0.019313287,0.97329324
bd582ec5f40c2419e7a4d12b65432bcd,5,satisfied,satisfied,0.0046757013,0.008552713,0.9867715
22d55fbc009c09a78ccf1749a7660b69,4,satisfied,satisfied,0.021272173,0.18933502,0.7893929
8931e4ec1630f31bfc896888458a7fe5,5,satisfied,satisfied,0.0042511583,0.0066686077,0.98908025
16da849bb4d511f55c6eca9f8c2dccc2,2,not satisfied,not satisfied,0.5202898,0.46903065,0.01067952
121aa88206bbaaa5459c07ff78bb4ffd,3,neutral,neutral,0.16133898,0.6734072,0.16525377
3a025392865f4e1c1f124b1695dd8617,5,satisfied,satisfied,0.009967213,0.02753024,0.96250254
c1e123cf687ea431ca16e33f45ce4de7,4,satisfied,satisfied,0.004747926,0.009116226,0.98613584
ce6a03d2135bda9e1f1afbfee0bc5429,1,not satisfied,not satisfied,0.92477417,0.071235575,0.003990348
4c591f189fb4d8f29b9c9b5d22a81360,5,satisfied,satisfied,0.0069203964,0.018190013,0.9748896
c9444e17709153d46c5dd82bb945f8f9,5,satisfied,satisfied,0.0038941947,0.007550631,0.98855513
c7cd593ef9a0311538e68b2835d4af6b,5,satisfied,satisfied,0.006325401,0.022938075,0.9707365
713476d7952c4a7b8bd768eb2d911585,5,satisfied,satisfied,0.0043505197,0.0072687534,0.9883808
dfe7d09f5c0257719456de1209e9b47a,5,satisfied,satisfied,0.0038687543,0.008475814,0.98765546
3c0f269d10f1990e7ee73e391baa8827,3,neutral,neutral,0.17167395,0.74880654,0.079519466
698a09177095d53b0f608996819db303,5,satisfied,satisfied,0.006540119,0.015449836,0.97801
d3cc5565c8f1ff8aeb7ed8db6cfbf86f,5,satisfied,satisfied,0.008609009,0.0516804,0.9397106
d2d83744aa042a45fb666ef1afc1017e,5,satisfied,satisfied,0.006303492,0.023884652,0.96981186
71bf487c5668d62c37db7c7e65b9ed7b,5,satisfied,satisfied,0.00574867,0.022329105,0.9719222
9504436771e5cf88d15897fd44fb0bd6,5,satisfied,satisfied,0.0062933043,0.013850757,0.9798559
c75702c1305e113c5b4d55abc97db638,5,satisfied,satisfied,0.008493103,0.017929383,0.97357756
548d7dc3ea35d0f8904fe63dba40d5ff,5,satisfied,satisfied,0.006449342,0.013250725,0.98029995
f9f3ef1d29d0996f5350d7888623897e,5,satisfied,satisfied,0.0060459576,0.01714121,0.97681284
cbf8a5e4ffb6aab07f19f186ece9a870,4,satisfied,satisfied,0.049492456,0.5107216,0.43978587
ca7a78ebd38db6efdda7e98b0cbd2284,5,satisfied,satisfied,0.006792966,0.01855187,0.9746551
501aa41c900351504e19c199fe0363e2,5,satisfied,satisfied,0.004191934,0.00847423,0.9873338
88fc54cce5935f7053917182f705c326,5,satisfied,satisfied,0.0047085355,0.0071806246,0.9881108
4e873acde85d6158595eacc17f6c28f5,4,satisfied,satisfied,0.02221325,0.20907485,0.7687119
2a41f51ffc2a6ec9c4f2da33cc022430,2,not satisfied,neutral,0.43194753,0.55255204,0.015500451
78aedb941a658d6d541400f98aee840f,4,satisfied,satisfied,0.009754549,0.054539923,0.9357056
51278eaadee93cb1c605a19d4b21603d,5,satisfied,satisfied,0.003706838,0.00715276,0.9891404
31b4e780280b966a71e054063954048a,4,satisfied,satisfied,0.005228025,0.013668939,0.98110306
0766311b37db556fa11ebe227aba435e,4,satisfied,satisfied,0.00846287,0.04775256,0.94378453
7efb84b6adb874a9679ea4e7cc26b30e,1,not satisfied,not satisfied,0.4662889,0.5089112,0.024799837
e977dd0b84fcd3b7b695ddbbe538dfac,5,satisfied,satisfied,0.014855065,0.04197353,0.9431714
d276061fbdf2c42224a4f3143540e613,5,satisfied,satisfied,0.003885722,0.008674636,0.98743963
444c30e3e6d329557a928aecef4a0578,5,satisfied,satisfied,0.0049983193,0.010107152,0.9848946
b3863e6ca96dae0be995991ef9f5a476,3,neutral,neutral,0.2808026,0.690288,0.028909398
a529a8525629c230f0e6bf84a085b8cf,4,satisfied,satisfied,0.0054602036,0.015639853,0.97889996
cb737a506a724cd970096a9bbafb55a3,5,satisfied,satisfied,0.020436382,0.10570415,0.87385947
0b198962f568b168c2d0677212e154c9,5,satisfied,satisfied,0.006520553,0.013431895,0.9800475
eef90d8aa0ab8d416fb27f8622c5230b,4,satisfied,satisfied,0.004662289,0.009417188,0.9859205
318aee25275365245df97ba8168fc2c0,5,satisfied,satisfied,0.0039986023,0.00660251,0.98939896
1654230dfaa3eff56d60b770d5c597a3,4,satisfied,satisfied,0.006494662,0.02319245,0.9703129
840d546a2cbd515d89ab790345ad0e97,5,satisfied,satisfied,0.0047484804,0.009772874,0.98547864
32fa4e241fa13d039dbe41bc065f1d16,5,satisfied,satisfied,0.0043178545,0.010509296,0.98517287
80c196be93c83d81e278afbb0ff7f674,5,satisfied,satisfied,0.004407381,0.009254983,0.9863376
7753cbb279cf5e14270b6aa82f2e003e,5,satisfied,satisfied,0.0037588272,0.009485555,0.9867556
5be9939ade83f2ef991938b07ac83567,5,satisfied,satisfied,0.011059857,0.060341064,0.9285991
4722291ee9c2b98cf6ff116514312774,5,satisfied,satisfied,0.006649343,0.019932479,0.9734181
7a0ae5c3aedb6e685d2d92bd917cd1de,4,satisfied,not satisfied,0.7523632,0.24081321,0.0068236217
c8e8dc14a3dda1249cf8e91f588b377d,1,not satisfied,not satisfied,0.89616066,0.09886652,0.0049727266
dc3044e4c4067dbb3ed56b17628ada54,5,satisfied,satisfied,0.01884453,0.19712554,0.7840299
90ff63e9fbdf7595821ba442ed16c2ce,1,not satisfied,not satisfied,0.9243734,0.07197182,0.0036548362
0a0afaa4df2d7ca41be567614e9497af,5,satisfied,satisfied,0.0050015715,0.011388323,0.98361015
b5e5ff2e1a896492017f4403f5833394,1,not satisfied,not satisfied,0.77941877,0.21429007,0.006291195
c516c0cd05635bae3b36988aa9c45301,1,not satisfied,not satisfied,0.96224606,0.032670353,0.0050835353
59c1b5a1067fa8fc125712ce8c9dba6a,4,satisfied,neutral,0.19406763,0.75247675,0.05345559
ff0ea21633bd03b99cd08a140c75ba8f,5,satisfied,satisfied,0.0051174914,0.009648973,0.9852335
23676e929880cc47243a11ccd927fc7f,3,neutral,not satisfied,0.747724,0.24536757,0.006908395
1a9df72c7db0e2da75e08921d03e983b,4,satisfied,satisfied,0.054432698,0.614473,0.33109424
574b86f1bcd22aa8ebe21f2816bbb2a2,4,satisfied,satisfied,0.0056283264,0.022485696,0.9718859
2e53a5b550c24cf861700b651eb7f7c5,5,satisfied,satisfied,0.004031381,0.008091224,0.98787737
6b82685b9be9f06c288415c887f1aed1,4,satisfied,satisfied,0.02076949,0.17319104,0.80603945
98bc62231495d3aaf6cd581ff171eeca,5,satisfied,satisfied,0.0036883506,0.0067445035,0.9895671
29458d70364ea87af538c4e6da65824f,5,satisfied,satisfied,0.012335893,0.021535693,0.9661284
71f4bf57ac42bb998c44899f4dd685d0,5,satisfied,satisfied,0.006007003,0.011534913,0.98245806
227a04e652cbbc4aeb126d4eb81a8005,2,not satisfied,not satisfied,0.9533288,0.042965725,0.0037054676
f05435a3ca1c4b95b0e5bf086b8d0941,5,satisfied,satisfied,0.009128034,0.029576566,0.9612954
37551600d8def0b6f197d3979e547092,2,not satisfied,neutral,0.16978784,0.78733975,0.042872433
8047a53c0ab1142d7ac19587acc296ba,4,satisfied,neutral,0.24094377,0.70013255,0.058923665
92581940b68e6c82a86d3a73163d9ca1,5,satisfied,satisfied,0.0077436087,0.017922208,0.9743342
c95bfb75f647edee736ddde1a99b1ae0,2,not satisfied,neutral,0.38881788,0.59794956,0.0132325245
552d9acabece45d7ccaf12b329639d59,5,satisfied,satisfied,0.016112074,0.06271296,0.92117494
2658aab857f05882d03d415bbb1d4219,1,not satisfied,not satisfied,0.8313888,0.16398048,0.004630792
bcf0b5ae33e4a3c02d807b631f157083,5,satisfied,neutral,0.1514463,0.7333004,0.11525332
dbfd969645ff89aa71e456fd221d2820,1,not satisfied,not satisfied,0.910136,0.08520047,0.004663532
b128fcf5d27021ae4c000e3fcc3c299b,5,satisfied,satisfied,0.0046538524,0.006943564,0.98840255
6242024c52cfb532759f25a87dbdef62,5,satisfied,satisfied,0.004870493,0.011181646,0.9839479
127b58cb6e44e830a24d6d503a78e6f9,4,satisfied,neutral,0.095521554,0.7822898,0.12218853
25716cbd646af797d3f1a41571154ba3,4,satisfied,satisfied,0.006852368,0.030237446,0.96291023
4f75210b7f2fada20f44c4fa1c88307f,4,satisfied,satisfied,0.056157477,0.65398514,0.28985733
fab7d5145b7c035b0e30a19fb8392821,1,not satisfied,not satisfied,0.86657256,0.12893583,0.004491622
386e20a49cca3f0993a7ca05745a42b6,5,satisfied,satisfied,0.004796152,0.010255206,0.9849487
1d231b99e804167d0170e44c2281daa8,5,satisfied,satisfied,0.008012052,0.034710106,0.9572779
6a54b470c42dbb2fa781e25c7c1d9e37,5,satisfied,satisfied,0.0050236564,0.009408009,0.98556834
90a04d6b7f362dee1a7a4acf06356133,5,satisfied,satisfied,0.004888263,0.012531257,0.9825805
b3dc411c24bd2b674513ba7ff4b0773a,5,satisfied,satisfied,0.0048528616,0.008978288,0.98616886
7d8f52b42b1952a95dfb229c4510b666,2,not satisfied,not satisfied,0.58177793,0.39990184,0.018320234
3c6f3651bc7d5663c20d5364bc4b6bae,5,satisfied,satisfied,0.0045405743,0.010201148,0.9852583
b07cd11c7dd854a415f99c119f936e86,5,satisfied,satisfied,0.0060434327,0.010639495,0.9833171
1317ae45894756f7231799a9bcc81996,5,satisfied,not satisfied,0.92201006,0.0723772,0.0056127314
212a2c7306a7313f0c6c163b7a401931,5,satisfied,satisfied,0.005502187,0.011238643,0.9832592
75febaf38530e98978fa35dc37563685,5,satisfied,satisfied,0.0061782678,0.012547203,0.98127455
cb755717a7c3f1707876e1a83f5366bc,5,satisfied,satisfied,0.004430812,0.008417523,0.98715174
438d356a027e008196348f7918a83e20,1,not satisfied,not satisfied,0.74366593,0.24568278,0.010651323
f2499fe5bacf7d570cbdd4f8de3a0b50,5,satisfied,satisfied,0.014865767,0.050486192,0.93464804
106ebb06f6b96646abdb9e36e294ac63,4,satisfied,satisfied,0.0037927206,0.007825043,0.9883823
e22bd34f43ce80fb5edd5f769c6c005d,5,satisfied,neutral,0.077728644,0.8269151,0.095356226
ad9b55cf1dee6f24dbbdc9f7fcf1f16e,5,satisfied,satisfied,0.03896253,0.44072887,0.5203086
ecfe0e48a70307e81de7036433fbb08d,5,satisfied,satisfied,0.004752572,0.0087827565,0.98646474
cc94e13ad6a38aa3440d3f8f5581fc56,1,not satisfied,not satisfied,0.50324196,0.48505184,0.011706183
0323d9b56aa1ce4967d9d54a42d7bd7d,5,satisfied,satisfied,0.08538666,0.14579892,0.76881444
a205893c752f572aa5cac083ee59e106,4,satisfied,satisfied,0.010603655,0.06342804,0.9259683
3b7bac4221e95673c59bab9330fb1463,5,satisfied,satisfied,0.0039797197,0.012051583,0.98396873
873a768d249732ee5f40988ceae4201e,5,satisfied,satisfied,0.0046954304,0.011693984,0.98361063
09e88f820b4a975872a0b2d6751827fd,5,satisfied,satisfied,0.03160616,0.3146186,0.65377533
9e9e459114e16a252b6f4e6a90e7b17a,5,satisfied,satisfied,0.005136234,0.013179292,0.9816845
4a475c37bd0393b1d1dd166c5b2b7d75,2,not satisfied,not satisfied,0.8767399,0.119077094,0.004183017
2c0531ad918137b06f28a53c2de9a588,5,satisfied,neutral,0.06584461,0.73629516,0.19786027
997249a862390695a4314f6bfa2e6e67,5,satisfied,satisfied,0.0064344476,0.019716354,0.9738491
79c44f6547b3848901665ffd9122dac9,5,satisfied,satisfied,0.0042542876,0.007697164,0.9880485
960edbeaee28cad4ae58039149c7e042,1,not satisfied,neutral,0.15645638,0.71968377,0.12385985
696671d74a0f8d2a7bc6beaea8e7a4a1,5,satisfied,satisfied,0.0064268685,0.032431718,0.96114147
453f84f17a222a79218d2b0a983bbb60,5,satisfied,satisfied,0.004102443,0.008378662,0.98751897
6fb76d482b28e18ce5d3a5ee8b00a37e,5,satisfied,satisfied,0.004084207,0.008800727,0.987115
242ab391462a770562644cee152285af,5,satisfied,satisfied,0.007268464,0.033344485,0.95938706
ddda2e56852e031034f1190ae6384a1e,4,satisfied,satisfied,0.030661602,0.2918793,0.6774591
2191fdefbfb0b3195e689a6844c4ab5a,5,satisfied,satisfied,0.005739016,0.0102952365,0.98396575
4170731de2204d571e9fa0050285db05,5,satisfied,satisfied,0.011273758,0.04610892,0.94261736
d90320d90438665c41c7c3b5e6076b52,1,not satisfied,not satisfied,0.5909821,0.39950705,0.009510926
2ef91088c5ee9161ec7c49e6c3fb26d6,4,satisfied,satisfied,0.023524854,0.22078477,0.75569034
3a6ef75f40dcde7d54624bed62d9b642,5,satisfied,satisfied,0.004382845,0.009366839,0.9862503
2f8a0df59d42f31db6a809b7462e698f,4,satisfied,neutral,0.060840372,0.8093689,0.12979063
45628d29c364893342bf807ea7586623,5,satisfied,satisfied,0.004004245,0.007391666,0.98860407
1a206cc3a0bc226099ed56709cd1ea40,5,satisfied,satisfied,0.012719346,0.016359415,0.9709212
638db2eb3d89c52d0996d99aa60ee763,5,satisfied,satisfied,0.008111859,0.02327296,0.9686151
e23d8f172cf38dd581bc60779469dacc,3,neutral,neutral,0.112327695,0.75916505,0.12850738
99fa3c53d58e56b2082e7c28c075215b,5,satisfied,satisfied,0.005570361,0.014088506,0.9803411
43a6b2eac6823621e0ef07d6090e7d15,5,satisfied,satisfied,0.005171962,0.012412887,0.98241514
354e727806001acca94ff49139d3cb4b,5,satisfied,satisfied,0.0067200037,0.02389149,0.9693885
b54373f257fc521a28200bb47fc98791,5,satisfied,satisfied,0.052461207,0.7169554,0.23058337
3a628f2ac4c85261acfe6c73b43fea90,5,satisfied,satisfied,0.005861822,0.011124776,0.98301345
69790f10687cf613cbb80cec676ce1fe,5,satisfied,satisfied,0.0043835044,0.007815232,0.98780125
4bb6376841a66721d3235d4727cb3504,5,satisfied,satisfied,0.0051050014,0.008330952,0.98656404
05e5615f4cd492a7db1722bbdd67379a,5,satisfied,satisfied,0.009373171,0.025984012,0.96464276
f52e65170a286a5bfddd860a7d8c215e,4,satisfied,satisfied,0.007395048,0.033374146,0.95923084
38a981276b384ec085eb8b62b84af829,5,satisfied,satisfied,0.010438621,0.025874335,0.9636871
5451964efba0ed1e2dc4b6d037ac2d88,5,satisfied,satisfied,0.0072566667,0.011715593,0.9810277
7226a714a966ffb81f168a32cb52bdce,5,satisfied,satisfied,0.010308589,0.05495202,0.93473935
89fccd66bd31823498ee5cd2d3a0c219,5,satisfied,satisfied,0.0121742105,0.020675326,0.9671505
c08d96e79265682679a91906998fa544,5,satisfied,satisfied,0.004869371,0.0073807556,0.9877499
62602e3fc0ba6a3bd20711c98eb0e49e,3,neutral,neutral,0.20714891,0.7170898,0.07576132
2db0ce768c4894edb5d51d5f7af2ddec,3,neutral,not satisfied,0.77882296,0.21162844,0.009548623
19defaec6c939cb5131d73d7ef86a330,5,satisfied,satisfied,0.05371554,0.5261029,0.42018154
77dae3b770c3a151380347348908da2e,1,not satisfied,not satisfied,0.7692593,0.2149242,0.015816564
ad5d3c346440b37996acf7494f46da8f,5,satisfied,satisfied,0.0052679228,0.014125766,0.98060626
003208fec417faa4140fc7ce87816bd1,5,satisfied,satisfied,0.0049805534,0.012615096,0.9824043
d773803ecab99addf54a71c513cceeb2,5,satisfied,satisfied,0.005753056,0.010327472,0.98391944
20d5b0cb58f09ece69581b602ecb0121,4,satisfied,neutral,0.06988164,0.73296994,0.19714846
19bac1e4a2b3a762cb2dc0eb98256c45,1,not satisfied,not satisfied,0.88646215,0.109305166,0.004232667
1e15b82681f967f1b2b277e2e2c8de8e,5,satisfied,satisfied,0.015594242,0.11876744,0.86563826
904f401330f7f5a62febf1917910a8a6,5,satisfied,satisfied,0.006506343,0.015302992,0.97819066
063002a8a047208f4735cd7da9be136f,5,satisfied,satisfied,0.0037817454,0.006709156,0.9895091
0bfd3818cedde2f356bb93f6f04a160c,5,satisfied,satisfied,0.0045230445,0.009834371,0.9856426
e4787e93953ae29d24bc7c94661dd020,5,satisfied,satisfied,0.0055903406,0.011320414,0.9830892
d9c8901cb2b6461203e53b5fabd9fd25,4,satisfied,satisfied,0.012342212,0.08688445,0.9007733
6349e81565f5c984487703e71bb58e90,5,satisfied,neutral,0.26540202,0.66468704,0.06991103
d6552f87502614a5c046fa4d5f0f9a7d,5,satisfied,satisfied,0.0049118656,0.009996621,0.9850915
caadc21b76d2f2156679460c5b1cf462,4,satisfied,satisfied,0.004291732,0.009603979,0.9861043
12d6b62752fd6a451cd72e83a4392c03,5,satisfied,satisfied,0.004358506,0.010022919,0.98561865
ca1ae082615e2b22ca5ba462d8b944ae,2,not satisfied,not satisfied,0.8860753,0.10907105,0.004853606
51d784f8a6c3fe9f9114ca83c9a4d1eb,4,satisfied,neutral,0.25287536,0.7208327,0.026291935
e82aab5388048d1bcf7d33b125d66d5c,5,satisfied,satisfied,0.004495839,0.012601103,0.98290306
5e411929ea928ee5fdf780329a20692f,1,not satisfied,not satisfied,0.65905946,0.33244538,0.008495085
1789d58a4b6f094add658076d557b1c5,4,satisfied,neutral,0.06274076,0.75775814,0.17950101
0038845ee6d36d3f360eb21f1a21528c,4,satisfied,satisfied,0.07333068,0.21757685,0.7090925
19298bd83c8de130cc7ef43442e3651e,3,neutral,neutral,0.107141145,0.82746994,0.065389
377c580d04f744cf6d7ba2124d9d733b,4,satisfied,neutral,0.17080979,0.76796335,0.06122685
e0d35828e06d0905674c0dc09713acb2,5,satisfied,satisfied,0.004370301,0.009610276,0.9860195
32543341dc90a1f0b2838657ab4218b2,5,satisfied,satisfied,0.0045861905,0.012386566,0.9830273
eee20b1d397f9f658c8f9ecafa727b5e,2,not satisfied,not satisfied,0.6641462,0.32720596,0.008647868
5cee6b1d4b0500caadc8de1240c045a4,5,satisfied,satisfied,0.012753449,0.050439402,0.93680716
bf73fa652f385372d689a9cfae0dcec4,1,not satisfied,not satisfied,0.75392586,0.23967189,0.006402239
63ffb6c09150f9f33da73f00951d3cd0,1,not satisfied,not satisfied,0.7077941,0.2793402,0.012865798
3140e30259bd59fc8e896e533e098cd9,4,satisfied,neutral,0.08167604,0.84617215,0.0721518
2ec8feed09682a8eff4436726bf08986,1,not satisfied,neutral,0.1273942,0.7546353,0.11797052
d6983695649d6aaba856bcca776c8322,5,satisfied,satisfied,0.012550643,0.056541108,0.93090826
15f083c6f8cb3d9014dd81b16866f853,5,satisfied,satisfied,0.0050342297,0.01369603,0.9812697
b26b5120b5d513507995ed68f7c9301e,5,satisfied,satisfied,0.005131354,0.009552244,0.98531634
eba801b1ce9a0544745dbb8405aa05be,5,satisfied,satisfied,0.0050251847,0.009923375,0.9850514
2e4bf5681c1c7a0b305d668633ac68c6,1,not satisfied,not satisfied,0.9609511,0.03350946,0.0055394475
a6fc5f3784967f07e5895e0e12b7d77c,5,satisfied,satisfied,0.005293832,0.016706856,0.97799927
518d860f5458d5422c78113af423fd9a,5,satisfied,satisfied,0.0072300015,0.018954454,0.97381556
59fa54719810f22fcf05219ac972c90b,5,satisfied,satisfied,0.0053580976,0.013672418,0.98096955
ab16e89b127a8e67b441ecb9e243b7d1,5,satisfied,satisfied,0.0054904083,0.011090146,0.9834194
3170ae0dae325d50c50eeded07fab5db,5,satisfied,satisfied,0.005579207,0.009820468,0.98460037
209ae7f0fceac5841d1f4a8e8de9ea07,4,satisfied,satisfied,0.043003634,0.44648686,0.5105095
9c2f925bf1b806d7a9368bd871130648,2,not satisfied,neutral,0.27707475,0.56456,0.1583653
c22957601f544f6b443d281a59539ccc,5,satisfied,satisfied,0.012173483,0.03614929,0.9516772
b281c88fb392452d05cc2d586b9ce585,5,satisfied,satisfied,0.006240751,0.016367298,0.97739196
0c6dd364e951d22bddf19ac2dce7c813,3,neutral,neutral,0.2984917,0.6640354,0.037472963
26062b8f5fa718894c47ff7739202fd0,5,satisfied,neutral,0.1101286,0.730938,0.15893346
7d489335e13615001386defbdfcdedb5,5,satisfied,satisfied,0.012751861,0.02517951,0.9620686
d8301183e13f501ea7343bd4b6861348,5,satisfied,satisfied,0.0069644516,0.010377893,0.9826576
378ff05f64e9c1fe40e43bec6189bd85,5,satisfied,satisfied,0.016508799,0.093751766,0.8897395
f4ee6f44ba831d86dda896b3bda09390,5,satisfied,satisfied,0.041108306,0.22206411,0.73682755
9152ef84c158e0f9bfee3a60857acf52,3,neutral,neutral,0.08788277,0.8365051,0.075612076
91e4b25a2ae718ffa3a72244149e685c,1,not satisfied,not satisfied,0.44284683,0.52600193,0.03115124
18356db1b86f7a2735e2537bd04a362e,3,neutral,neutral,0.14951429,0.8160332,0.03445251
4568facdbb4c8862c3b27cac878246e0,5,satisfied,satisfied,0.006048664,0.015009643,0.9789417
1d4070ab241d916fd3831ef90a565afd,5,satisfied,satisfied,0.015150364,0.09558275,0.88926697
3862dfb7ea89d6feced2e179261eb05a,5,satisfied,satisfied,0.017660972,0.103675425,0.87866354
45700082a9dd216916f5e63688b0b62e,5,satisfied,satisfied,0.0066210083,0.011827308,0.9815517
2044e905f4d3aadd640e7a6286fad4b3,4,satisfied,satisfied,0.010188712,0.037763476,0.9520479
cd80f834d65b4b800cf511d8d25d2675,2,not satisfied,not satisfied,0.6677634,0.3243172,0.007919472
ddfee1ee0532ab898ed36cee2d81cf60,5,satisfied,satisfied,0.0039352477,0.008445509,0.9876193
30b354dd1f031a45eac8f9fe78c94403,5,satisfied,satisfied,0.0050665746,0.009908092,0.98502535
9aabb0d4743eae6ff4c7c07401c9312a,5,satisfied,satisfied,0.0033449372,0.0064425934,0.9902125
aafefeb48282867de19a54f1e24ff074,5,satisfied,satisfied,0.0053364947,0.011115392,0.9835481
2c904260626c91da939d518677cf23d2,5,satisfied,satisfied,0.015485936,0.05461144,0.9299026
2382751ed61a808631e136250f31451d,5,satisfied,satisfied,0.004884384,0.008156784,0.9869588
0bb8324e98b6a1105a64d50e68c49a67,2,not satisfied,not satisfied,0.94951487,0.046462204,0.004022971
750ece656c7cbaf323f5c557f9cd8264,5,satisfied,satisfied,0.005628366,0.013714185,0.9806575
1cb9deff41b62c37f23c3e1cfc6824a3,4,satisfied,neutral,0.055216156,0.7297998,0.2149841
646b12a3b256b01463bcd3bf98557b84,5,satisfied,satisfied,0.0047073686,0.0132913245,0.98200136
7a952231433338ef5a62f270913e3d28,5,satisfied,satisfied,0.022829548,0.112130694,0.86503977
163069499ccf4fc75b66c2d7e0a423d5,4,satisfied,neutral,0.08068861,0.8301424,0.08916897
c7d81e235756d304d4a1a5eaa88f4635,5,satisfied,satisfied,0.005802817,0.013168138,0.9810291
f02d21035e1de12b0c8b94caad1156b3,5,satisfied,satisfied,0.006703471,0.02309926,0.97019726
1cf9e1ddbdaf41853ba629f8b3f42212,5,satisfied,satisfied,0.0052440963,0.009582372,0.9851736
ad2d492f9408c359a772d5f126752fa9,5,satisfied,satisfied,0.00687417,0.024847448,0.96827835
b487749efc074581e5c77354561b921f,5,satisfied,satisfied,0.00456495,0.01343538,0.98199964
7ea90b48b4bdbde53e5254eaad1f54e8,1,not satisfied,not satisfied,0.8324858,0.16252765,0.004986602
b078f2ce3a3c92d129fa325db8a96f70,4,satisfied,satisfied,0.048975345,0.32969633,0.6213283
115f4a44bac480129398d5e3d873c0b6,5,satisfied,satisfied,0.0061900034,0.02091222,0.9728978
c71040eeaa999ad04bf887b8dd612022,4,satisfied,satisfied,0.025587406,0.15314491,0.82126766
1bad69e3c1e398497c5414dbc9348904,3,neutral,neutral,0.1001785,0.8411661,0.058655344
5a81784b83f3c3e4a4cc7261a1714092,3,neutral,neutral,0.21297991,0.7254916,0.061528556
595a0bde998f6fb7ab73a091aa952d39,5,satisfied,satisfied,0.0058970544,0.009956272,0.98414665
d8656bc39349f1310b0402731d21a73b,5,satisfied,satisfied,0.28615308,0.38684762,0.32699934
5b997e115ea946b260fa627a4901b2ee,5,satisfied,satisfied,0.00479668,0.007322879,0.9878805
5728e3c999e59d9fd61e7d64aac2d533,5,satisfied,satisfied,0.004624162,0.011964136,0.98341167
77dd705d3a49423df3864ea08be944da,3,neutral,neutral,0.09197619,0.72923136,0.1787924
210a190c3b3f1418a63b9da2f16c19e4,1,not satisfied,not satisfied,0.87955296,0.11569919,0.004747865
2e3a807d7325cb7cb5a5075772f313e3,5,satisfied,satisfied,0.007541914,0.024123585,0.9683345
dc77ec621d224aacaa20c8831fd80532,5,satisfied,satisfied,0.005725328,0.016277513,0.9779971
391b6df5bb239f2007ff4021b2f15a28,5,satisfied,satisfied,0.0048646973,0.011673882,0.9834614
9340981ca30f06907f10870428552b19,5,satisfied,satisfied,0.0057414793,0.017022284,0.9772363
150a59b9c9c6b6663a8aab875c8e3172,2,not satisfied,not satisfied,0.9461047,0.050036225,0.00385898
bc0100a01145a9383f1d2e1c4807fa56,2,not satisfied,neutral,0.1533593,0.76975095,0.07688976
8c2472910f85051ab4e9829229fe39cc,5,satisfied,satisfied,0.007431944,0.012098559,0.9804695
33729fd87eec01f8361bdabb190913fa,5,satisfied,satisfied,0.005500522,0.008984684,0.98551476
a93ca92b07269624d93cf9ff749af5bf,5,satisfied,satisfied,0.019613024,0.09690371,0.88348323
d33a39e1e6140f48b73135496a8e1b3a,5,satisfied,satisfied,0.0061809844,0.024045542,0.9697734
46b9d419b9528a7ccb346b3a82f92466,3,neutral,neutral,0.077840135,0.82739973,0.09476008
7715f88b0d72dd83d6d01c1867968cba,3,neutral,neutral,0.12943918,0.76226145,0.1082993
81df979082edb07df559f02a1178e42f,3,neutral,neutral,0.14275375,0.80480754,0.05243873
d39dc7d92a0074ac403308dc4e437d83,4,satisfied,satisfied,0.00453481,0.00944917,0.986016
818dbf8c7b3d2c0a1d3e3b18e8b759eb,5,satisfied,satisfied,0.00393093,0.007154053,0.988915
8c45fc360a56b86134e1ba365cd1721d,5,satisfied,satisfied,0.006016221,0.015331307,0.9786525
4538fca93941ea6d53c463dcd6faa44b,4,satisfied,satisfied,0.0066322586,0.034123976,0.9592438
47be04a4b2e2b27b9141410a515d3937,5,satisfied,satisfied,0.004814653,0.014979762,0.98020554
21c778ebf6c5222d0e446c33d1c24ee0,3,neutral,satisfied,0.06602274,0.6139169,0.32006034
af0bc68fac046e734c28444093b1e148,5,satisfied,satisfied,0.013124592,0.0370212,0.9498542
026817f54fae4cb7c7d990c964ac1f00,5,satisfied,satisfied,0.0055309716,0.0097794905,0.9846896
51fc6b4221b94601a841402105ca271b,1,not satisfied,not satisfied,0.7584986,0.23010696,0.011394418
c9bcf6283fb7495d15de431c284644d6,1,not satisfied,not satisfied,0.9003934,0.095388114,0.0042185234
829bc10cb584aafe1097de6789aa551c,1,not satisfied,not satisfied,0.9448426,0.050317716,0.004839769
4a6b775cdcc52898ea95d811361a7373,5,satisfied,satisfied,0.0037078978,0.0075098504,0.9887822
fdc84e6e0c5a0fbc7084e66f42b128b7,5,satisfied,satisfied,0.0037354925,0.00868642,0.9875781
cbb5a87055c81ca671f4b641814eced7,5,satisfied,satisfied,0.0070707737,0.027805,0.96512425
abdfc5af6ba11b5bdde262652d2bdd7c,1,not satisfied,not satisfied,0.45854497,0.5284096,0.013045392
bb4f9d3170fd549bca17b9f917925dc5,5,satisfied,satisfied,0.023025194,0.207157,0.7698178
a4024b978113af13a7f36ef4f2c3751e,5,satisfied,satisfied,0.005097875,0.015276527,0.9796255
20898fba845ebb5f2817635c95980f61,5,satisfied,satisfied,0.007993613,0.033617627,0.95838875
45badf3678b564d380cb3c6250c5d7d6,5,satisfied,satisfied,0.0078915935,0.02280133,0.96930707
c36a51c8c4e854ddf1fa210d84744589,5,satisfied,satisfied,0.0040836795,0.0077312035,0.98818517
dd0a01c056f4030876a35866d437a116,1,not satisfied,not satisfied,0.9148431,0.08096406,0.0041928524
ab2cba24786d3ee424046e6e65f8e62b,4,satisfied,not satisfied,0.93840396,0.05784578,0.0037501787
33ea2f2941b9a6a0fa81ce50aa347006,5,satisfied,satisfied,0.15037951,0.6316449,0.21797565
5176d36c3286f91e6d1ce864e73b5ada,4,satisfied,neutral,0.21028216,0.7494717,0.0402461
c646a183c99dff183c7eb3a9226bdf8f,5,satisfied,satisfied,0.0047466108,0.006782866,0.98847055
16e222deb29eebc94117b3cc2186dad7,5,satisfied,satisfied,0.0051878905,0.015193493,0.97961855
c1d84d7cae291edc58114c12451860da,2,not satisfied,not satisfied,0.48702022,0.49503702,0.017942796
f7c985f18ded8742dc01ea1b39427085,2,not satisfied,neutral,0.23013987,0.69201666,0.07784339
8dcd2284e49590aaa237942376fc92b6,5,satisfied,satisfied,0.0047237026,0.0079465695,0.9873297
863e05b86d22dbbcae78dad455df88c3,5,satisfied,satisfied,0.013474235,0.09301341,0.8935123
079b7809a83117c4c5a73d3c54cb6850,5,satisfied,satisfied,0.069976196,0.6066818,0.32334197
a02f3668a3ed64b921b0d0e0c65a791f,5,satisfied,satisfied,0.0055893282,0.012391465,0.9820192
e49bbf07cf3551e9d3101fd764a3e527,4,satisfied,satisfied,0.049433816,0.46654174,0.4840245
5fb7784185ce57e1190318f89be4884e,5,satisfied,satisfied,0.005265674,0.012281509,0.98245287
c5df447501a43b6dcdf90582785d88cd,5,satisfied,satisfied,0.0074809315,0.016083507,0.9764356
1df04030f24406d738582f3c8cf35f84,5,satisfied,satisfied,0.003940035,0.008153007,0.98790693
4328de74f1b8bc0df8c46440e21f4fa8,5,satisfied,satisfied,0.004266204,0.006936828,0.98879695
961cedfe0f81f52fc00ea8c649117351,5,satisfied,satisfied,0.004161403,0.0087355375,0.98710304
018ed028fab04a9b1acea9a5bf444f33,3,neutral,not satisfied,0.8926595,0.103194274,0.0041461936
02e20a5aabc80dc926b0d791071208cb,4,satisfied,neutral,0.23417658,0.67729264,0.088530764
a60b19fa669f58d728f2f0ebcde003c9,5,satisfied,satisfied,0.004402398,0.011883528,0.9837141
65f24d7d150431583b975e44c523df8f,5,satisfied,satisfied,0.0035829125,0.0074459338,0.9889712
09ca5c950123c7287d7eb6f3485cae52,4,satisfied,satisfied,0.056170385,0.52324086,0.42058873
5674e3540919ade437c4eec4cb01882a,5,satisfied,satisfied,0.0055802166,0.011645204,0.98277456
3ff9660a442c20506935745a58354721,5,satisfied,satisfied,0.0043894183,0.012143822,0.9834668
8ee12cb68844b148cdd83ae4c078d74b,5,satisfied,satisfied,0.0058575883,0.011821143,0.98232126
231944ed5876dd7250bab56ccd31cae1,5,satisfied,satisfied,0.0044550393,0.008657314,0.98688763
513b1b841c97bb4f2b89f56c9f59a394,2,not satisfied,neutral,0.15412311,0.80905414,0.036822755
4f19a854530f2c90e96982c557d29741,5,satisfied,satisfied,0.007815593,0.03171773,0.9604666
4916e063c377c1c2425544820a0ac547,4,satisfied,satisfied,0.032285765,0.2829354,0.68477887
68cd88d8e4a35538ed9ab787b81aa7db,3,neutral,satisfied,0.017723888,0.07908793,0.9031882
f880c44d08d4c82f067bb220cabec10d,5,satisfied,satisfied,0.008786613,0.031440753,0.95977265
c9cf8600356f260825c885a40587b21d,5,satisfied,satisfied,0.004803387,0.013598731,0.9815979
695751c8b6bf76e9affc5a2f56bf482c,4,satisfied,satisfied,0.0064244815,0.037350524,0.956225
c66d13f041143101225390a7504941f8,5,satisfied,satisfied,0.0074550505,0.011829393,0.9807155
b234ee14ca8e8bbc3d0d9deb628d28c4,3,neutral,satisfied,0.00787514,0.015984194,0.9761406
facd96c90eee9fc87bd60769f74ef782,1,not satisfied,not satisfied,0.9444237,0.051700015,0.003876391
a7cee95d7cbcf21c08229bbabf2e11e8,5,satisfied,satisfied,0.008141532,0.041458167,0.95040023
17569a193adc4a1dcf3a184ab64abc76,5,satisfied,satisfied,0.0068413676,0.022586226,0.9705724
beee6f2ce2321d42f9182cecee8cd756,3,neutral,neutral,0.20556091,0.7445409,0.049898118
bca490bc034f336d3aab1ee90a718291,5,satisfied,satisfied,0.0033774688,0.0059445524,0.99067795
924f4b3e74285a24d644427e410b4528,5,satisfied,satisfied,0.0050527975,0.01272594,0.9822213
1360e0f5af2d6adb8dd2284e2b59976a,1,not satisfied,not satisfied,0.9533133,0.04256979,0.0041168365
ff541e04cf9f7e41212cbadab708056b,5,satisfied,satisfied,0.0057689524,0.011328432,0.98290265
b5f2aec44986071d6a6358234dd6cfcb,2,not satisfied,neutral,0.13251412,0.8311634,0.03632251
f404e66dd5ccedc9d91caab55c9f6078,5,satisfied,satisfied,0.0037079148,0.0058915247,0.9904006
3c6d90cd440ec392899445402a36c0d0,5,satisfied,satisfied,0.0051755966,0.0154186,0.9794058
4e1c77f38afc0373d678c0c9c97e9147,2,not satisfied,not satisfied,0.6438976,0.3459474,0.010154967
4a01abdfc078d79448705e3a6ac9e8e2,2,not satisfied,not satisfied,0.5948887,0.39518043,0.009930922
9c4942a613564c9e288b38b69994ce9f,5,satisfied,satisfied,0.004543511,0.012053961,0.9834025
89520195f4ce746f1cd9b7253ea6b21a,5,satisfied,satisfied,0.0054153185,0.011783483,0.9828012
680643c96565509a82747537ffa26e63,5,satisfied,satisfied,0.015171791,0.038361963,0.94646627
d6f55e86529bfdf6120405b4a6b670a6,2,not satisfied,not satisfied,0.689984,0.2987133,0.011302638
ec9e4f8b0afb8027577a0ea2b11e0ca4,5,satisfied,satisfied,0.005529476,0.016320046,0.9781505
31fd75cf9f1c805820fb575a7f46f0f5,5,satisfied,satisfied,0.003967639,0.008039635,0.98799276
c8d2cca9351c579b5a3599af733a5f72,3,neutral,satisfied,0.0738893,0.6917972,0.23431352
49562ae0234a9cfdc496e328a141c4e4,4,satisfied,neutral,0.15029553,0.74424976,0.10545474
a4e7fe0a3509d129a9cc8fa3e86400ef,4,satisfied,satisfied,0.026365604,0.29285792,0.6807765
dc20a541c0f454d8f3fb517a692540b4,1,not satisfied,not satisfied,0.93043184,0.06573627,0.003831856
24349e1ad3a2c469dc9143769b9b5d6a,3,neutral,satisfied,0.014753657,0.10952229,0.8757241
7d2378d984b06cb63fcfa17e7d8e95d5,5,satisfied,satisfied,0.0069678216,0.021780046,0.9712522
bc900317f280331114405ef716c002ff,5,satisfied,satisfied,0.0048081917,0.008739912,0.98645186
a2151dc19a2eae7b1fbe94219a37e76e,5,satisfied,satisfied,0.010179962,0.026894527,0.9629255
9fb4ddd3b6ddd12cbffd143d84c9a5ee,5,satisfied,not satisfied,0.6998366,0.2330792,0.06708415
9e4d347725204b3a60a3b3f9e773617f,3,neutral,not satisfied,0.5400799,0.4433978,0.01652229
c0ef4ef4487d81e32740f3a1dc2d37d1,5,satisfied,satisfied,0.028463706,0.2600064,0.7115299
dab4abaf1f57edc4f2c530c6b2860a81,3,neutral,neutral,0.061104156,0.7875325,0.1513633
f1c3d4da4236060d275648c7dd8d7ee1,2,not satisfied,neutral,0.34765157,0.62854874,0.023799617
1ecc4e976ca7cec8901dc8c12288bd1b,1,not satisfied,neutral,0.17132294,0.79255915,0.036117915
f4b0eeccaedeef513096c395d6940e0e,3,neutral,satisfied,0.032900542,0.43075866,0.53634083
2cb9b4c4e0f2bb9cf8302da8dc575f55,5,satisfied,satisfied,0.00411231,0.009124229,0.9867634
fa4d90965cc72f9aa65f0948b9f55bb5,5,satisfied,satisfied,0.0047697695,0.009812445,0.9854177
04f7f86089ea2f3594b71ed9f206d0eb,5,satisfied,satisfied,0.015408602,0.066404775,0.9181866
ae8bdbdbdb2091eb20f9d17430367eeb,5,satisfied,satisfied,0.010055132,0.07531523,0.91462964
5bce5b6d0f54760cf326b4aa639b6e53,5,satisfied,satisfied,0.006075088,0.0174823,0.97644264
906c3fe78635e1b5ff95ffc500b10c72,5,satisfied,satisfied,0.06452964,0.59000653,0.34546384
70493119fecdbc0b191535828791aae9,1,not satisfied,not satisfied,0.9583228,0.03642288,0.005254331
fb13f85d404b37038550fd017b39b8ac,4,satisfied,satisfied,0.04569589,0.68192637,0.27237776
4dcfcb588881935c50ee0e1a0225d99d,5,satisfied,satisfied,0.0073410203,0.029947963,0.9627111
bfe827b3f5be90fdfc6fefc611a9f78e,5,satisfied,satisfied,0.0072148484,0.013250511,0.9795346
f2cc8bcf13fb1ffeb565fdddc89e0135,5,satisfied,satisfied,0.008885417,0.013053401,0.9780612
f88c38280a1ec5d6da8c7a0d934423b1,5,satisfied,satisfied,0.0034758714,0.0063786814,0.9901454
00d2635bea13fb639685efef116818cd,3,neutral,neutral,0.436464,0.54969186,0.013844116
c1329782073a179c7503ff875a0fd2fc,1,not satisfied,not satisfied,0.8697222,0.12416997,0.006107873
59418928a786eace2329457c124c3fa0,4,satisfied,satisfied,0.004909522,0.012543888,0.98254657
29ed0160f63ab1ff6fe53abe8b2ad35b,5,satisfied,satisfied,0.0053113275,0.011549613,0.983139
b7cb06dfad0617e5125bafe237d50805,5,satisfied,satisfied,0.005504611,0.010655687,0.9838397
0d57dc43177ba64ab4bc5eedba7098c0,3,neutral,not satisfied,0.71044105,0.28151006,0.008048855
477935d06dd6e4ec07116bb14ba28cdf,5,satisfied,satisfied,0.0036518616,0.0080978405,0.98825026
80f6beed9e8b3272855e70bca32556d0,5,satisfied,satisfied,0.0035520643,0.0069985897,0.9894493
c0d619c514b88e1c0c56558d2587c484,3,neutral,not satisfied,0.5240556,0.45938545,0.016558971
2f0c3b960ef72b82515340a3e25ef252,5,satisfied,satisfied,0.0053613638,0.011192599,0.98344606
3f6ec24013c4ce82d1221052f1d077e7,5,satisfied,satisfied,0.006868314,0.03417407,0.95895755
27dff6f5a2143522cced6c4167043a7b,2,not satisfied,not satisfied,0.8545555,0.14096849,0.004476024
5bb52c365ead982307e453bb7cd73950,4,satisfied,satisfied,0.005017372,0.017624015,0.9773586
e21baefb54dfa6716365fd61c1384240,4,satisfied,satisfied,0.0045497785,0.012091003,0.9833592
c8754790e465ae9a28cdf169ee72e817,5,satisfied,satisfied,0.005294837,0.011212832,0.9834923
eb2cd763bf582d66216e0f119e40ea74,1,not satisfied,not satisfied,0.8801083,0.11547985,0.004411881
44efd5f0784cac255a8caaad2f6803be,5,satisfied,satisfied,0.0047150115,0.0095269745,0.98575795
89af27358b413e945d6bb6a2dd43fbfe,5,satisfied,satisfied,0.0063012214,0.010993927,0.9827048
01c56dfac5dc67398de369a341e4f877,5,satisfied,satisfied,0.0057885437,0.009568574,0.98464286
0251abd3232022f51f4495e66f13afb6,5,satisfied,satisfied,0.0070036706,0.020586543,0.9724098
4851b7ce7237053483d6b61335303ac9,5,satisfied,satisfied,0.011515463,0.042761166,0.94572335
b9bc694b2460efc15996d5ec6de414fc,5,satisfied,satisfied,0.0043186024,0.0076531945,0.98802817
aea4b7837c1a3c695e21c1b9a9d8ce47,5,satisfied,satisfied,0.005889748,0.02465743,0.9694528
b5ded2ee24508fa63dbd689ed3cf886c,3,neutral,neutral,0.29926944,0.68439853,0.01633203
a9530a330bb2e744f7eabce060fa9886,2,not satisfied,not satisfied,0.9204292,0.07558635,0.003984442
e2e087d499f50265a34d7fcd121d6836,5,satisfied,satisfied,0.04893759,0.64161706,0.30944538
d862cc6f4273092e048069a9bc602006,5,satisfied,satisfied,0.004143376,0.00889937,0.9869573
ead5e3948a235a9f32b84957732a2db1,5,satisfied,satisfied,0.007359013,0.018682623,0.9739584
e5309ff8a4ff53a23f7884539ac1a9fe,5,satisfied,satisfied,0.007087909,0.020173222,0.97273886
8ed699d6d6455af7f8e654b891bf122b,1,not satisfied,not satisfied,0.9157899,0.07962092,0.0045892335
ecebd16c43734ee64d810748816c3585,2,not satisfied,not satisfied,0.51253396,0.4597348,0.027731206
1d412701eb427c1ca84cae9db3bb010c,5,satisfied,satisfied,0.005136921,0.009465465,0.9853976
3f322bc9f4a926f52566d558abded563,5,satisfied,satisfied,0.009761755,0.031067515,0.95917076
cbefd3a77fc528fac198f545a8138353,4,satisfied,satisfied,0.007476255,0.043241184,0.9492826
b18170efeb783630fdb1c69672de918e,5,satisfied,satisfied,0.0054206145,0.015157337,0.9794221
ae0848c938c6db372e301fec5d179c0f,5,satisfied,satisfied,0.0066774306,0.018204927,0.97511756
58efbaed71824416310af5da91682eed,5,satisfied,satisfied,0.0063701128,0.012744388,0.98088545
7e918211c5b842e6e83c4606afebc165,3,neutral,not satisfied,0.82851154,0.16540706,0.006081409
eabd115bca2f1543102129c57dae689d,5,satisfied,satisfied,0.006041127,0.017348789,0.97661006
f79fd090e22c9f8e31bf57b11222ed71,5,satisfied,satisfied,0.003889911,0.007705955,0.98840415
634fcd72875237915e6d68a3ceed8693,5,satisfied,satisfied,0.004691197,0.007727786,0.987581
ec6bddddf6aa33757df4d5cb3b2a93c6,2,not satisfied,not satisfied,0.46170938,0.521327,0.016963582
f6d94130af1e91ae7b424b0368563d03,5,satisfied,satisfied,0.0046335543,0.009624081,0.98574233
7d5544b17685bd2d0f48b5e6a6d128ee,5,satisfied,satisfied,0.007535715,0.015928626,0.9765356
07e4ce8dc31eb29edf2637fd0c9d1cf8,4,satisfied,satisfied,0.0068271356,0.032855485,0.96031743
436610ff1308e442d5014965bd2840d8,4,satisfied,satisfied,0.0071607768,0.023963386,0.96887577
ab34b1a9e93a31462f5cfe5a152a8a54,5,satisfied,satisfied,0.0065122144,0.011536237,0.9819516
7a83b53c8d75c3dd5427233fee329129,5,satisfied,satisfied,0.037573654,0.19951098,0.7629153
3c89c863c572eb27123c894185374ebc,4,satisfied,satisfied,0.052622978,0.7147416,0.23263542
adddb050be3b4d439e66011762b7bf71,3,neutral,not satisfied,0.91495174,0.08042153,0.004626667
c1e6fcdc1073553aab6b9c0806613034,4,satisfied,satisfied,0.079659306,0.6861805,0.23416018
aab076cea6fdfb98b7439bbd2a0dca2b,4,satisfied,satisfied,0.004810943,0.0098111695,0.9853779
34d64017aaa05c69f4f678779e005d9e,4,satisfied,satisfied,0.0049792184,0.0129864495,0.9820343
13268ccb55300e15142b6b88f480a38e,5,satisfied,satisfied,0.0039691557,0.008563933,0.9874669
08f54f1d25f4a4b424ba8d51433d3833,5,satisfied,satisfied,0.007108519,0.033460047,0.9594314
8b417049b39a44262cea562ce30f826a,5,satisfied,satisfied,0.005264259,0.011944023,0.9827917
a77c2397311ea86df3109c8fea3f8dff,5,satisfied,satisfied,0.004812318,0.010983569,0.9842041
eecb5c691d8abbb3d6f717fcfd51c8b4,5,satisfied,satisfied,0.0033604319,0.006901372,0.98973817
0a7ecfe393eea78215dd81fea75c5b24,5,satisfied,satisfied,0.0051447675,0.010964827,0.98389035
a17585ca51b4a67dc5469cda824ede04,5,satisfied,satisfied,0.0070081335,0.011786919,0.981205
739192d5a3419f9293c0dfb8f28e3398,3,neutral,neutral,0.15981902,0.80728644,0.032894496
096ee1042fbde91fadbadd3166d527e0,5,satisfied,satisfied,0.004679052,0.011873992,0.98344696
237928f8814f5c655fe6ee9dcd9deb07,5,satisfied,satisfied,0.0041545397,0.007684045,0.98816144
5577ffe50ad7d5705ed68c897e264c65,5,satisfied,satisfied,0.007904217,0.035239294,0.9568565
4bcbdea0ebcbf2c426c3f044e0c85d1a,5,satisfied,satisfied,0.009489828,0.023209943,0.9673003
639ded97f625c16e98fa617eeb66a36b,5,satisfied,satisfied,0.015309184,0.117564134,0.8671267
3781debd62a3a34a2220d58c8b76ba8c,5,satisfied,satisfied,0.0038959978,0.008727275,0.9873768
82d4a34ecbd22b1fe88f61a7ef731465,5,satisfied,satisfied,0.0036912293,0.0064843846,0.98982435
f7befdd06d81cdd3731464a78ce02c3b,5,satisfied,satisfied,0.0050065494,0.012358302,0.98263514
ca78546f1ae5c05295fd990b9a36ca8d,5,satisfied,satisfied,0.003530717,0.0061115315,0.9903577
874bb41243f0d78835181ff8d51fce95,3,neutral,satisfied,0.0645738,0.6441507,0.2912755
4805d5469207e24e4f29b08d4d91e9bc,4,satisfied,satisfied,0.009168426,0.050468657,0.94036293
ce893a2527d20058147c43c6fc160ce6,5,satisfied,satisfied,0.00668085,0.019612389,0.9737067
e97c1c5c006439a671cb7cd55c35cfaf,4,satisfied,neutral,0.39106658,0.5862378,0.02269562
6f4a877b314d53a9b6f2b5bf80e93264,3,neutral,satisfied,0.0066503393,0.024800312,0.9685494
d56e0dd1ab72e49bfe6355657b85234c,4,satisfied,satisfied,0.01659989,0.19755144,0.7858487
2e8ce3ba2337a1698d5151e36a4ff0d8,5,satisfied,satisfied,0.0067998553,0.019045936,0.9741542
03bffc175a9ae7c49fe646b74491f718,5,satisfied,satisfied,0.01632629,0.034274086,0.9493996
17ea76bc92c8e219fd68831f18e14915,5,satisfied,satisfied,0.010445425,0.02074883,0.96880573
8be53f3919f8bc875f5621129f3b7f55,5,satisfied,satisfied,0.0035442817,0.007530916,0.9889248
bc53cbd440c716aa2478070b41d5d1c8,4,satisfied,satisfied,0.005971314,0.022049693,0.97197896
d1d3b07be205b718daa9dfc031b8f996,5,satisfied,satisfied,0.004724076,0.008048,0.9872279
6d8d645ec8337d845566de9a6e0d1f92,4,satisfied,satisfied,0.006548628,0.030971373,0.96248
a768446f37e3f823e48fca1c440a64a1,1,not satisfied,not satisfied,0.87638086,0.11880902,0.0048100953
2e32e63e5ed7ff075c3e1c6bb30660dc,5,satisfied,satisfied,0.0082451105,0.024140725,0.9676142
c68719ebbe9ee2119f924ca8c5b8b182,1,not satisfied,neutral,0.34539512,0.6280457,0.026559107
03b6704e290586d592f1d8661094dc05,5,satisfied,satisfied,0.0055084676,0.014661403,0.97983015
db527e0a7e52cfacc3110b91ff911fcd,5,satisfied,satisfied,0.0038303365,0.010758746,0.9854109
ebb45735bd71148a95cb9b3d191db1c2,5,satisfied,satisfied,0.0044445843,0.00764759,0.9879078
fa3b3e411cea2706c61d2897f3bbabab,5,satisfied,satisfied,0.004021777,0.007183236,0.9887949
96967afc06f2d1f5ec63bab6be65e464,4,satisfied,satisfied,0.009836914,0.04928651,0.94087654
f9c66a183e8d7e02cf4960679158bc49,5,satisfied,satisfied,0.0072649815,0.018737447,0.9739976
486478cef68626af7a7d37ac4ebc562b,5,satisfied,satisfied,0.003587799,0.007409366,0.9890028
8b421687f37bf6d9b9e1191a869e46d4,5,satisfied,satisfied,0.008165161,0.043527927,0.9483069
130065acc2a444f85d3ca51abbf2f6d0,5,satisfied,satisfied,0.0050018094,0.010773093,0.98422515
f35b57817c2f6b1bde6f9625053d2dba,4,satisfied,neutral,0.05274302,0.7404556,0.20680131
d476b8c7ec6a282f76770ae64dbeed23,5,satisfied,satisfied,0.005812826,0.019310774,0.97487646
51e775e82517ceec34abee39f3b4ae97,2,not satisfied,not satisfied,0.9182841,0.07759502,0.0041208183
d95555b22028f6f2a4cc2bdc85e03ca7,5,satisfied,satisfied,0.005267014,0.010259586,0.98447335
9abab147e94cbb02c8a2d9b8d00f818d,5,satisfied,satisfied,0.0038023465,0.007066286,0.98913133
05460af5e12522230a5cc8c37f2a7548,4,satisfied,satisfied,0.03305259,0.3156262,0.6513212
5fb67c973fe503501e93c75ae217dc1e,3,neutral,neutral,0.07585969,0.79293734,0.13120289
cd2729f1011931d67300f3c018c27482,4,satisfied,satisfied,0.0043614656,0.008426861,0.98721164
7840152e85dbb86939c65189e3ccec97,5,satisfied,satisfied,0.0063577737,0.013850673,0.9797916
3d6450ba6f8d7591833ce210078ba10b,1,not satisfied,neutral,0.23060432,0.7126362,0.05675943
b2de7bf95a0f1f71a54025e9d9abe2ce,5,satisfied,satisfied,0.006517409,0.012017202,0.98146534
a532d81228e7f91b5aa8696a8a65ced4,5,satisfied,neutral,0.087325685,0.70732355,0.20535079
3ebaa46257dbb82ce47c83b32074908b,4,satisfied,neutral,0.107274696,0.80983806,0.082887225
384a1c368e422f1edb04c7464fb18157,3,neutral,neutral,0.18946305,0.7477017,0.06283528
604dcdde2f07d9f00386021cb0129e47,5,satisfied,satisfied,0.00792552,0.012555527,0.97951895
0fc5f41065dc9e580314d431d1c341f8,5,satisfied,satisfied,0.007424043,0.021800775,0.9707752
298876fe8e0e4a98e1bd96630628541b,5,satisfied,satisfied,0.004762499,0.0092016375,0.9860358
9f2131073219488bc88a15fb8784a50b,5,satisfied,satisfied,0.006840932,0.022954257,0.9702048
5a919647e817b012c1e4766c57afe61d,4,satisfied,satisfied,0.0702676,0.6346433,0.29508913
89a0122cd72a5d027aef90f0b1c1eba0,5,satisfied,satisfied,0.0042792885,0.0110988,0.9846219
d8094ed09505a0dc51b1c27a7841e710,1,not satisfied,not satisfied,0.95252484,0.043619797,0.0038553735
bb9b59a638ae0f9ea6f6f76a9a18835a,4,satisfied,satisfied,0.004255232,0.008023864,0.9877209
6255348a59fb3208369b9b5ee811e44b,5,satisfied,satisfied,0.005286637,0.008376101,0.98633724
ad2400510f993a9ebd73baa49334c4b8,3,neutral,neutral,0.21401615,0.7634369,0.02254701
bd16550068ee6c41c79ea7c3255072d2,5,satisfied,satisfied,0.005748344,0.008507087,0.98574454
c495233b599c9be794c4feb4533d016e,5,satisfied,satisfied,0.004547828,0.014160108,0.9812921
663cb94631a7dcf30b599a5e65758c01,5,satisfied,satisfied,0.003864779,0.007209407,0.9889259
d804ddd17884a93a79af6a91f833c63c,5,satisfied,satisfied,0.0037677616,0.0077352333,0.988497
91276bbbb372db70e725d307faea845d,5,satisfied,satisfied,0.0038728726,0.008371802,0.98775536
8c0b829cd4884e4fb64d84e9a2f917e4,4,satisfied,satisfied,0.08463532,0.58602405,0.32934058
a3ae7566b5049b09d652f519c516015a,5,satisfied,satisfied,0.0072201425,0.038856182,0.95392364
96e3caef0bdd5767646e32ff14f62c1f,2,not satisfied,not satisfied,0.79384667,0.19762008,0.008533195
c8b5c3caa0f1f899446faae4862b7fb8,5,satisfied,satisfied,0.0064008087,0.015518732,0.9780805
635e20d543a2cf2d3e383797f63081d3,4,satisfied,not satisfied,0.6834328,0.29672563,0.019841576
539a59b613b13e015c9f6c0feace5513,5,satisfied,satisfied,0.011148042,0.042699207,0.94615275
5debb14dbcd52e454c7b4770fe849824,4,satisfied,satisfied,0.0043179803,0.010028012,0.98565406
1c325addb4eb5963c22f83ffcc5a0f66,4,satisfied,satisfied,0.021912778,0.27943197,0.6986553
796ea71cea4635efacb29c698b9f1601,4,satisfied,satisfied,0.0037939504,0.0079562925,0.9882498
d0e158576047722c1446c2c61e31d12d,5,satisfied,neutral,0.1568909,0.7036713,0.13943785
258ff8f246ef601421db88fa4f9b3363,5,satisfied,satisfied,0.00672689,0.02139235,0.97188073
d78d439b89c3b5c436d7157903420e03,5,satisfied,satisfied,0.0044881282,0.010330199,0.9851816
c54e5dea3c26d3cfeb3f777d334da55c,5,satisfied,satisfied,0.0049233665,0.009670883,0.9854057
b8b5565f6362940505badc56b174bfb0,5,satisfied,satisfied,0.0040511033,0.0073171617,0.98863167
12b804da6598a83796f853605d348cef,4,satisfied,neutral,0.36093098,0.6208043,0.018264636
97dae7d87a432c833a3c4dbfab9196ea,5,satisfied,satisfied,0.0037330377,0.0075761997,0.98869073
4c9c681ad39595792496aa03631c4fd1,5,satisfied,satisfied,0.004223524,0.010036583,0.9857399
1fbcdc096a62faac190c0cb1ad8567fa,5,satisfied,satisfied,0.004696603,0.008100844,0.9872026
fe8760c8bbee09e3798c5162620f15f9,5,satisfied,satisfied,0.010764748,0.06366887,0.9255664
9341a87bab5bdb903b17410cbd0a9ee2,5,satisfied,satisfied,0.03227712,0.15476917,0.81295365
c77d857f95d1e8a9ca1888fc6e588409,5,satisfied,satisfied,0.0062074135,0.011617897,0.98217475
2467284f5bb56c7eed635e67e90ffc68,5,satisfied,satisfied,0.0064926865,0.01032778,0.98317957
c3ffaab27646871381be4b7e2cf80dbf,5,satisfied,satisfied,0.006089848,0.008965478,0.98494464
862dd1c38ab44831fadfabeeddd38991,3,neutral,neutral,0.13699594,0.78542584,0.07757819
bf4a3d97feef5ed1cc0ab804e315c4aa,4,satisfied,satisfied,0.1288385,0.6668758,0.20428574
087bd8d63fe964d48798306199a92a9a,5,satisfied,satisfied,0.0041968315,0.008295331,0.98750776
f795c319844c4916dd728a55bf6cbac9,2,not satisfied,not satisfied,0.9463412,0.049819335,0.0038394297
dc59d741da532e2aa1a208d2826bff8c,5,satisfied,satisfied,0.0057948655,0.01529267,0.9789124
026528b7dabebc34889058779b1d68eb,5,satisfied,satisfied,0.005603312,0.012989192,0.98140746
549f7865ca96e280f8f270a9ba768e7a,5,satisfied,satisfied,0.0041574244,0.010342768,0.9854998
9228e7eb72e1eaa422605c14e02794f6,5,satisfied,satisfied,0.003693379,0.006449712,0.98985696
b864091df9e15a31fedf4c92c691319f,5,satisfied,satisfied,0.0255827,0.25603318,0.7183842
6da1c144c255c00a3ccb5aca071c03ea,1,not satisfied,not satisfied,0.7107417,0.2811607,0.008097653
580ecd682fee5e78579ffe04bce1de66,5,satisfied,satisfied,0.0045443675,0.010270069,0.98518556
1e8e7624ae377d6735c06f97ca8d811e,5,satisfied,satisfied,0.0056207734,0.012373505,0.9820057
5aac4f83a3f023d9bfe21f5640335cfe,5,satisfied,satisfied,0.00576094,0.00839324,0.98584574
19aa6dabf3e03159e9d0b95242b081e6,1,not satisfied,not satisfied,0.8584088,0.136449,0.005142244
0e2080904175660631ec9a0de267a11a,3,neutral,not satisfied,0.7005638,0.29127854,0.008157695
43d030d091c69e19803264667c7d6599,5,satisfied,satisfied,0.008119262,0.011257486,0.98062325
aacc11364f61ed5ebae604dc91054b49,5,satisfied,satisfied,0.0046436894,0.009725393,0.9856309
c78bcb70bd422ee5b6abdfa8dc8a33a9,5,satisfied,satisfied,0.0042403275,0.009041125,0.9867185
79e5c960d743fdcff740d688128965cb,5,satisfied,satisfied,0.0047398265,0.011306283,0.98395383
b195558578657ce349ed2f76da0cf6de,5,satisfied,satisfied,0.014018505,0.054429173,0.9315523
76c69ee97592641349ec5796398ef2a7,5,satisfied,satisfied,0.0050166985,0.012231068,0.98275226
aed5ca24f549764d7304e5be2913107d,5,satisfied,satisfied,0.055290665,0.23009941,0.71460986
fe42495ff946f1208f3225a004a8fda6,2,not satisfied,not satisfied,0.54338944,0.44411114,0.012499443
e11e1143ae95eccba524b3e96fc6619b,2,not satisfied,not satisfied,0.8057352,0.18751648,0.006748355
bb2b82ea9b2313cfe1548bce70e56aca,2,not satisfied,neutral,0.28309536,0.6889999,0.027904762
1bc65ae26f5a31a57a66c61fbab8f48e,5,satisfied,satisfied,0.005438974,0.010669646,0.9838914
fba3b31fd3b3ac6e0509c8a949c3ec6f,5,satisfied,satisfied,0.005392534,0.010912636,0.9836948
584bdbdd49c5076893fe230965241084,5,satisfied,satisfied,0.0060142763,0.017221909,0.97676384
3bcb447ca5552ab9a224c99d7a99f6e3,1,not satisfied,not satisfied,0.80527335,0.18905282,0.005673889
64cdcfc4e8843981250ad0607c7f9296,5,satisfied,satisfied,0.006182113,0.0174925,0.97632533
df44dd2290ebb47835579740dd1b317c,4,satisfied,satisfied,0.006655866,0.04087728,0.95246685
5268140b2cbe9b0a8b987c252f1eee22,5,satisfied,satisfied,0.0057599233,0.010432947,0.9838072
14e337c97456fec192e9d559d9f96afa,2,not satisfied,not satisfied,0.6034339,0.3823938,0.014172264
1e9d0b74689f2905eb1d0973686ef54b,5,satisfied,satisfied,0.0057813213,0.008454148,0.98576456
f848ec0ae5c3d3b83a2d2a7a2b0489b4,5,satisfied,satisfied,0.0043848082,0.008316092,0.98729914
db3d708b51f3a4227c25a12baa14c4e7,3,neutral,satisfied,0.0058586034,0.02671597,0.96742547
d63d6e88d2134971b7bbff3ef84ae67f,1,not satisfied,not satisfied,0.9600352,0.03295148,0.007013285
edf39db5b41abff71abe4c50e1e92f61,5,satisfied,satisfied,0.0049525085,0.0099702645,0.9850772
27409624cdc983e894e52f053168f550,5,satisfied,satisfied,0.0052339877,0.0098035075,0.98496246
086015296fc6e75661947eefd2a80a82,2,not satisfied,not satisfied,0.9316683,0.06436252,0.003969151
0a5423fe87643705be1efa22789ee5c3,2,not satisfied,not satisfied,0.4613751,0.51460963,0.0240153
fc9271eee073564a3019d31bf1d1387f,5,satisfied,satisfied,0.00408661,0.0078242775,0.98808914
fb3eeb96b007648744ffe8c53be671df,5,satisfied,satisfied,0.003577313,0.0063620997,0.99006057
66c9e742adfd990b3633a54e5bd3e2c3,5,satisfied,satisfied,0.009902027,0.054533117,0.9355649
be4c8a4fcd02aae3b9f9414982d663e2,5,satisfied,satisfied,0.0036398522,0.007570132,0.98879004
d7270cd78aac57ce954f4662399f1dd1,5,satisfied,satisfied,0.005280665,0.011115697,0.9836037
59b69c1204ba379ec70bc2e4067c63d3,5,satisfied,satisfied,0.02225935,0.18011211,0.7976285
79f294aa1eebeb3d291416dc3438ab4d,5,satisfied,satisfied,0.0068676975,0.021434741,0.97169757
ffe750e66204b0f6702fc84733184844,5,satisfied,satisfied,0.0055312747,0.011834048,0.9826347
3e5f6e87e7d6c76806ffe012872a594f,1,not satisfied,not satisfied,0.89948064,0.09610472,0.0044146213
da00ed179ae377364933b0671fd9f263,5,satisfied,satisfied,0.005619265,0.011186141,0.98319453
e6039fee75e9e1324a62a0784e420759,1,not satisfied,not satisfied,0.9470114,0.04960604,0.003382623
eadb9783b725b9c2e3d5a752fa03b4ac,5,satisfied,satisfied,0.004860031,0.012751631,0.9823883
afe52c0e723da52fb2adb0c839b56f60,5,satisfied,satisfied,0.019350333,0.055935577,0.92471415
95ea5329d729de51826042f31cd54835,5,satisfied,satisfied,0.005233398,0.0151400985,0.9796265
e401f47f78c0925b62e6a41dd8e1a34a,1,not satisfied,not satisfied,0.87376034,0.121914715,0.004324957
e8ff52c6bebd0c3c2de7b91420fba355,4,satisfied,neutral,0.079759076,0.72923607,0.19100493
5706c75f0b0d50d98e48b2918e83e3fe,1,not satisfied,not satisfied,0.95355886,0.04169865,0.0047424263
0d3209b84039efd309ef331d9059b91c,5,satisfied,satisfied,0.0064127943,0.011209654,0.9823775
909a1e2a7f976ee7b2dbe8a2d033f6ff,5,satisfied,satisfied,0.0053200205,0.010598878,0.98408103
5ab980c5c1f78e3f371fa2e7d7a425aa,5,satisfied,satisfied,0.004590598,0.009311072,0.9860983
7d2d5c01d348b18afafc95a451fc43e4,2,not satisfied,not satisfied,0.8869999,0.10856445,0.00443564
f2732b0d063d672b58d312379697f6fe,5,satisfied,satisfied,0.0063479687,0.01526331,0.9783887
053920e987b8b5494804bdca447a28dd,5,satisfied,satisfied,0.00837186,0.027352758,0.9642754
332d626e560822f374f8f75efeaaf9b9,4,satisfied,satisfied,0.037733983,0.17527941,0.7869866
3a6e20679bb6edf93173d08c58a71432,5,satisfied,satisfied,0.0071599083,0.028480664,0.96435946
ad8b080c369c1e6a4e173d924f2d2c21,5,satisfied,satisfied,0.005295071,0.010267357,0.9844376
8392da551463aeee3e37bf5de75a6022,2,not satisfied,not satisfied,0.8722652,0.122826666,0.0049080267
6e3ed92103fa43a92f0ae0f38e1d8bfe,2,not satisfied,not satisfied,0.9578818,0.038086608,0.0040315385
21316ffa7948f1755b3219c4122db4e7,5,satisfied,satisfied,0.02511223,0.1624225,0.81246525
17e7f6a98e7be4735bd816cab7ab35c2,4,satisfied,satisfied,0.0054610814,0.017408773,0.9771302
d9d512c4435e2f1e893188bf1e1d49bc,5,satisfied,satisfied,0.004711669,0.009352385,0.9859359
afdd0b49bb9fa2f9cc8c960e1edb1a75,5,satisfied,satisfied,0.0049674865,0.0072122957,0.98782027
e888bc58b58e2be11ca357d42c1b4d18,5,satisfied,satisfied,0.003649127,0.007008486,0.98934233
c80672abebe9d0c8f59b1e6afc2eb9cb,5,satisfied,neutral,0.05310241,0.7682004,0.17869712
ab1cead63860dd3962e90540d59c824f,5,satisfied,satisfied,0.0061714877,0.014537575,0.9792909
6a04fd8329326cde7132dcfdb464580f,5,satisfied,satisfied,0.0055384263,0.017116321,0.9773452
a8cec9311dfb4a330afcb94542ddc4d4,5,satisfied,satisfied,0.0052065575,0.009150066,0.9856434
e5f90065452759b3d92d3a4230cf1efa,5,satisfied,satisfied,0.0054955003,0.011491473,0.983013
b89a7794805632bc0aadb846660d447a,1,not satisfied,not satisfied,0.8462287,0.14915113,0.004620084
b185641fd5529e5e74ac0dc795f2927c,5,satisfied,satisfied,0.003497045,0.006605274,0.9898977
416de2b29c4f653156790cd638b62d46,5,satisfied,satisfied,0.0075915535,0.024075905,0.9683326
3381e786bf1f788c56dde527424c8b1c,5,satisfied,satisfied,0.003712782,0.007600402,0.9886868
2eb48cd8311a82ff4e7a8d39dba3418d,5,satisfied,satisfied,0.0050158435,0.019634822,0.9753493
55cab61b8838fde22747b6ee7902038c,5,satisfied,satisfied,0.0068150754,0.015443248,0.97774166
5a437ca4cb7b11dc9754ed148379bc76,5,satisfied,satisfied,0.004352157,0.007445698,0.98820215
243efdbe6c1665f6a7dccb96343ecdbc,5,satisfied,satisfied,0.0046152244,0.011828396,0.9835564
dbbdca5afdac802be52ed0f3b24beb70,5,satisfied,satisfied,0.0061914865,0.022220504,0.97158796
679abb7f6cdade60d653e7b7d4b9bc8f,5,satisfied,satisfied,0.057212114,0.71707976,0.22570811
95a4f9b57cd10e652900336b89d779c4,5,satisfied,satisfied,0.051050875,0.50699615,0.44195297
d8d04c0f64e81a0f5feaed3ec83bbf41,5,satisfied,satisfied,0.004038065,0.00793091,0.9880311
ef0adb0a32b47f91b399cb3ddae65f02,3,neutral,not satisfied,0.6745414,0.31467968,0.010778847
181336b33cab380d72252854244f21ed,2,not satisfied,neutral,0.4411292,0.54283077,0.016040046
f4d4259affcb5f0258615b4f46f54f7f,5,satisfied,satisfied,0.0044098105,0.007374577,0.9882157
a6b9629ed3c69cf716809654a13c0f7c,5,satisfied,satisfied,0.020992473,0.12510976,0.85389775
650297b3cc645638aa38cfb3f89b2c9a,4,satisfied,satisfied,0.005318998,0.017706346,0.9769746
e9862df91d7333cd3c297c7973a1f315,5,satisfied,satisfied,0.0073943054,0.016058719,0.976547
df6d743d9b516ad896c643e0c1cf9f72,5,satisfied,satisfied,0.004938855,0.011747074,0.98331404
cbc7977a234638278fab6b5053638486,2,not satisfied,neutral,0.3314117,0.6509052,0.017683113
95f36f6f97fbce1e1be58fb61957ec84,2,not satisfied,not satisfied,0.5707658,0.40263322,0.026600951
cbdb48272c9426485ff3ab3d7368b347,5,satisfied,satisfied,0.005907412,0.012319397,0.9817732
4692659c0a964e06b786f8edc5ab56ee,1,not satisfied,not satisfied,0.48292688,0.36212486,0.1549483
54be6879155895c3d8379edb97487991,2,not satisfied,not satisfied,0.94983923,0.045985606,0.004175141
4a9183762f23e7f14e3e6e6567165d95,2,not satisfied,neutral,0.20314723,0.7572319,0.03962087
d4a7d76ce473f436616c1a3018d845a3,4,satisfied,satisfied,0.00936092,0.03405289,0.9565861
5c3aee617603080f5c8063d65bcc62ea,5,satisfied,satisfied,0.0061237607,0.01313223,0.98074406
bde92d656c21596e8d8a9f059056584a,5,satisfied,satisfied,0.022318479,0.1779487,0.7997328
9de15f609c3e53dc442b04972824f36e,5,satisfied,satisfied,0.0054807095,0.009247569,0.9852717
0f917af66d83c2ee19c0f8b0944b32ec,3,neutral,neutral,0.1564049,0.7791394,0.0644557
e1b9bb0d04a77554a9a165c6fbd65ad1,4,satisfied,satisfied,0.0053946,0.0137049,0.98090047
2208ee9d2a87404c1d4ce186eb2c2bee,5,satisfied,satisfied,0.005413873,0.008929982,0.98565614
f11325ba7d5b0f7ae0ebc0cf1f3bb461,1,not satisfied,not satisfied,0.8341811,0.1611764,0.004642527
6db857fbc3a885fe71589d0a6af7633c,3,neutral,neutral,0.10556204,0.76307875,0.13135922
19b700945ba91bab170a4962bc883066,2,not satisfied,not satisfied,0.94704324,0.049049392,0.0039073373
ad4f14c82a512b3a4a3f14730cd1f4df,5,satisfied,neutral,0.063619174,0.728247,0.20813386
a9833fe49f151a27645925d33d80d321,5,satisfied,satisfied,0.0045549357,0.009844256,0.98560077
e4d53e7aeb434def949038b3a07a46aa,1,not satisfied,satisfied,0.027702648,0.05841192,0.9138854
62e828900f8d58ac5d7e4c4a3c57a7b9,5,satisfied,satisfied,0.006502333,0.011055948,0.9824417
d75c285484af78086a4fc38008ed7f68,5,satisfied,satisfied,0.0048227645,0.009543353,0.9856339
ebcb114b8ae3780cf8d91f6cf2d40a76,5,satisfied,satisfied,0.004377757,0.008953257,0.98666894
ced134af08ef0345eb52b6639a6ae653,5,satisfied,satisfied,0.004676821,0.010695768,0.9846274
f67b0ba2e38bc9f7540932f5f6992649,5,satisfied,satisfied,0.0052969777,0.010178085,0.9845249
1455db0bbb94588318b92b6ce35ea496,5,satisfied,satisfied,0.0049960697,0.013746427,0.98125744
34f4c475a556c0266e454545d726911f,5,satisfied,satisfied,0.0038272392,0.006551485,0.9896213
8f4c0b82af1e81de32412706d8c42670,5,satisfied,satisfied,0.0042273155,0.010005803,0.9857669
b853c3aef867db17f045a8b65b1980da,5,satisfied,satisfied,0.004615438,0.0070058075,0.98837876
f5d09056e14974c020937a900cdc5bca,3,neutral,not satisfied,0.8455385,0.14876297,0.0056985384
34cf8f520bb4e06440546b61ad509c93,5,satisfied,satisfied,0.011935708,0.04073855,0.9473257
d293ad26daef385694addfdc3d550cdd,1,not satisfied,not satisfied,0.91682255,0.07807117,0.0051063593
baf4e584aa303cb99ef3a69c9e62946e,4,satisfied,neutral,0.06844119,0.7677265,0.16383234
d79aa896162a028e300a4bbbd9195bc8,5,satisfied,satisfied,0.031700365,0.30951366,0.65878594
98bafcb7bc4b379418e36670ef92d889,5,satisfied,satisfied,0.0055215578,0.01471437,0.9797641
88540312222766b52b07e3bfb93b73e3,5,satisfied,satisfied,0.0034751624,0.006499716,0.99002516
8ba5a30b17d1ba6d797bd2da17d6d7dc,4,satisfied,satisfied,0.009279871,0.05853653,0.93218356
b00cf5f246d1c8da7e6ecfb0376375a0,5,satisfied,satisfied,0.06765739,0.6570862,0.2752564
33fe9717b6817cb2da4b8e2d105d2e52,5,satisfied,satisfied,0.0035935107,0.007870904,0.9885356
5bd260f79229f94d3dafa33a4d183f66,5,satisfied,satisfied,0.009879951,0.016382454,0.9737376
3374aa00a531fc4aacfef5b4f9c75f4f,5,satisfied,satisfied,0.0051578237,0.010120376,0.98472184
37826ab2bf32d2278febe0c1a99e0bd1,4,satisfied,satisfied,0.009068571,0.04163401,0.9492974
9b45bc0e3d2b2749aca613fe2d222fbe,5,satisfied,satisfied,0.004396261,0.008443611,0.9871601
1ad453001d035c97da000af78fa1036f,5,satisfied,satisfied,0.014379971,0.068066806,0.9175532
02a5ecc338eebf4b9606ffd6823bca10,5,satisfied,satisfied,0.003928926,0.009305271,0.98676586
2a00cb95cd9d9e49aa62694b119ebb63,3,neutral,neutral,0.31232125,0.6501074,0.03757133
e9d94c43945398b362c998ee14d015e7,5,satisfied,satisfied,0.0049196547,0.011786307,0.983294
09ff77fc25bab670a7f9f95054627279,1,not satisfied,not satisfied,0.9561484,0.03967703,0.0041746134
8c424793bb078c3897b5348550346668,4,satisfied,satisfied,0.0054977937,0.0125405155,0.98196167
50a9f5ce2c30693d919596a7966c7c5f,5,satisfied,satisfied,0.0062184264,0.015356885,0.97842467
fcf5f58db78127df2350d721f3f3a0a4,3,neutral,not satisfied,0.7791561,0.21409526,0.006748708
a5d48ba2aae04925bd49038496ca64de,5,satisfied,satisfied,0.022376835,0.14138544,0.83623767
a75ce63cca818c988f0bf87b436a7251,5,satisfied,not satisfied,0.9431972,0.0510271,0.005775681
b5368e0b81ef886ea0674a80061f7e6f,4,satisfied,satisfied,0.014720638,0.08056247,0.90471685
03286c95819a93468d94f921dc9d05bc,5,satisfied,satisfied,0.006998483,0.021785015,0.97121656
f1cccc34d1bb8dce3672b14d32e055c8,5,satisfied,satisfied,0.007706966,0.014155806,0.97813725
0617e2a48178a8c599e3547f73c68920,5,satisfied,satisfied,0.0058731395,0.012740414,0.9813865
dd5eb53991a207d2668fad8de720c2e9,3,neutral,satisfied,0.025614426,0.17083706,0.8035485
28e21629238e474c415aba44b7e7b858,5,satisfied,satisfied,0.0037624731,0.0075239954,0.9887135
6ff246f27adc855f0e5db8ef17328cd6,5,satisfied,satisfied,0.004001027,0.0071839,0.9888151
ffada690cb85ad8f6e6c4315f55ec744,5,satisfied,satisfied,0.0050442107,0.00961829,0.98533756
876ddad2dbcd46556b5a8d3f5d314c40,5,satisfied,satisfied,0.006392255,0.010171217,0.98343647
b913e56580eb6b6d28ee9bc457ab0645,5,satisfied,satisfied,0.0067318333,0.008951944,0.9843163
f825f31fd5f4f544aed60755813836f4,1,not satisfied,not satisfied,0.93258214,0.06371106,0.0037068445
b2a067c0af698d89b9e2687bdfcb0842,5,satisfied,satisfied,0.0052588326,0.011770709,0.9829705
34842a4c4ef4135c13819f4c05d02777,5,satisfied,satisfied,0.0049333274,0.008659399,0.9864073
5645ba8fef2c1f1f0e185225c7bd65c1,5,satisfied,satisfied,0.010003295,0.034078185,0.95591855
1bce08b932aff19fd53f141bf56b74c5,5,satisfied,satisfied,0.0630198,0.64353377,0.29344648
fbf818fc7f6fcc8f7eabd872d09a2d0b,3,neutral,neutral,0.087664746,0.80796105,0.10437416
7b1dff20110204e6dadcf015c437597e,5,satisfied,satisfied,0.0042371084,0.0070661963,0.9886967
a03e924bf1241d427b180ac45cddea0c,4,satisfied,satisfied,0.009730332,0.051687617,0.93858206
40f1b50f7e4ff071354b7b5630df8d20,3,neutral,satisfied,0.04097847,0.5378175,0.42120403
9d36263e0f9b7430b14a08ab5d094ffc,5,satisfied,satisfied,0.006359923,0.023148565,0.97049147
46d110c017e2760cfaf44c6cf9f38225,4,satisfied,satisfied,0.08629537,0.5102945,0.40341008
f79892880fe4baa7fa6c01ae41caae91,5,satisfied,satisfied,0.006016848,0.01597005,0.9780131
f3eff3a7432da12cfc9b7e15b6e19672,5,satisfied,satisfied,0.0067820107,0.01314032,0.9800776
604ed428666fe4ae367dfa45ddcf9849,5,satisfied,satisfied,0.005071311,0.012458155,0.98247045
de69351dee8e7f926fdc878c0d2ef46a,4,satisfied,satisfied,0.004626907,0.018065933,0.9773072
9caa5ebcec27d13f03374f636045df8a,4,satisfied,satisfied,0.0062964507,0.019639412,0.9740641
13ab2a2513624b435575fef78c299151,5,satisfied,satisfied,0.0063847676,0.013357679,0.9802576
2f79d7b5a8f8f554e0c0b0edb6478b1a,3,neutral,neutral,0.071907744,0.7558334,0.17225882
8e77df679fdf744860d76e719b1e4b36,5,satisfied,satisfied,0.0056988373,0.022599913,0.9717013
b3e7d2872808f97c6178d636280d879c,5,satisfied,satisfied,0.004322304,0.009259719,0.986418
82bb1cf213cc1573a8d09b039c792dfa,5,satisfied,satisfied,0.0051497184,0.009250988,0.9855993
4d9223ea05e937bb04c80b5d28ee080d,4,satisfied,satisfied,0.0038917952,0.007973338,0.98813486
5dfe6a650eba63a69f139147165c163f,4,satisfied,neutral,0.07972257,0.838616,0.081661426
37bc80def5776826f730d9d588975e9a,5,satisfied,satisfied,0.003616149,0.006957423,0.9894265
761e38e4e89894b3184ea9e715e9f1d9,5,satisfied,satisfied,0.0041998466,0.011852264,0.9839479
cd37e4291248483f2eea3c4a4eae2992,4,satisfied,neutral,0.07412145,0.80313593,0.1227426
30e82672930ddc6ce7b4746270bebc2a,3,neutral,neutral,0.1500339,0.8168767,0.033089336
0a390c8476dfcaabed5bda278b294c1b,3,neutral,not satisfied,0.6535299,0.3378495,0.00862066
ba7246f069b4099de7bbe34b329635cc,5,satisfied,satisfied,0.008064215,0.022623207,0.96931255
1dc25c5f23b47a671f75d39832f85b52,2,not satisfied,neutral,0.31207016,0.67148393,0.016445922
b3b5629277965dd5dcb374351a2ac616,4,satisfied,neutral,0.12475873,0.7848202,0.090421066
169fcd190b41acb4b3847618d75b06a6,5,satisfied,satisfied,0.003937017,0.007533611,0.9885294
5f7dfbacb05850965dd22507490e32dc,5,satisfied,satisfied,0.003742291,0.0068059172,0.9894518
8e27576b616cedc3ff113c098df4868d,1,not satisfied,not satisfied,0.93053436,0.065607056,0.0038585907
2a353aa78ffff9a874c1f4549c3fb5d2,3,neutral,neutral,0.37646547,0.6080165,0.015518021
f7c2b3cc40406568d82a1e2524be8520,4,satisfied,satisfied,0.004248806,0.008509958,0.98724127
959fa8686ded8e113c1247064c3b3c29,2,not satisfied,neutral,0.09662412,0.75244343,0.15093242
0f98a2c3f1151fadc8af0228ee3f8e76,5,satisfied,satisfied,0.0037901273,0.0067636017,0.98944634
923bd6f53494d787166d3d3ca9270941,3,neutral,satisfied,0.006223184,0.020707538,0.97306925
e15b17cc2af001f192917f07d60900cd,5,satisfied,satisfied,0.011047569,0.06654631,0.9224061
ce102e6e9e711cbd8408300e8e7f8f88,5,satisfied,satisfied,0.017996667,0.07266479,0.90933853
54f2d48bdbc5447bd5649c08ce3c9d2d,5,satisfied,satisfied,0.0071039745,0.011660232,0.98123574
994307362103088de40c1a27ff083d1b,5,satisfied,satisfied,0.004317206,0.008256751,0.98742604
98def2a356c5830aa51dee7445c1d6e8,1,not satisfied,neutral,0.35399213,0.61904746,0.026960393
f413d9b3da50ba4abed5cab2df8ba5fd,5,satisfied,satisfied,0.0057711354,0.018313115,0.9759158
be7c716942be74a18b1bf5e0f6eac745,3,neutral,not satisfied,0.6673892,0.32119516,0.011415619
2a44d7fbd1e3f610033d06b11af91841,4,satisfied,satisfied,0.005257243,0.010169887,0.9845728
de54fc40847ba004862169261a9d8270,5,satisfied,satisfied,0.007638016,0.014356937,0.978005
6553d6c323171a9b2d47a8b2c17dfa77,5,satisfied,satisfied,0.0037535757,0.00691516,0.98933125
643a10c1d9dcc38ba3ee2dfaa2bc8e84,2,not satisfied,not satisfied,0.53458154,0.45126197,0.014156463
696470cd710c00b8228902dbc976607c,5,satisfied,satisfied,0.010258114,0.025227105,0.9645148
1e315f1a0306a29246c05519aebdac21,5,satisfied,satisfied,0.0043007983,0.007149288,0.9885499
52c971b9ba64ea2a1438d88df96ba3ef,3,neutral,not satisfied,0.9201982,0.075897194,0.0039044844
b3c73927981e378d275e17f99aaf31bb,5,satisfied,satisfied,0.004756622,0.0087028025,0.9865406
8ec943780f4f35ddddc0bda207b86704,5,satisfied,satisfied,0.0035313384,0.0059509017,0.9905178
f2f5d68bcd2740f25b29fe7c06683d29,5,satisfied,not satisfied,0.5802057,0.39705986,0.022734422
2a8a66ecc870eb27f300237ad20bc16d,5,satisfied,satisfied,0.003884413,0.008939012,0.9871766
93f47fd92bdbb51c5c692d24bf796db9,5,satisfied,satisfied,0.07653644,0.2908345,0.63262904
80d6eba7ec47595ebe03f7086e828324,4,satisfied,neutral,0.27694023,0.70044196,0.022617778
a97e16da539145d1de32a902e5e60b90,5,satisfied,satisfied,0.0055201123,0.011162478,0.9833174
aec2d8ceda4e04b7c47334b7304376e4,5,satisfied,satisfied,0.0040814816,0.008515365,0.98740315
255ac618a1fd0629a6d009e5f9ccbf3a,5,satisfied,satisfied,0.0047815572,0.011146803,0.9840716
be5d0f23cdda2ccd588fc10690de0df7,5,satisfied,satisfied,0.0050702873,0.012485629,0.9824441
548196bffd04e60def41c41ba0ac4776,5,satisfied,satisfied,0.004926691,0.0110765165,0.9839968
e8422f94b8198744655838a45761b2d8,5,satisfied,satisfied,0.009359729,0.020822255,0.96981806
7a465697d8ca34a84eba69ea9a60736a,5,satisfied,satisfied,0.0032914344,0.007216968,0.9894916
376fcbdc550fb244bc2ac61de7dcf11b,4,satisfied,satisfied,0.043338846,0.5783475,0.3783137
2b2cdafc4c73ec5ef6c5d4be4fe02f3f,5,satisfied,satisfied,0.004992995,0.014263159,0.9807438
bf69a495ae45ae9692da39d768282d7f,1,not satisfied,not satisfied,0.8491725,0.1463124,0.0045151366
71e908e54e1c13ff6a11306f0349cf24,5,satisfied,satisfied,0.0070104133,0.022201782,0.97078776
3eead600633bac3a39bfef79aa93ecf0,2,not satisfied,not satisfied,0.93314046,0.06306698,0.0037925954
135b0824ba6af472d6d1aa60261c4fa6,5,satisfied,satisfied,0.0046705445,0.009180693,0.9861487
3c41b32ad92558e2f0c5da65360aac67,5,satisfied,satisfied,0.010181743,0.033189274,0.956629
a60b5092ab92f88d47898504d12263f3,5,satisfied,satisfied,0.010179233,0.026159016,0.96366173
c574d205c11c7d83602539d0e9b4aebd,4,satisfied,satisfied,0.0047069076,0.010542224,0.98475087
9871d1c67228e388cc837ce9cac3e69a,4,satisfied,satisfied,0.013642731,0.024414316,0.9619429
7994a044c10ea49b5dc527d8e8affc2c,5,satisfied,satisfied,0.004550296,0.008676908,0.98677284
8491a328f9e3cbce11f5a16eab36560b,5,satisfied,satisfied,0.0071189236,0.013292152,0.9795889
891fc958c1fb02c6f8065ce11a39e368,5,satisfied,satisfied,0.007951627,0.02168458,0.97036386
44639f7ab14edd6cae4cf38def330eaf,5,satisfied,satisfied,0.0069276993,0.011976614,0.9810956
a48a6545b49ee04e8c2aa46d907121ce,3,neutral,neutral,0.35450175,0.6276561,0.01784217
36cb04d7444289d25c7928a655a6e162,5,satisfied,satisfied,0.20801486,0.5414565,0.25052863
b97f53274d1dd94d4da7c59bd426145e,3,neutral,satisfied,0.05231171,0.71385825,0.23383011
6077726e0fd3ed5171b94bb07146c6cc,2,not satisfied,neutral,0.3607421,0.5600154,0.07924254
b720c5317ba6753d14c949875fa22269,5,satisfied,satisfied,0.005764084,0.022791121,0.9714447
ddccc12c8ef387a3359e59571a1336ca,5,satisfied,satisfied,0.004501655,0.008069503,0.98742884
69d1c82b1b64e87f18a7927d68e5f083,5,satisfied,satisfied,0.0099547375,0.030219948,0.9598253
b7f2796cb66b1b2d831ba40e1175ed14,5,satisfied,satisfied,0.0044608326,0.010729711,0.98480946
57e2219d9724330d456b80fe92f7f872,3,neutral,neutral,0.11733985,0.8326486,0.050011586
66310871e31cca0dfa5c6c9f04fdad62,5,satisfied,satisfied,0.0041048303,0.009669365,0.98622584
0be335cdeed719fca9888b372f115106,4,satisfied,satisfied,0.023690488,0.16766916,0.8086403
985ca419b3a5347814ab111d06c2de64,3,neutral,not satisfied,0.50157225,0.48268333,0.015744463
c908ce0e0e5ff72b1437916c59a76895,5,satisfied,satisfied,0.004480603,0.008537515,0.9869819
1d213c0b754ed1c9c7ff647f7925c44c,5,satisfied,satisfied,0.0047251163,0.009526054,0.9857488
0afd46d52a5a311c8a413d446171cd92,3,neutral,neutral,0.059808534,0.7715677,0.16862379
a2fb81c58060a681773eb5c07e4d3cc8,5,satisfied,satisfied,0.0042252326,0.007825154,0.9879496
91685d06af446b2214a87d9eba0f3198,5,satisfied,satisfied,0.0064095175,0.013263944,0.98032653
73bd65790c50b1969e5ee690b8ce2918,5,satisfied,satisfied,0.0075342255,0.016644979,0.9758208
9907a3238f9815f26029eddbfbce40f4,5,satisfied,satisfied,0.0042835274,0.0071554864,0.988561
28346ae7a1a76dc031038f2cf516f926,1,not satisfied,not satisfied,0.9417419,0.053987626,0.004270551
5a7e587ae9a3b514f8858578ff183223,5,satisfied,satisfied,0.01588408,0.01872988,0.96538603
4ca48d32d63fddf91ac56c4126f472bd,5,satisfied,satisfied,0.009545418,0.04385571,0.9465989
716e4a8f5700c8cdc739b9b434a6f8a2,3,neutral,neutral,0.18697882,0.7455991,0.067422085
b721a78c7627c12a2d8c0dc761c46440,5,satisfied,satisfied,0.0062440815,0.013562769,0.9801932
67744cb0735436cc91bd92c3ef4e275e,4,satisfied,satisfied,0.0077323453,0.034675088,0.9575926
87cc422654c317d77de921ee7ce658cf,4,satisfied,satisfied,0.007469383,0.029019851,0.96351075
ed089e0556687350ea6235447a322591,1,not satisfied,not satisfied,0.93600637,0.059464205,0.004529342
38663dfb3634a8e6585d7715e40f6f20,4,satisfied,satisfied,0.004961715,0.009156752,0.98588157
dcc7f320cf14d0c7c5b97b73af642f86,4,satisfied,neutral,0.08588109,0.77173406,0.14238484
b04078fb829932d3b35c7b02115ebf89,5,satisfied,satisfied,0.0063524405,0.0125010535,0.98114645
4d332dc0e86ddcdc11dda3dea67601be,1,not satisfied,neutral,0.32929927,0.6263262,0.044374477
a7c16b6ec03a776ef7dfd98eb4ce27ea,5,satisfied,satisfied,0.0057923673,0.011699274,0.98250836
6eb09b212442c29e3286d8d179543f6e,5,satisfied,satisfied,0.004691035,0.008746161,0.9865628
f538afec1b7da1f47413b1916e3e5918,4,satisfied,satisfied,0.047225412,0.5071396,0.44563496
073cbfd4f86cc511cfcc3128b6900603,5,satisfied,satisfied,0.0066254,0.032913744,0.9604608
403c7b233c59993fc15b8ad7797d2e7e,4,satisfied,neutral,0.088021785,0.7249799,0.18699831
de98cfdbb55a4956e008939c2f988dfd,5,satisfied,satisfied,0.005431878,0.0129237175,0.9816444
29901f47c4e77ebb515964d3958abeab,3,neutral,satisfied,0.05623747,0.68202525,0.26173726
a5da06a03082f8a6e1742023c1a5ca7f,5,satisfied,satisfied,0.006106491,0.013494227,0.98039925
455ba35c4c82e5b5f90bd760db83c937,5,satisfied,satisfied,0.0050606513,0.01514991,0.9797894
94c6cd4f061b96d1d1a9a6f378b69d1c,4,satisfied,satisfied,0.0037652499,0.00933132,0.9869034
a81d626775ef930cd90c9f6ee6edb506,5,satisfied,satisfied,0.0060630967,0.013997645,0.9799392
526ddb5aef8386829eca04a6782afea6,5,satisfied,satisfied,0.009554737,0.028643144,0.96180207
7ff63d4eefc3e0017ab5e71b0550e330,5,satisfied,satisfied,0.0042615305,0.008528061,0.9872104
49e7d7a5e58f1f6e953e3f4c439f8aa2,4,satisfied,satisfied,0.008975401,0.03661938,0.9544052
9b0a03087824907348b1c866eefb0328,5,satisfied,satisfied,0.008823616,0.048426248,0.94275016
40c41b28efce92ebfb12977572534f0b,5,satisfied,satisfied,0.011704332,0.020897638,0.967398
b5eb9bf1f492213a32df7fe3fee41268,5,satisfied,satisfied,0.011829262,0.040259503,0.94791126
5aba8787305564633fb2351bc9047922,4,satisfied,satisfied,0.05875603,0.71682495,0.22441904
df806761e1ad47dcb60980e14a1ad552,5,satisfied,satisfied,0.004257452,0.0072493507,0.98849314
94bdfb4c516625342553b3de7792c07e,5,satisfied,satisfied,0.008757419,0.044358242,0.9468843
52498a9e94391708c49d9120b520c9d4,5,satisfied,satisfied,0.0062949783,0.017489154,0.97621584
a459fad8c7f787099bf279d3180cedb1,5,satisfied,satisfied,0.004026088,0.008490918,0.987483
741f18b1275bd9387ac062a6ba106526,4,satisfied,satisfied,0.12831454,0.6556986,0.2159869
23f5a6eac0aad7fb57a2416e1b7fcb62,1,not satisfied,not satisfied,0.9508473,0.04510359,0.0040490283
62ab06d529fb9b057aec3d34641d396d,4,satisfied,satisfied,0.014400839,0.058025226,0.927574
3d97ae0ff941010e3baa8215b61676e9,5,satisfied,satisfied,0.005819942,0.013810911,0.98036915
8c4140b2dd22fb8f9ea4fe46adae6ee2,3,neutral,satisfied,0.009830002,0.032415744,0.9577542
7b675aa3193a26ee5d6238950863555d,5,satisfied,satisfied,0.007928482,0.017417595,0.97465384
03882e0e49f22dc5c4a536467a5cac46,1,not satisfied,not satisfied,0.85171,0.14288078,0.0054091713
648f939f924605dbf0bf75fc71af7ee2,4,satisfied,neutral,0.43258342,0.5470028,0.020413857
a1f9d676b0e9d1c7ee3081640bd18dc4,3,neutral,not satisfied,0.4543694,0.5056304,0.04000023
c2e85e1268a967f499d90177c58774e5,5,satisfied,satisfied,0.019769574,0.18782064,0.79240984
fb1b17cfafd584de0f4a0ec59143078f,5,satisfied,satisfied,0.0080729,0.019569676,0.9723574
04ce10ea2ed015802dfaff9ef58f2ee9,5,satisfied,satisfied,0.0042088213,0.0062524513,0.9895387
d94a6b4e0a2f667de636c307e4877797,5,satisfied,satisfied,0.0040925667,0.0077524777,0.9881549
cbd1b6727ac7af33dec4c7876156f82c,2,not satisfied,not satisfied,0.94711417,0.048267175,0.0046187104
3cf7c5d15c6a0c7e1368504fc6c87794,5,satisfied,satisfied,0.0115083875,0.027635189,0.96085644
e3859c05f3c5d92a62642e7d01c34426,4,satisfied,satisfied,0.038550507,0.29861876,0.6628307
e917cb3e1465231d7a5b9886f96a9d68,5,satisfied,satisfied,0.005205859,0.015147992,0.97964615
e98496af1271e7c45f395fd0cd32b3fe,5,satisfied,satisfied,0.018087465,0.09428218,0.8876304
be5c8a940a89faee06fef57fbe92430d,5,satisfied,satisfied,0.00572144,0.013338437,0.98094016
bb14d73ee2077bed6f3203f57b1d3afe,5,satisfied,satisfied,0.0040283967,0.008742106,0.98722947
5bad52f2b30a6df51f8945fcc8c73ea4,5,satisfied,satisfied,0.004776996,0.011341156,0.98388183
7dfa1f048d945a54866bcf5d43a93ca9,5,satisfied,satisfied,0.0044528064,0.008995225,0.986552
bc3eb924db56bb694a78810174348700,5,satisfied,satisfied,0.006382241,0.022691082,0.97092664
dfbef447e7cc7c090d935989a9089eaf,3,neutral,satisfied,0.04633391,0.5483703,0.40529576
1b386d274c37ae1f2f8467974463fe17,4,satisfied,satisfied,0.0060598743,0.023874242,0.9700659
21eec8aa84dfab99a018fdd3a50cac0e,5,satisfied,satisfied,0.02239849,0.17719565,0.80040586
ef2173e8519180e80ccb8ebdd96fcb21,5,satisfied,satisfied,0.0042218673,0.0075373217,0.98824084
12768d98608cca64b3d8ded4f91127d6,3,neutral,neutral,0.12992543,0.7986078,0.071466684
754f5d2743ffeb8aab7297bdb5237fb4,1,not satisfied,not satisfied,0.8530221,0.14182049,0.005157406
3947b87f5c89f0807f4821f93a5aaf64,5,satisfied,satisfied,0.034171388,0.14943387,0.81639475
a3218429d396c92702ca66e419727acf,4,satisfied,satisfied,0.0046170913,0.015089484,0.9802934
429474168205b49d59de1eb34cdf1a93,5,satisfied,satisfied,0.0058399807,0.00765375,0.9865063
5c77d0da8699ed2220f38ecb8c465eb5,3,neutral,neutral,0.27593273,0.70504206,0.019025259
c07ba7d77618fc1090bb8a00b613a1b1,5,satisfied,satisfied,0.0037711808,0.007832142,0.9883967
f668c3f2af6fadc64ee68b4b9ecb622d,1,not satisfied,not satisfied,0.80722314,0.18659414,0.006182702
b624d6a9c4584a442f04ed581bf62c28,3,neutral,neutral,0.17361625,0.69616234,0.13022141
fee711159d80e96deffc159a7121a74c,5,satisfied,satisfied,0.0044928715,0.008104062,0.98740304
0e5f8e9e483e29435e5bb59912e7de55,5,satisfied,satisfied,0.005336492,0.014108104,0.98055536
b28c07c1406f3cef95de3abce20e4bf9,5,satisfied,satisfied,0.0035254215,0.008096878,0.98837775
b5bb6b28da408f10cc87f5c68b611728,5,satisfied,satisfied,0.0048781536,0.008231061,0.98689073
1f1cf60cac2febecbd278ae848fd30a4,5,satisfied,satisfied,0.004742488,0.01588153,0.97937596
54dde110c576cbdd60ad7ff8fba0ff08,5,satisfied,satisfied,0.0058238823,0.013719899,0.98045623
cf3eabdbaed662684bf35c285c8d748b,5,satisfied,satisfied,0.008509657,0.035373297,0.9561171
ee5efd61a15d126b22c7b47245c17b19,5,satisfied,satisfied,0.0111911,0.020607466,0.96820146
0d58e62e8c28e6bd3ef4c846fc39a220,5,satisfied,satisfied,0.019774746,0.1326042,0.847621
9e72c34ff29bb0e7e2ca8d783d0f206a,5,satisfied,satisfied,0.01165082,0.016591465,0.9717577
914c76503ca263beaade82f73f46d116,5,satisfied,satisfied,0.004881987,0.013637633,0.9814804
560dc5f58599c727f075d57b77ead319,5,satisfied,satisfied,0.008754773,0.024845857,0.9663993
acd07db6901ca9ebab520fc929414365,3,neutral,neutral,0.17347242,0.7607977,0.06572984
37e005739bf9aa57dfaf18b1401d65bc,4,satisfied,satisfied,0.016094057,0.13129568,0.85261023
4a29cc799cf5b165cc2dced8d6e9e4a0,5,satisfied,satisfied,0.0038255532,0.009440164,0.9867343
ac900fd5d7c21b52a9b8c01beac52221,5,satisfied,satisfied,0.004596578,0.009902609,0.9855009
45d03bada4eabb9760b2caf1ebe239fa,5,satisfied,satisfied,0.0050663073,0.015318743,0.9796149
e74c304798c5a1b05409058d7bd20e9b,5,satisfied,satisfied,0.004009136,0.0077949944,0.9881959
92972c70741333777b29a6bb85f11875,1,not satisfied,not satisfied,0.7608505,0.23116614,0.007983384
eec41de90731956662b57791587013a6,5,satisfied,satisfied,0.007714992,0.014822987,0.977462
6944f93fe732c0e17d93d35d73bca12b,5,satisfied,satisfied,0.007741362,0.029671794,0.9625868
f2ebffe7300c2299bfe61a1a44e007db,5,satisfied,satisfied,0.009515057,0.033311762,0.95717317
ce78d1941f2ccf40ba930b547727611d,4,satisfied,satisfied,0.0075433548,0.03435764,0.958099
b7934a9855b72f4e0af43c9f3c147564,3,neutral,neutral,0.27519992,0.6788319,0.04596817
10ee4e50ebbcc03395ea2ce74b657f7c,3,neutral,not satisfied,0.6631911,0.32637006,0.010438779
f5c31573737832da553e5daa15cfcc08,5,satisfied,satisfied,0.00974988,0.017696945,0.9725532
d0ff1af45f97f48ab48e9b2bdaeabde3,5,satisfied,satisfied,0.0086000385,0.02950899,0.961891
8fce0b438918b2c35408ba02bdadba54,5,satisfied,satisfied,0.004751977,0.010792014,0.98445606
bd2581f58523990967fe3d31c10eb8da,5,satisfied,satisfied,0.0053811288,0.01115635,0.9834626
61cff0984e2920bcd18f473796230211,1,not satisfied,not satisfied,0.94881487,0.04646653,0.004718605
557debeb8cf7a93af73a791e1c633969,5,satisfied,satisfied,0.006968643,0.016996564,0.97603476
986cff073f944e80a93bb8722c4f4d8d,5,satisfied,satisfied,0.004174325,0.008274106,0.9875516
d77881cd1fd275c161cf1537cfb63392,5,satisfied,satisfied,0.0053397873,0.010187937,0.98447233
56c7a61b9c9054f6c7d30c9cd034506f,5,satisfied,not satisfied,0.54510033,0.40300703,0.051892634
eaa3e8706c64f12c237993cd27df2dec,5,satisfied,satisfied,0.006026769,0.02351866,0.9704545
2662ac21cf2ea30579b1856b221e5837,4,satisfied,neutral,0.1818126,0.7586391,0.059548333
92074d8ceeef8e75442a642f433b75f6,5,satisfied,satisfied,0.010389246,0.05225764,0.9373531
72e5593a261eafb43edf5e15ac0aa713,5,satisfied,satisfied,0.008307078,0.02656919,0.9651237
fe1c0ad6dce8db7d45c08661b337106f,3,neutral,satisfied,0.013470946,0.030349804,0.9561792
73b0f27faf2da786b98b648e031fb5f3,5,satisfied,satisfied,0.05768075,0.24696733,0.6953519
20930503c4737d6a35ceb3f2f3495dd2,5,satisfied,satisfied,0.0071609938,0.01612508,0.9767139
60903a740792de522a20f99169149cac,5,satisfied,satisfied,0.0069925003,0.021178778,0.97182876
3ce2534b5e05fa2eefdb410cc4ec0f62,5,satisfied,satisfied,0.008131635,0.02518443,0.966684
700cfad58b45f963c65089a7509353e1,5,satisfied,satisfied,0.012202331,0.06463059,0.9231671
04dfdfd41a597e53d0e312e6227786fb,4,satisfied,neutral,0.23236164,0.72627896,0.04135944
49e131ed49de335248f7ba9d86cf1ff1,5,satisfied,satisfied,0.007274518,0.01900978,0.9737158
59ab784e8cf161bed041dc6394560418,3,neutral,neutral,0.09440348,0.7859009,0.1196956
019252b47405eb40ebf6d08d0a5e4933,5,satisfied,satisfied,0.0048880256,0.015784714,0.97932726
3f902cc38a216a19fc8822fb9fa40fb9,1,not satisfied,not satisfied,0.94640785,0.04987347,0.0037186379
a1d21d0e6525c4c7036809fceb6838e1,5,satisfied,satisfied,0.0072720097,0.015740545,0.9769875
607355ad7e3085e5d5f814b552cb235c,5,satisfied,satisfied,0.005669075,0.0107221445,0.9836088
472cee6a0e2e5a959d984a4473e4c4d5,5,satisfied,satisfied,0.0044911793,0.0107638175,0.98474497
7b908febfabf3294fd85436c422193ac,4,satisfied,not satisfied,0.6872492,0.30316338,0.009587458
545583d492d726ee6ef3d0d99903e5bd,5,satisfied,satisfied,0.008078905,0.04763774,0.9442833
23ad04a6fb316497d96f4eeb5c19054b,4,satisfied,satisfied,0.056956396,0.65714806,0.28589553
ded54b0e90914dcd17962cb81b7ed057,5,satisfied,satisfied,0.004433224,0.0113355545,0.9842313
afa930cd0def2c8541f6f4ba11d23935,2,not satisfied,neutral,0.0706478,0.72643214,0.20292012
1a2a80a011418edb7ebc65811bed15ec,5,satisfied,satisfied,0.003919628,0.007429424,0.9886509
985dd2a7986c369b44cd2edd50433df3,1,not satisfied,not satisfied,0.91432726,0.08149222,0.0041805776
223d334d3e692d2ac508a866a00b8bf6,5,satisfied,satisfied,0.008093274,0.014304242,0.9776024
ac276b2731a9d3af36b3b0dbeb8b43fb,5,satisfied,satisfied,0.006674405,0.014255403,0.9790702
45691d06f7c28043636eed06dbb5e166,5,satisfied,satisfied,0.026430855,0.107520744,0.8660484
4664f097fdf3e6359f20e794c5b3c6e7,5,satisfied,satisfied,0.0035230154,0.006941898,0.98953515
86b4d84a9a40d9e4b3fd148f2cd9df70,5,satisfied,satisfied,0.0039244015,0.006948732,0.98912686
ae93e010fa9ee352281a41eceefc07d2,4,satisfied,satisfied,0.052994456,0.48148093,0.46552464
2f9d2152cdf8acea58cac1f169fec6f7,5,satisfied,satisfied,0.010165895,0.022673989,0.9671601
de5997c22cd76f97848d9758d1482f2c,5,satisfied,satisfied,0.005392868,0.014087934,0.9805192
c4f18980e1ac9ddd231d850df38491a5,5,satisfied,satisfied,0.004606412,0.011368607,0.98402494
1339fbedb787c2d1e2e053e74a1e3295,5,satisfied,satisfied,0.005620691,0.013961942,0.9804174
40dbe413b95008a93f4b8ba60c0de955,3,neutral,neutral,0.13992262,0.69793135,0.16214603
b1e8c70f96f0991d4af1fa5e2d71f3b2,4,satisfied,satisfied,0.007020214,0.022068033,0.9709118
51f205a062e3150b0a559a6c7b4d75c5,5,satisfied,satisfied,0.014926345,0.07478905,0.91028464
85903dac1faa4ad4daeba621587f8cc1,2,not satisfied,neutral,0.15062547,0.74422663,0.10514783
0d54a875474bae65b9f3f429ca3729cb,5,satisfied,satisfied,0.07666029,0.42274448,0.5005953
8456de456ac9cd104e9184fc72cbbee7,5,satisfied,satisfied,0.0044477433,0.008892471,0.98665977
43a149d40acf628808b86ede0a233795,5,satisfied,satisfied,0.005552117,0.011653318,0.9827946
c6401f722f200657b47cf54802ce01ef,5,satisfied,satisfied,0.022727152,0.21996509,0.75730777
1b282869ea0de410a1ffca323058c5a9,5,satisfied,satisfied,0.005224224,0.011729848,0.98304594
8ee0ebb35ab609132c0e38f49a401354,2,not satisfied,neutral,0.39660186,0.5861967,0.017201487
86e19eabd98c80ad96f5b2333a5e64b3,5,satisfied,satisfied,0.0050519947,0.00942254,0.9855254
a6ad853834e86f72104c203a90a440de,5,satisfied,satisfied,0.0076115355,0.016552981,0.9758355
cc9b5eb608db5e3cfa4cafa604df6153,5,satisfied,satisfied,0.004579786,0.008613673,0.9868066
2d2e5181946c2fb19a91e75df5afd2b6,5,satisfied,satisfied,0.004920087,0.011626808,0.9834531
378473115faf714da99713008e3424a4,5,satisfied,satisfied,0.022530243,0.03467782,0.94279194
8b60b9ee14303b881f29675fb8ce411b,5,satisfied,satisfied,0.0071606915,0.023400173,0.9694391
659e2b7de3541538222483dd765e24aa,5,satisfied,satisfied,0.0047152564,0.012755439,0.9825293
765cc0ea1ad3cf6d5d340e882c8d50e3,1,not satisfied,not satisfied,0.5982073,0.3901537,0.0116390595
5225da544c370a9d8111f29d7ffc9513,5,satisfied,neutral,0.17161375,0.66618115,0.16220516
5d9382c929cda6353be7e6b5df5dcbff,5,satisfied,satisfied,0.004343977,0.008464276,0.9871918
cc882ca0fa63cace5bf5d30feaec3a5f,5,satisfied,satisfied,0.0044869953,0.010703542,0.98480946
45791954c8b4c10c84c116f4403f7e37,5,satisfied,satisfied,0.0057046977,0.012651332,0.981644
018cde37dc58b4eac065ffde5c6d48f6,3,neutral,not satisfied,0.49110088,0.48458064,0.024318537
2dd838400b28043aa6bca47ea4f89299,5,satisfied,satisfied,0.0048922063,0.0107043795,0.9844034
305b7becad39f2279b89ffb0e85a43b7,5,satisfied,satisfied,0.005264145,0.012970418,0.9817654
d67bc7be3ad167d226689fe34289b025,1,not satisfied,not satisfied,0.71368766,0.27754283,0.008769508
e9cf8c46e5d21b2f8120100b4517c4d8,5,satisfied,satisfied,0.0056814817,0.010806052,0.98351246
415ea475ff78d5771fc2d7ef08d69d26,5,satisfied,satisfied,0.0042012557,0.010756354,0.9850424
6d6b6a54a63dc6e45b8db90c61651346,5,satisfied,satisfied,0.07450148,0.42867738,0.4968211
ae1333fee80bf4d7e02886edefeb08fe,1,not satisfied,not satisfied,0.8613214,0.13346462,0.005213915
55e5862b8474fc08ab5da3ff20f94da2,1,not satisfied,satisfied,0.0042940136,0.008128612,0.98757744
3ea33d6b126d85dd9b9baed8a25b512c,5,satisfied,satisfied,0.0053581228,0.008412982,0.98622894
f4d5ed1c7c620f5bdf9aaa831979d275,5,satisfied,satisfied,0.0059308126,0.010326538,0.9837427
2b735d827adff4d128d2f315c21d14f1,5,satisfied,satisfied,0.0050971345,0.01441309,0.9804898
91f50f87129469f7fe233cd2418d1c99,5,satisfied,satisfied,0.013350877,0.057214197,0.92943496
ef629e55dcc37b668624a3e39a973501,5,satisfied,satisfied,0.0053757913,0.017463386,0.9771608
0cf8e2dbebfbd9d4a4b245a9633384e7,5,satisfied,satisfied,0.0056008007,0.018851878,0.97554725
a229876b91a6812a1dc90c5144e17036,5,satisfied,satisfied,0.010773528,0.026708985,0.96251756
f1a3dee512b9a21ba8b96be2964eb36c,2,not satisfied,neutral,0.10190111,0.8040714,0.09402746
db6a5d22872efeccaaa7f8ed652f4fe7,5,satisfied,satisfied,0.011728651,0.03919145,0.94907993
0c9ea1e896c2629eac9cf75fcbe61565,5,satisfied,satisfied,0.008986428,0.013704582,0.97730905
add65b517714a009f5a347b7f63f20bc,5,satisfied,satisfied,0.004845321,0.01034304,0.98481166
6db2bbe81fbaf301ffbf40cd2bc9439d,5,satisfied,neutral,0.2703156,0.67358536,0.05609907
61481aff84fe007e25dadef3c97ba9b2,3,neutral,neutral,0.11215877,0.8135012,0.07434003
337b1f8f8929e51ab6d60e254310722d,5,satisfied,satisfied,0.004417731,0.008993651,0.98658866
d2d98d38981b7ae1980287cf6ba0da0d,3,neutral,not satisfied,0.89661115,0.09831458,0.005074206
c8eb3d694351cd4ebc495350c78b1fbc,1,not satisfied,not satisfied,0.96053886,0.033311944,0.006149148
516a35a0b5a4555b2d03a956e170f07d,2,not satisfied,not satisfied,0.93053114,0.065569766,0.0038991626
c38fbcb073cfeff0d6ecff1d2993d8a1,1,not satisfied,not satisfied,0.9135371,0.081449345,0.0050136293
c6186cbb69bf34992433c54a7e2f888f,5,satisfied,satisfied,0.0076586804,0.020471275,0.97187006
d36d8869d18edefd0147eb584c10e0a3,5,satisfied,satisfied,0.014077946,0.04695638,0.93896574
27bda95845e2e012150b98c51d6424a0,2,not satisfied,not satisfied,0.7858176,0.20728561,0.00689677
f1b6024560ef85b2451cc7596b4a4b13,5,satisfied,satisfied,0.0055838344,0.012507655,0.98190844
070f8388ccabdd2323c1c341eadcbf77,1,not satisfied,not satisfied,0.6958886,0.29547235,0.008639017
ab0e02c54eea968fc3698af07bb39144,5,satisfied,satisfied,0.0068547204,0.025084939,0.9680604
c6e4a57a4ddfb0b0496089f1bf33675c,5,satisfied,satisfied,0.0048543974,0.009749677,0.98539597
e6f75ea7a867bf63d97c4e83a97b4702,5,satisfied,satisfied,0.010691163,0.026953585,0.96235526
43b4fc127ef81dbc4d234d3e9c2a5902,5,satisfied,satisfied,0.0042651496,0.010097265,0.9856376
a3dff8631717be3a8f7a50cd4416bc79,4,satisfied,satisfied,0.021328488,0.15760393,0.82106763
016dfa88dfa5755b5d06281b12825e7f,1,not satisfied,not satisfied,0.958616,0.036768153,0.0046158535
88c4d7c5e8ece5efbae73f9a89916a16,1,not satisfied,not satisfied,0.92271936,0.072072975,0.00520764
d5ef1baa382e209310e04a175299723c,5,satisfied,satisfied,0.0061926832,0.018071782,0.9757355
f0f526ee69945bdd03ce781b5a9df056,5,satisfied,satisfied,0.004900933,0.008170734,0.9869284
c0910f030b820ab2e9952dad3254df62,5,satisfied,satisfied,0.006415011,0.019463988,0.97412103
c99db8559ee4fac87f2ae837dc3d6af6,5,satisfied,satisfied,0.006276407,0.012472606,0.981251
9a46a9a2f4f08aaf1f8b7f79229a0cc9,5,satisfied,satisfied,0.00480627,0.0119037,0.9832901
427351eb690d2754f7023186e41c12f3,3,neutral,neutral,0.09446819,0.7720806,0.13345118
ab24c7aef8b22c62f89553915c381b79,5,satisfied,satisfied,0.009772194,0.029874833,0.96035296
76f2e92281226fef421f2a0329ed4d90,5,satisfied,satisfied,0.0040249615,0.007871588,0.98810345
bf5d5b1889b42e11ad2c7d90d2a7fcb4,4,satisfied,satisfied,0.0039754687,0.008037154,0.9879874
19a0587684dec5fa170f0b3dbc7c2e11,5,satisfied,satisfied,0.0061649773,0.012785551,0.9810495
21bdabc49bcb7490dc419f8254ecc69a,5,satisfied,satisfied,0.010615667,0.025962703,0.9634216
b9547846ab56fc7b39c621c97eafe201,5,satisfied,satisfied,0.006022839,0.012666447,0.9813107
558e4324bb34e7f835489519a34df010,5,satisfied,satisfied,0.004311754,0.0066911997,0.9889971
185a532e0934b4c0ec56af9ca660e55c,1,not satisfied,neutral,0.17392884,0.74302655,0.08304457
59690c471dddc338646519a194213bd8,4,satisfied,satisfied,0.014199548,0.087136626,0.8986638
c9fdb0494218e18c5e9d1792e394d194,5,satisfied,neutral,0.06107084,0.7975523,0.14137684
02af7c90bfdb561107b6ca1fa068543b,4,satisfied,satisfied,0.030050034,0.19280568,0.7771444
87dfabfcb74f8604ca7d20a99f1345d1,5,satisfied,satisfied,0.0047262837,0.008603648,0.9866701
a340a704bec7e35260e07efc9b5af96a,5,satisfied,satisfied,0.0044457507,0.008610233,0.9869441
8cab07c73b8c86d403fe96d1de3eb01f,5,satisfied,satisfied,0.003522748,0.006614239,0.98986304
3e7d42de88b31de876b0625888cdf46f,1,not satisfied,not satisfied,0.9602875,0.034971558,0.0047408915
4b6253560c14b1edcbc4ee559004aa5a,5,satisfied,satisfied,0.007843978,0.035580546,0.95657545
c055d3669bad5db15c8e8e5ba19440f0,5,satisfied,satisfied,0.0034571905,0.0062502217,0.99029255
0e57239a65ae4d179d160c2ef0d68f7d,3,neutral,neutral,0.3841659,0.59234726,0.0234868
355965fb12da658791d2cd9807897b4e,5,satisfied,satisfied,0.0051064515,0.010345206,0.98454833
18a7a4f57bda307da8afaea8252416bc,5,satisfied,satisfied,0.0052775717,0.014318345,0.9804041
d27fc98c2da0ba6594d4ccbc1d0ef75e,5,satisfied,satisfied,0.005789524,0.008935818,0.9852747
d03991412a11f9b9cc548b90cd702e36,2,not satisfied,not satisfied,0.666343,0.32478762,0.008869393
6e140644fe39f1cf666f987cbbe015a7,4,satisfied,satisfied,0.010329568,0.06355282,0.92611754
ad740a16626f745e110ffe3224895387,5,satisfied,satisfied,0.0036027592,0.0075719827,0.98882526
2eb8edf1180b898215fb45151069eab6,5,satisfied,satisfied,0.0057072756,0.010246224,0.9840465
2f1edfa4e1e0a03232fb5183b4358b26,2,not satisfied,neutral,0.07459538,0.71857446,0.20683022
11af7d4ffac5a26ad67cb424f915cbc1,5,satisfied,satisfied,0.009104699,0.025485873,0.96540946
42631a54360bac6b9f76d2796230e05f,3,neutral,neutral,0.09817391,0.7630657,0.13876039
1ba0e6e7d6dd5fb5fa55539576cdd34f,5,satisfied,satisfied,0.0048333225,0.009962204,0.98520446
581afe5805571342df1a2dd555b92650,2,not satisfied,not satisfied,0.84740835,0.14673322,0.0058584115
6599bf6d4341bcbcc8b9145a81280b23,5,satisfied,satisfied,0.0054844376,0.010292524,0.98422307
18265798c78a2412e16c225b4d1e6e1f,5,satisfied,satisfied,0.0041274414,0.0075517828,0.9883208
071228fb7736abf5f31eb6bf98b06bd7,5,satisfied,satisfied,0.005072345,0.010758194,0.9841695
22bacf2c5e9d0055850a5ffa9d2f1f69,5,satisfied,satisfied,0.041815925,0.2780744,0.6801096
756f88e996a7edb2f4ae390ebec989e1,5,satisfied,satisfied,0.00931721,0.031560082,0.9591227
5a67f768e0ee91f5e70dbd11345f5a84,5,satisfied,satisfied,0.285595,0.5048926,0.20951235
3df3c1912e6d77d18436164c4701b58e,5,satisfied,satisfied,0.0047128918,0.0110030295,0.98428404
f3ab0976015ea09dcd06c51fb0c13083,2,not satisfied,neutral,0.373449,0.6025647,0.02398631
15b161f2a1713b858577dea87c91b26a,5,satisfied,satisfied,0.0044055814,0.009534488,0.9860599
6c0c18b122ff8255ac51fb009e5047c8,4,satisfied,satisfied,0.0037465917,0.009078802,0.98717463
675d3170758c3c866d4394a1d1a2d155,5,satisfied,satisfied,0.0050045126,0.010592523,0.984403
67d3630ae9359cf86f0c48f7cc03f957,5,satisfied,satisfied,0.007777104,0.019176792,0.9730461
8e897df39d0f340762ac25b144f9acd4,2,not satisfied,not satisfied,0.5784243,0.40324754,0.018328225
79148edbd7e70f6c6a0afef7a05a890b,5,satisfied,satisfied,0.005984724,0.009776929,0.9842383
9cc93f97867764a3b09c8f261b308c69,4,satisfied,satisfied,0.003814194,0.00737794,0.98880786
a041f084164e96b4db31e85b9539e453,3,neutral,satisfied,0.08373682,0.6108309,0.30543226
49e8f9e8d9c6a7bab26257d0f7e28bd6,3,neutral,neutral,0.3643767,0.6138956,0.021727731
025ca8c23f008f5f6742dded575714db,5,satisfied,satisfied,0.005412513,0.014044279,0.9805432
932fa78e96d77057266d6b4b5d5b47d9,5,satisfied,satisfied,0.006021425,0.017522404,0.97645617
ee1692bca19d8cf168c0f4ff7627aed5,5,satisfied,satisfied,0.0043027904,0.010224264,0.985473
6fbadcb9d3fe546549e6f8eda2e657e8,4,satisfied,neutral,0.15557207,0.7179184,0.12650949
4d4a8163de0fb8168ccacf06f4115932,1,not satisfied,not satisfied,0.96097034,0.033318207,0.005711447
d15280e1362d45f65b28507177864d32,5,satisfied,satisfied,0.0046477336,0.013825753,0.98152655
41f6dc6e91f3fa031fbe2ceb6af14d04,5,satisfied,satisfied,0.008713631,0.026900861,0.9643855
ada524332927781858a73a4ec2e4e1bf,5,satisfied,satisfied,0.006940609,0.012284427,0.9807749
60897b5d2f70b1cc9c317153333f31ed,5,satisfied,satisfied,0.005486859,0.010904272,0.9836089
873c5a0711e5bde13964bb7f4c8543e3,4,satisfied,neutral,0.055676766,0.79002285,0.15430044
067e5cf9d23c5eb76c09a39212612a21,5,satisfied,satisfied,0.043020442,0.33150214,0.62547743
d7ce7ca2ed4263602a5670dfbca9e772,3,neutral,neutral,0.35875237,0.6198997,0.021347867
2d44d419e6b7409c6fa125e823476441,4,satisfied,satisfied,0.009247928,0.019291744,0.9714603
d451f6d7165752138feaf77686e2fed6,5,satisfied,satisfied,0.0039115264,0.009729389,0.98635906
90ab41599ffcc2c667220cd6f2e72355,2,not satisfied,not satisfied,0.9471429,0.048829094,0.004027995
a404ff75e61d6a74e1bfc41b6cf9ef31,5,satisfied,satisfied,0.05887808,0.4348304,0.5062915
c47c42d01aeacd517896a61e392cbbdc,1,not satisfied,not satisfied,0.95707333,0.036932226,0.0059944456
fd07ea450d476d49558eb7f5acda4ac8,5,satisfied,satisfied,0.0049600126,0.009761276,0.9852787
e1de06a92a3586ef732ffe991f317833,5,satisfied,satisfied,0.004604822,0.009283165,0.986112
cbd13672e8666450efb83144b3ff5546,5,satisfied,satisfied,0.004164207,0.0074764783,0.98835933
52e7d5cefb8229c2c0dbafe5fe8e7024,5,satisfied,satisfied,0.0053681144,0.011421242,0.9832107
9e48393d7099e0ceead9f4e91b6f9892,5,satisfied,satisfied,0.003711053,0.008057277,0.9882316
10e68b01feae1af0068e4e2d0bacad7c,5,satisfied,satisfied,0.006376598,0.021877415,0.97174597
755a1a3915f7495e3c114892651c5ffa,5,satisfied,satisfied,0.0058775228,0.011819103,0.98230344
95814dd178cce7e8be1f3fe8690f7fbd,2,not satisfied,not satisfied,0.7186182,0.27409536,0.007286363
771e534562a6c05cb4a33753449c3ea6,5,satisfied,satisfied,0.0066469484,0.0112664765,0.98208654
6a425ce53df68a5b805d1d5718f7f480,4,satisfied,satisfied,0.0056031356,0.011013576,0.98338336
7ec5383467e0be8ab589f7199f7ac186,5,satisfied,satisfied,0.0039396957,0.006819692,0.9892406
8e13e0dd646c0fa6e5287760c5093332,5,satisfied,satisfied,0.0049608923,0.0093229385,0.98571616
4001674f02dd4564669df4951ae16c9e,5,satisfied,satisfied,0.004805642,0.009061487,0.98613286
5ab04b20ec2d11ed74778f8914889db5,1,not satisfied,not satisfied,0.94938076,0.046855096,0.0037641146
055531b28d3ef05ab443ba91893ae504,5,satisfied,satisfied,0.0048335693,0.009433231,0.98573315
0b0ffdcd3672ae025f6f61010452070a,3,neutral,neutral,0.24866581,0.704951,0.046383224
1efb36d984b34743ba9214acccffb872,4,satisfied,satisfied,0.023287412,0.12971428,0.84699833
dacbd158ef7ad58f03c08adce5e468ea,3,neutral,neutral,0.25507775,0.71125644,0.03366582
1b15be13a0d039794739b0f3166cf085,5,satisfied,satisfied,0.004160071,0.007860257,0.98797965
51dd27c1438c2bcc99ab6758db234a63,5,satisfied,satisfied,0.006495261,0.015659671,0.9778451
9fe5bde84e1046fa10cfbbdf8a9116da,5,satisfied,satisfied,0.005163217,0.0081391875,0.9866976
242d4efbd916ccd0c1cb2b88741338d1,5,satisfied,satisfied,0.0043095537,0.009145696,0.9865448
8c28742763f1e636301da1cf10c10e3b,5,satisfied,satisfied,0.004343954,0.012117498,0.9835385
56d18716f27d9f9206353f07b0fa4216,3,neutral,satisfied,0.010677883,0.029673483,0.9596486
c6335978e7b1714af0f2f7fe26bf943a,5,satisfied,satisfied,0.00447589,0.0088894395,0.98663473
9621f4653a38265b4ade600b8eb0ae0c,4,satisfied,neutral,0.13543105,0.748557,0.116011985
2a4e954cd13baaf9e36603e5519536e8,2,not satisfied,not satisfied,0.88398236,0.111182205,0.004835409
7485ca6d376299786c4f4f6adebf813a,4,satisfied,satisfied,0.0599563,0.48873168,0.451312
e4733c7d64e617bcd68131847753a143,1,not satisfied,not satisfied,0.8441904,0.15059616,0.0052134474
9b96b31833ade1c3d412e85be394283a,3,neutral,not satisfied,0.61686236,0.37515816,0.007979499
a2f299175ccb08c0e7ee541e2e49412d,5,satisfied,satisfied,0.0052469135,0.011926289,0.9828268
e773192e0d360ff5028c4926904937a7,5,satisfied,satisfied,0.0048527312,0.015686186,0.9794611
d2895fd04fc5ecb961a5784e20a421ce,5,satisfied,satisfied,0.005835016,0.010573519,0.98359144
670372e3d0a8ca0fba7bef9a58d49ade,5,satisfied,satisfied,0.0070059346,0.012103125,0.980891
6607995b194d1ab82213973e2668a683,5,satisfied,satisfied,0.0042762733,0.009140821,0.98658293
8d5062cd57402cc692a66cf5010d234f,5,satisfied,satisfied,0.004728674,0.012642122,0.9826292
28f70cb7039e16b617ca93cfeaea73cc,5,satisfied,satisfied,0.0041779154,0.008422448,0.9873997
144b8b29e4302ca2b58e467557a75e6b,5,satisfied,satisfied,0.019112317,0.07578093,0.9051067
7a12daed03aa9e36eea693d97e5b7550,1,not satisfied,not satisfied,0.91342145,0.08289704,0.0036814623
151004ff662f10ee42fe917bde3fbf5a,5,satisfied,satisfied,0.007861446,0.0143707,0.9777679
eb72eb2bc54c372b448b7be486eee51b,5,satisfied,satisfied,0.107806735,0.46341217,0.42878115
54c0fa081f328aaabfa0263d2569f491,2,not satisfied,not satisfied,0.937438,0.05872536,0.003836658
53b9947a1c8aeb323dd475d97e243af9,5,satisfied,satisfied,0.0050155492,0.00862164,0.98636276
d9e49fffcb7f67aa916cab8807e95bee,5,satisfied,satisfied,0.00680158,0.02346384,0.9697346
a033320fccdad43a8c84c17d78fc840d,5,satisfied,satisfied,0.004989334,0.010581496,0.9844291
ff338e272b9c73e131f2ce209f66b243,5,satisfied,satisfied,0.0043095965,0.009536087,0.98615426
d5f5cb51e70923556af3c7f3fea1e395,5,satisfied,satisfied,0.0043554455,0.011037664,0.98460686
59bec776648d8d5857fb5e16080858ef,5,satisfied,satisfied,0.004133036,0.007791171,0.98807573
9987c8f4f2b359dd529e67d74cba6493,1,not satisfied,not satisfied,0.95685226,0.037888866,0.0052588717
f16bb5be208b0db5f7284934d6cfdc9b,5,satisfied,satisfied,0.004096885,0.009543311,0.9863598
4b8de771969ded1d4fc714267dcd143a,5,satisfied,satisfied,0.0044836705,0.00808055,0.9874358
31b41ec5131305c6fbb10d678cd12db8,5,satisfied,satisfied,0.0039184913,0.0072078095,0.9888737
e609963397d576cee119dee0f35019ac,5,satisfied,satisfied,0.0085543115,0.019534016,0.9719117
bd906d07ee89bfc54ec9fb10dab859dd,5,satisfied,satisfied,0.006685082,0.010337749,0.98297715
f3448547e0d095b5d85ceccb79018efd,5,satisfied,satisfied,0.0053580385,0.011971653,0.98267025
324f2deb891a34a985ca07a2bd3038b3,2,not satisfied,not satisfied,0.484836,0.50246215,0.012701748
be0636dfc646ddc10dd08937e118224d,5,satisfied,satisfied,0.0052674944,0.008699223,0.98603326
310974d3b5a302dda59ea532a353982c,5,satisfied,satisfied,0.006650105,0.014272805,0.97907704
dfb0b6403e06d35b53d54223a517675d,5,satisfied,satisfied,0.0050137793,0.0086211255,0.9863651
54ca283f03a12db5a38b3f3b5d6f2dfc,5,satisfied,satisfied,0.003601061,0.0064606676,0.98993826
b0c80e0ff1b426cd558268e4ae6e065d,5,satisfied,satisfied,0.010606098,0.017298805,0.9720951
ef628b2cd92029dd14a7c65b9bb23ba2,5,satisfied,satisfied,0.012992694,0.067513935,0.9194934
d6e14d92b8a62ad1bc29a65618dbb556,5,satisfied,satisfied,0.0044803405,0.0088508995,0.9866687
5d5dc8826548e2ff3b3a8ebd66089082,1,not satisfied,not satisfied,0.9167147,0.07908544,0.0041999365
6b4ddce7b1e374112ed3511bce1bae51,5,satisfied,satisfied,0.0052687083,0.018025033,0.97670627
de3e2555e6b4c880eb676f6344f1b7ea,5,satisfied,satisfied,0.0050008674,0.012905675,0.98209345
b6cd11bb89ae151bbf76a1fda4a5c41b,5,satisfied,satisfied,0.006332129,0.013238871,0.98042893
d3d96a9350e55a10f419303a1b58d051,5,satisfied,satisfied,0.0041509597,0.008800526,0.98704857
fea87c8157141251f2329e91e71f9685,5,satisfied,satisfied,0.007860901,0.024291644,0.96784747
bbae1c6f648aea31c63200584cc2fecf,1,not satisfied,not satisfied,0.9570764,0.03905417,0.0038694502
e1a87683c0c4140989c73e8e6180323c,5,satisfied,satisfied,0.0036414396,0.007512662,0.9888459
e017c93b8f9e9f9eb00090d4caed57fc,4,satisfied,satisfied,0.00813259,0.05249596,0.93937147
9bc8bdf8395a8b0ee025cd4c7dcc815d,5,satisfied,satisfied,0.06545486,0.35465002,0.5798951
3eb948264498891f90d16f1fd973592f,4,satisfied,neutral,0.20006639,0.7383101,0.061623465
52c4e6b7ad177ce05d0eabc6b82b8989,5,satisfied,satisfied,0.12654194,0.35472956,0.51872855
ee629ed33503d1a3880c99c27c881a02,5,satisfied,satisfied,0.09542012,0.60481864,0.2997612
506864213180735ed517d22e6d9761c3,4,satisfied,satisfied,0.041340172,0.4216618,0.5369981
59093a3c4cb1aac5fc2d9e6c242ed861,5,satisfied,satisfied,0.0041710087,0.009718889,0.9861101
87ae1628d12a2261a6a8bd91abaf4ffb,5,satisfied,satisfied,0.0046279896,0.010199767,0.9851723
2cce0de7f4a3324385a5d5e65a2ce6f3,4,satisfied,satisfied,0.04916614,0.3712262,0.5796077
7f62e0e29d4e6be1f7019d42cfe87ec1,5,satisfied,satisfied,0.0055299,0.011724989,0.9827451
de3378f9a6d726709fbd5a6762754220,5,satisfied,satisfied,0.0072569014,0.027180895,0.96556216
b6d9c259589b7a7f1b5a2eb63097a282,5,satisfied,satisfied,0.00894632,0.038202308,0.95285136
b2ac96de2073b61452b5bc47ff7086c6,5,satisfied,satisfied,0.028719554,0.33202395,0.6392564
e391a6e13ba2a5d26e5f98b6135c529f,5,satisfied,satisfied,0.0050977594,0.014783155,0.9801191
2b4718f13467cd3bc395d04cde001401,5,satisfied,satisfied,0.008077578,0.022134041,0.9697883
1f3e48c97df6be29b371dae47a33f1ee,2,not satisfied,neutral,0.42373386,0.5517755,0.02449068
91dac63ceb0486ee258175ac1f1e2b14,2,not satisfied,not satisfied,0.7748663,0.21905188,0.006081856
ad100e244ea851bd377ff1eae8145d96,3,neutral,neutral,0.31335977,0.6355551,0.05108515
80f90160a0690966c5b174969bad318f,5,satisfied,satisfied,0.004773253,0.009566118,0.9856607
073970381ac07f779aa876361dee0cb3,1,not satisfied,not satisfied,0.9414149,0.05499903,0.0035861975
04f9f60084790529400d5853b7b3b4f4,5,satisfied,satisfied,0.0061304024,0.013610624,0.98025894
86a16f35ef8469e519699281bcb3dcd0,5,satisfied,neutral,0.1538105,0.72931045,0.11687911
e56b702c22247d2e6f9c7d82c59f0201,2,not satisfied,not satisfied,0.91023695,0.08534269,0.0044203587
b823a1fb1a3c84b7ec78d7628bc4c028,5,satisfied,satisfied,0.005147241,0.007856795,0.98699594
2533b3823d8af7ec71d3bad7b4152906,4,satisfied,satisfied,0.021175124,0.25252268,0.7263022
e2040747279bd94a265d8c0ca02d0a06,5,satisfied,satisfied,0.006985198,0.021412816,0.971602
0625fe14d09fb07c946d545fc05a649e,5,satisfied,satisfied,0.0041525946,0.008008344,0.9878391
5c3f64eb839b530aa0c18fafafa6e844,4,satisfied,neutral,0.21150427,0.6639841,0.1245116
dc28cc03f3705520a3882a1cbb0679cd,5,satisfied,satisfied,0.010588271,0.016886985,0.9725248
1030ec83f5a13cdc9c34993b5e364d2f,5,satisfied,satisfied,0.006560885,0.015780676,0.9776585
2679822c0e1cf951c07ead24be458942,1,not satisfied,not satisfied,0.9443584,0.05057174,0.0050698533
74428746a14700c0aaa1ee028a642b1f,5,satisfied,satisfied,0.0039794464,0.01007787,0.98594266
e3171f699706631398e80e9664496a68,5,satisfied,satisfied,0.005361222,0.007914245,0.98672456
bbe25adfa9ec5147a8828397a17a7b4d,5,satisfied,satisfied,0.0037173193,0.0059130364,0.9903696
b82bb6172f1c4fc27bb2cd0439f72376,1,not satisfied,not satisfied,0.88845265,0.10736023,0.00418715
4be894101532ea10139d148cb9c94edc,3,neutral,neutral,0.15661961,0.76431155,0.07906887
37ed905e41b60d1e4cfb9cc564ddb135,1,not satisfied,neutral,0.2662021,0.61446154,0.119336374
13a27ea915e630f1c64e9d297fcaae2a,5,satisfied,satisfied,0.008318953,0.015168264,0.9765128
1504bd4817f2d5a52d594a30200fa65c,3,neutral,neutral,0.22727628,0.72935796,0.043365706
796dcaba511649adc769201a4cc65078,5,satisfied,satisfied,0.015706584,0.07573151,0.90856194
9bff3ed5ea7092e426c7ca0243d89dc9,5,satisfied,satisfied,0.00497014,0.014039012,0.9809909
a2cbaa7c5c11cbd79fd2b75522c06c2e,5,satisfied,satisfied,0.0050397026,0.011914395,0.98304594
c37ca4c2b520acbbad797de309216702,5,satisfied,satisfied,0.008600252,0.029812362,0.9615874
c658edd42f2c980b57db85b6d1b87af1,5,satisfied,satisfied,0.009984328,0.030660378,0.95935524
5e6d47e5cff1e902769f84bbfd2d8e3d,5,satisfied,satisfied,0.0057465388,0.010457977,0.9837955
8128c36e1e19618b74299702fccdbf79,5,satisfied,satisfied,0.08401037,0.6841066,0.23188303
7f9510782da997e82da8fed749658c47,5,satisfied,satisfied,0.0049407724,0.013006952,0.98205227
b4934e7102774cbcec145c58499467ff,2,not satisfied,neutral,0.11976564,0.75461,0.1256244
07fd3aa8e7a5b3aba7885a0d43f43129,5,satisfied,satisfied,0.003950039,0.007666722,0.98838323
997adf9f3a7d613cf8a507ce13d8f8fc,5,satisfied,satisfied,0.0046289465,0.009648353,0.9857227
07882fb238d4476c9a69a183bb0b6170,5,satisfied,satisfied,0.007416227,0.01773911,0.9748447
e1890b1595f5b6a141aa73ff6d40a1b9,5,satisfied,satisfied,0.007721803,0.034461495,0.9578168
6ba4da446af5adfc9df75628016c1cef,5,satisfied,satisfied,0.014323129,0.04390772,0.9417691
d98763c031b92ce43f5304f3e8d5690a,5,satisfied,satisfied,0.0053626243,0.0075906455,0.9870467
0f7608792c0476a88ac4ed0c47edcea0,5,satisfied,satisfied,0.004716587,0.013593502,0.98168993
abe343907a02858c0b17d021deb5d457,5,satisfied,satisfied,0.010960802,0.03088328,0.95815593
e7348f9c30e390456054491e0a75048c,5,satisfied,satisfied,0.008462919,0.021966148,0.9695709
511c3e4c1e6c43405d0720c3388b76a5,5,satisfied,satisfied,0.004479966,0.009957916,0.9855621
16511ad7b8ea4ad9a5824885789ed800,5,satisfied,satisfied,0.008447626,0.023961065,0.9675913
7f65a6b206ae5b349f105af547aad327,4,satisfied,not satisfied,0.73024917,0.26215902,0.0075918185
ccca128b71358fef2d99ac8bf04da9da,5,satisfied,satisfied,0.0042573907,0.008980327,0.9867622
7eae0ad92e156cfeb6f3e319c73b6528,4,satisfied,satisfied,0.02866355,0.26459607,0.7067404
cac671838a26676e36e7b392fd9c35f7,5,satisfied,satisfied,0.009915234,0.035676323,0.95440847
9baa20b35cab5a41ef39f3d59405b902,5,satisfied,satisfied,0.005051686,0.010664761,0.98428357
6afd20df7d1d0bd7cd2b48ca4dd2264c,1,not satisfied,not satisfied,0.8259448,0.1665493,0.0075059533
964d3facbdbeea3176e591d1e8fc8279,4,satisfied,satisfied,0.007267568,0.017285453,0.975447
277a95ff35ef575b525366f7aca1dd22,5,satisfied,satisfied,0.012039055,0.023518402,0.9644425
d9dd78acd4ad089082ddc8f045c6b252,5,satisfied,satisfied,0.0060039666,0.012009337,0.98198676
095dd1c8abaa59c2ad10b696aef90858,5,satisfied,satisfied,0.006062443,0.017388174,0.9765494
bd7751d8d704ffb949f055b246c350f8,2,not satisfied,not satisfied,0.67593294,0.31091517,0.013151977
4255f0f5eefeb6ceb09589522a1abfe3,5,satisfied,satisfied,0.0045393896,0.010064235,0.9853963
12ed91c1d779de758379381c1d23cb21,2,not satisfied,not satisfied,0.8671369,0.12803267,0.00483041
1c8ebc5403d0e38833ad14664804f9d9,5,satisfied,satisfied,0.008370097,0.030934013,0.96069586
a1f38a82328bfcdf7f4bca44e4fa075d,2,not satisfied,satisfied,0.07288859,0.6819805,0.24513094
b256b1e6ed755758b1264db333c63d90,5,satisfied,satisfied,0.0035542648,0.0071786586,0.9892671
4430ebdb48c2f74ed37b9543718b032a,4,satisfied,neutral,0.08685411,0.751705,0.16144092
ba7e4a49be5a179990b64f0634aca202,1,not satisfied,not satisfied,0.95902646,0.035490874,0.0054826587
85cfb8866d0aceda8a3ef0870d4bdec0,5,satisfied,satisfied,0.0038638941,0.0072499304,0.98888624
2e7a9927f345341da9c0eef47c83e7aa,4,satisfied,satisfied,0.019839657,0.21110322,0.76905715
c428a162f2c9004bcead407bdef8048a,5,satisfied,satisfied,0.0043492876,0.014573335,0.9810774
1f87639c30e210de03673cad2c34409a,5,satisfied,satisfied,0.006666249,0.013231325,0.98010236
f593a12a1f8ba42dd67eefa436b55468,5,satisfied,satisfied,0.0049298564,0.010691797,0.9843783
77198e74e0df3d662206432911654c72,4,satisfied,satisfied,0.012022109,0.048368458,0.93960947
ea113fbff30be8f59ae6a355d314f2b3,4,satisfied,satisfied,0.02439132,0.23288827,0.7427204
e4f44cf45fff7b11c77952c5fcbd9e50,4,satisfied,satisfied,0.01510842,0.099673,0.88521856
3e70c2f7c114d123526005735911f17b,5,satisfied,satisfied,0.0046466854,0.011839961,0.9835134
679eb9f7e1645282b82092ab29be6834,1,not satisfied,neutral,0.15683687,0.78781843,0.055344746
af66d972c5952db81c8ea4a541fed2e9,2,not satisfied,neutral,0.26131552,0.70148015,0.03720436
e0138ac02ce37d44377de85b6b326474,3,neutral,neutral,0.0835968,0.86215377,0.054249447
3561cc5190878661550e4b5b19d98591,5,satisfied,satisfied,0.005056756,0.01293578,0.98200744
21e58e8f52b0fdb8e3bc9074f4127721,3,neutral,satisfied,0.038005285,0.42970103,0.5322937
f561ad4dad7e106204408e999294eeab,5,satisfied,satisfied,0.0085579045,0.040983073,0.95045906
c77201100ef897e573a6e37a39c9244c,5,satisfied,satisfied,0.0056722434,0.014426605,0.9799011
8aa1f61132249cc2dcdb15d78af2a850,5,satisfied,satisfied,0.008205199,0.02166008,0.9701347
139f74cb9d6247678e8bdfef766e0314,4,satisfied,satisfied,0.09556333,0.68939626,0.21504046
786f82e329df51360d208be5904a5f74,5,satisfied,satisfied,0.0055180746,0.01132649,0.9831555
6551cdad1488c36fefb2e3ebfcf2c0f0,5,satisfied,satisfied,0.006389851,0.029005464,0.9646046
6080a0668a244ad330595c9a8c0d015e,4,satisfied,neutral,0.094231896,0.7969256,0.10884246
69368feebd353e73d9c6752e3824cd22,5,satisfied,satisfied,0.0063587106,0.021198625,0.9724426
2c62307b2ecd58e7f192dc889ddb5c1e,5,satisfied,satisfied,0.004053683,0.006123588,0.98982275
2756fec92d535c281c26c9f64b3abfff,5,satisfied,satisfied,0.006032375,0.011763773,0.98220384
856f731ffa6b5acc4283e8202c5b8d9d,1,not satisfied,neutral,0.40961173,0.54329324,0.04709507
2e31602431be0b927800e98fe439faa6,5,satisfied,satisfied,0.0042348383,0.011245626,0.9845196
8d8286f78071c870289b344ea53c8015,5,satisfied,satisfied,0.14571048,0.5900105,0.26427895
27b040cb53104b009d3dbc60afc57437,4,satisfied,neutral,0.057106756,0.7560899,0.18680328
d4794ab99336292edaec270093b5b202,5,satisfied,satisfied,0.0048024436,0.010594798,0.9846028
edb7580bff3d8d97715609477ebe9018,5,satisfied,satisfied,0.009187659,0.018520603,0.9722917
6bcad387a8938e5ed28147a780f46aa1,5,satisfied,satisfied,0.0056077,0.017210096,0.9771822
625ca907528745aac0002a85437c0714,4,satisfied,satisfied,0.005749594,0.022793883,0.9714565
8b3504e1a413b084b3fa4b6d9102ddb0,5,satisfied,satisfied,0.0049640457,0.009268122,0.9857678
13fdeb12455a46b8b64f931e68ad4fc1,5,satisfied,satisfied,0.00681876,0.014221319,0.97896
602f532d3b0ceb5d2bec4aa053a9fe93,5,satisfied,satisfied,0.016087485,0.079347245,0.9045653
5caac10d6caaa4f04214abe560b82843,5,satisfied,satisfied,0.0059783654,0.021370826,0.97265077
aedfd89531748da27362939c3ea60d1c,5,satisfied,satisfied,0.0061567323,0.015054594,0.9787886
ad3f8d75cddb86f3b9b5e24b4759c098,5,satisfied,satisfied,0.040088054,0.18440992,0.775502
6b01ddbd1801680d6be59ad021729f5b,5,satisfied,satisfied,0.0050809784,0.010146106,0.9847729
bd772dbd943bb4ff2d34e39890849a6a,5,satisfied,satisfied,0.0125908,0.042875275,0.94453394
30d15730bfcc2cba54f0cdf27701a134,5,satisfied,satisfied,0.005009048,0.009899557,0.9850914
d1fa2729922c128bc004039667af5b18,4,satisfied,satisfied,0.0057921256,0.012671837,0.981536
4a7f5c9aef560a281c1227cfb4019a96,5,satisfied,satisfied,0.0047405036,0.010588327,0.98467124
e5c920af98d15c545fa215299177db4b,5,satisfied,satisfied,0.0059368694,0.0149102295,0.979153
fb54bb5d898cb2dfca4ba33e617083f6,2,not satisfied,satisfied,0.12486402,0.6687983,0.2063377
3613bb3011cdd9a9c24b5c4a78271b04,5,satisfied,satisfied,0.006111739,0.020689063,0.9731992
fdd7d84d658949e18332c06665b217b2,3,neutral,not satisfied,0.7464106,0.24536,0.008229406
66ffbbfdb93bc8b050e08a4a7f6979e4,5,satisfied,satisfied,0.005365175,0.014552645,0.9800822
a42570dbfadc90bb904d9bdbe6a89ed6,3,neutral,satisfied,0.01395466,0.12738885,0.8586565
5d4507457d6bf3d17dc71a7410de16f0,5,satisfied,satisfied,0.009944211,0.031830546,0.9582252
5cfc4bb891d1894896636360deb1004a,2,not satisfied,satisfied,0.11582631,0.5933701,0.29080364
bd3ba0a16a58874e1a3d8d3e0bffdce5,5,satisfied,satisfied,0.0071027223,0.022128532,0.97076875
c170c628667a240782d2c9a10644d748,5,satisfied,satisfied,0.0053769774,0.01364394,0.9809791
18446bdb5fccb390ff499b6998648101,5,satisfied,satisfied,0.0035504207,0.007895601,0.98855394
2d61ffc9a6c853c49379b88f13af37e0,4,satisfied,satisfied,0.05844081,0.6432969,0.29826227
413587b31fe69936d51f8eb1872b4f3b,4,satisfied,neutral,0.07152943,0.81545335,0.11301717
efeaf8f899d9f4330022679244d77c8f,4,satisfied,satisfied,0.004682326,0.011375492,0.9839422
a3d5979c49b2b622160946bf09c57e9b,3,neutral,neutral,0.14501701,0.6932766,0.16170636
6871df0c969f02488c9f49811dae21bc,5,satisfied,satisfied,0.004754937,0.013560464,0.9816846
83ebb4890d5be17f6e4c337c1a04d0e9,5,satisfied,satisfied,0.12431829,0.40107405,0.47460768
35bb4a43cd93525688f91aa983eea4a6,3,neutral,neutral,0.09395944,0.80093855,0.10510204
1d62490424c321fa29c40f251d85db73,5,satisfied,satisfied,0.0075958255,0.033530444,0.95887375
3ab58a21f3ada9a2a21bed19450473fc,5,satisfied,satisfied,0.0056028967,0.015959872,0.97843724
617d1aab4bbd71a985e0836c80720c35,4,satisfied,satisfied,0.051680982,0.5961808,0.35213825
3da67a5a76b470f48a7ad395188f22c8,5,satisfied,satisfied,0.004949615,0.0091780415,0.9858723
1fac6819a4604c823a9a2ae53f7556a6,5,satisfied,satisfied,0.0077063944,0.025571654,0.96672195
0f2359f8cf42c371c083684535039998,1,not satisfied,not satisfied,0.948756,0.047692887,0.0035510857
ff152e21730084d46f09dc10a3c0e87b,3,neutral,neutral,0.20966984,0.7252737,0.065056406
c3250c33e14eb8cdc5c07615e5d30ed6,4,satisfied,neutral,0.10256924,0.7764952,0.12093554
921b1c91a6927a7b4a677e0b7ecc7bc1,5,satisfied,satisfied,0.0056884624,0.014600586,0.9797109
714ecab07b8b7272c1b1934a59b74da4,5,satisfied,satisfied,0.0041554216,0.007355619,0.988489
31d741b80b8130520058d7f19b4f54e0,5,satisfied,satisfied,0.0046355994,0.009960248,0.9854042
bbe41338f072032e5e90d5bb47719902,5,satisfied,satisfied,0.0069244024,0.018394416,0.97468114
a59b91a3b8f8487bf9b20565a6a8afe7,5,satisfied,satisfied,0.004937693,0.012534005,0.9825283
38a6af177ed0182b31310a65ae71d7ff,5,satisfied,neutral,0.229722,0.7116221,0.058655854
81081920234bcba7352ef62c899cc63f,5,satisfied,satisfied,0.011698826,0.052519593,0.9357816
491ace43cba40ac09a65b25e3d436cfc,1,not satisfied,not satisfied,0.7763458,0.21436945,0.009284724
9274910ecb03b1d7f6dcd496f3852b51,5,satisfied,satisfied,0.00436104,0.008325965,0.987313
6cf3e8932d0f1b09d10f4fc926c23f4b,5,satisfied,satisfied,0.0050004693,0.007753891,0.98724556
689557ed6f67f528c9ba9ee9752b76da,5,satisfied,satisfied,0.0069695027,0.01883211,0.9741984
0c0b99b08030ceb907c407c1c5020fef,4,satisfied,satisfied,0.0076547354,0.020672448,0.97167283
9d7d6e68d60d18309daadb0c6bb4a758,5,satisfied,satisfied,0.011241877,0.017353326,0.9714048
a1be821c90c8a1f589593549d89fc81a,4,satisfied,satisfied,0.006845483,0.010991892,0.98216265
cc32f12378417b3f5459ac549c91c288,2,not satisfied,not satisfied,0.9176923,0.07869509,0.003612634
919eb8ab2c04ae9c9c950b2c27aeffe4,3,neutral,neutral,0.06410416,0.7473143,0.18858151
4f1f5e2611932c16d9fd49a9f2651fae,3,neutral,neutral,0.374898,0.6035406,0.02156135
95cf611c2f805fdf8d4273671ee33348,5,satisfied,satisfied,0.005519301,0.018980743,0.9754999
ea354a998a4554ba0fc12691bd715b77,5,satisfied,satisfied,0.0054291114,0.008215351,0.9863556
690e439c709c1bb658cc48bf08b37109,5,satisfied,neutral,0.15320627,0.74053967,0.10625414
e7d467f9b4d977d75f3572dec7a74357,1,not satisfied,not satisfied,0.8936335,0.101388864,0.0049776486
70e6be484fc22ad4301eadbc944d2689,4,satisfied,satisfied,0.02332236,0.12934545,0.8473322
781fb1a249ab5610a593a3837663762c,5,satisfied,satisfied,0.007132377,0.012643555,0.98022413
888d5857361bcb3fedf0d416b38b8931,5,satisfied,satisfied,0.0065174378,0.019218879,0.97426367
c2abd681a16b7e66a6c64fd3a485ba68,5,satisfied,satisfied,0.005950566,0.016295832,0.97775364
ab60940c460a2c7ff250027ea270b950,4,satisfied,satisfied,0.0044483743,0.008202579,0.98734903
bcadfcb1c82c8d478e1dba8020d9afa4,2,not satisfied,neutral,0.20243292,0.7620095,0.03555757
8cb451272481407814b47a429e2ddf47,5,satisfied,satisfied,0.004788073,0.015296691,0.9799153
093c07ecd5fad3ebdf1e1067413621d4,5,satisfied,satisfied,0.012492407,0.028268162,0.9592394
80da6b852b362afd59da81ac91828bae,5,satisfied,satisfied,0.004044437,0.006234152,0.98972136
de4c2bb6ce60ceb4dcaaddee8f97751e,5,satisfied,satisfied,0.0045054937,0.009400295,0.98609424
a0746c6aa0780d7150413f5dd864dd22,4,satisfied,satisfied,0.0054882574,0.02242467,0.9720871
2c0bef59b604e75dff3cd1a3cc2c33a5,5,satisfied,neutral,0.2352705,0.683537,0.08119246
720a2d5e6c70ee274c0a0d376d29385c,5,satisfied,satisfied,0.0138978865,0.10504179,0.8810603
34b5d1b7bd2462580c99c0f0aacd930a,5,satisfied,satisfied,0.006320084,0.014598807,0.9790811
f6766311c07cbf4b3eaa2e458f591baf,1,not satisfied,not satisfied,0.8486669,0.14550668,0.005826414
f2b2cc62dcd9772a62cba4a4f976c991,5,satisfied,satisfied,0.007474788,0.024391571,0.9681336
889dac4b08c2ad0f777ed225915dbc37,3,neutral,neutral,0.18838504,0.78166944,0.029945487
7484e9bd0e991e3f76a9a7daf81c5948,4,satisfied,satisfied,0.0071011563,0.020145237,0.97275364
81d8a7cee6459be18541d0f4ffd6e5fa,5,satisfied,satisfied,0.004589232,0.011584352,0.98382646
bb0f5c2bc291672ec514b0c3139ae1cf,5,satisfied,satisfied,0.0072849416,0.0103581585,0.9823569
d499c465f7f5d99e637c21d631d2f6d2,5,satisfied,satisfied,0.004148347,0.007621665,0.98823
8c3900cc8b79bcc8f79461679a249b3b,4,satisfied,neutral,0.09722897,0.8453226,0.05744842
d541b40c583f45b357fe8013d4e1c281,5,satisfied,satisfied,0.006746302,0.02204744,0.9712063
a47b066ca6468000fc6ec8100c5abe71,4,satisfied,satisfied,0.004910609,0.009051179,0.98603827
9bd916f6e9751726935402c5da141d0f,3,neutral,neutral,0.13748886,0.82102346,0.041487616
fa7b9b492380f99471d44eb3bb67b3e6,5,satisfied,satisfied,0.004097403,0.007415074,0.98848754
8e7538e42044290ee344d5b200508b5c,5,satisfied,satisfied,0.04885891,0.5620133,0.38912767
ce54845ecb6ba42955f62a4cdf7566ee,5,satisfied,satisfied,0.00674618,0.02545371,0.96780014
ae6b0a22df7fa68912e1d60c58d258ed,5,satisfied,satisfied,0.012672175,0.06824463,0.9190832
c1dd1755367df4fdfd16f760d2545cf7,3,neutral,neutral,0.067396484,0.83407176,0.09853171
d5c1092f8b1c7655f805f8ef42ea6f6d,4,satisfied,satisfied,0.027060295,0.3501692,0.6227705
24019486e3465606f3187267074627e0,2,not satisfied,neutral,0.37414145,0.60858464,0.01727391
43a1de5c3d9f70c1d5065c5f319b8a3d,5,satisfied,satisfied,0.008470223,0.04473092,0.9467989
317b2387042046047cffc052d462fa4d,5,satisfied,neutral,0.11203961,0.69777423,0.1901862
66fd20e6f3800e9b34ac05b9e6e6fa45,5,satisfied,satisfied,0.0058224825,0.012696373,0.9814811
45f38f593cc4dce6ac6a018cc7176401,5,satisfied,satisfied,0.009989978,0.04134038,0.9486697
ba41b84f8594883d1fe42051545bb440,2,not satisfied,neutral,0.24717739,0.70217353,0.050649077
9e859f6a515d3ef625681de2ae83f448,1,not satisfied,not satisfied,0.8972404,0.09701856,0.0057410155
c7607ed3b37775e0b17339b3110fca88,5,satisfied,satisfied,0.0038873467,0.008650065,0.9874626
fe785945514815d5f97a2c45934c71d7,2,not satisfied,not satisfied,0.9380158,0.058155846,0.0038282536
419df7d443e7a4e7a9b9543c5f2a979b,4,satisfied,satisfied,0.0066810083,0.024573814,0.96874523
a243d6c113df1f793cb48f8c4dfad7c0,4,satisfied,satisfied,0.06569804,0.69615215,0.23814987
e10c808e5f5e24e7a919d9667d7f3598,5,satisfied,satisfied,0.0050229514,0.00914103,0.985836
b140e76d49906fe14623c4c366d0833f,5,satisfied,satisfied,0.00680716,0.021940447,0.9712524
429b66094ec1a88470ed41373a3beefb,5,satisfied,satisfied,0.0046854354,0.010217465,0.9850971
a73e9a0f5b385e2c120cfc24efa496c9,5,satisfied,satisfied,0.005803499,0.01628894,0.97790754
15ec3efe32577107ed7c077ac712de50,5,satisfied,satisfied,0.004017566,0.007497614,0.9884848
22b747fe4eb20a7fd623359b849a2b35,4,satisfied,satisfied,0.026108926,0.24077247,0.73311865
74ee46bf5da4f6120fe9f7c63168fb84,4,satisfied,satisfied,0.04765857,0.5305929,0.42174855
a8ef35b7f5e634db8616b6638d01ce9e,5,satisfied,satisfied,0.005452524,0.013901389,0.980646
fd94849668caa685ef97c7cbc7f5c2ba,2,not satisfied,neutral,0.2789064,0.6789352,0.042158376
6c5b83ba2a82fbe41c28e6b712c26cc5,3,neutral,neutral,0.0881142,0.71452564,0.19736025
fad66972b5eeec75dd323d4cae15a72e,5,satisfied,satisfied,0.014472987,0.044390164,0.9411369
31d16b2d1b6470a726309e885038f4e1,5,satisfied,satisfied,0.006012055,0.014174521,0.97981346
57c391c7ccfe416c3f90be953d2cd0e7,5,satisfied,satisfied,0.0044813715,0.008956988,0.9865616
dc6c7127ce6fef1de478882ac09b2d19,5,satisfied,satisfied,0.004561191,0.010601481,0.98483735
7f25a41f91aa664f6c8c6c17470dad9a,5,satisfied,satisfied,0.0060419138,0.011487526,0.9824706
9193bd36fe0d0c2abb65200f271d4661,4,satisfied,satisfied,0.23603617,0.5537602,0.21020366
1b2d89a6642e827ec71bfaab8a180b02,2,not satisfied,not satisfied,0.68636054,0.29850644,0.015133017
bf3168feddc0186ed8d003389f6bcfea,4,satisfied,satisfied,0.012886193,0.08154055,0.9055733
0c2a0ddc0c8ebf761d0de11243b4abbb,5,satisfied,satisfied,0.0058547785,0.010588114,0.9835571
7d5921c96e2b25dec51d5cdd3903411a,5,satisfied,satisfied,0.0058622397,0.009481226,0.9846565
d9a2c40ded8a22d37859970d07619488,4,satisfied,satisfied,0.0071610105,0.029447032,0.9633919
b270aeecea857e44ce2b298f65ed9c7b,5,satisfied,satisfied,0.0036254362,0.0069140457,0.9894605
9e2ce2588b6ee54d7696641c38efe236,1,not satisfied,neutral,0.16359487,0.6598314,0.17657377
285d604214702799d3154882f6cd692c,5,satisfied,satisfied,0.0048945686,0.010649828,0.9844556
b0483ebe43caea87afdf50504dcad2fc,1,not satisfied,not satisfied,0.9608203,0.034429085,0.0047505777
bfc49874b0245b5e031d7d42dd01eb04,5,satisfied,satisfied,0.0060255667,0.009987955,0.9839865
11ee2a2ae533ddc2bea479ed07c0e42d,5,satisfied,satisfied,0.0055111274,0.018480405,0.9760084
44d178eb8e1f95117ad4d0971c9fdd54,5,satisfied,satisfied,0.019133478,0.19203117,0.7888354
78d8d5b3d8a85dea90b22abb02815cbc,3,neutral,satisfied,0.056541186,0.5270658,0.41639298
6c8176f4ecbc4c78a5e29f462f256087,4,satisfied,satisfied,0.010068586,0.018603904,0.97132754
fa0ce9585aa8c9a3424917217d6fade2,4,satisfied,neutral,0.32093072,0.64402014,0.03504921
9413592c7717aabfc06264fb8bf6f508,5,satisfied,satisfied,0.011605051,0.026190424,0.9622046
6493476116d134748138c5cb7e43d511,1,not satisfied,not satisfied,0.87318444,0.12180851,0.0050070626
3dec0bfc7b950b558945ad64175a1159,2,not satisfied,satisfied,0.09583225,0.6602555,0.24391223
a147351b200b1641dc2814bb3ce6af83,5,satisfied,satisfied,0.005900587,0.012351188,0.9817483
5a4822afa7cc21909eb73ddf5a9c1a9a,4,satisfied,satisfied,0.0056675114,0.018645426,0.975687
1e787874ebf1e7133ae4ef995ba54e2f,5,satisfied,satisfied,0.007010508,0.016808974,0.9761805
fb41e4bc46bd67d5b42427e4d6797473,4,satisfied,satisfied,0.079982676,0.6642189,0.2557984
b929f4e056060821b89cce84c3bf78f0,5,satisfied,satisfied,0.005277716,0.010687789,0.98403454
798bf982a3e01c217b9f722d0de09722,5,satisfied,satisfied,0.0035211167,0.006836961,0.98964196
6b2fe5cd6fe0a80bdf7793ba28cf4299,3,neutral,satisfied,0.10725578,0.5284642,0.36428005
7691ba712a454f5dd321502016dfbbc8,5,satisfied,satisfied,0.0046797753,0.0089615015,0.9863587
9997034072c2ef3ea1a816425c31b01f,5,satisfied,satisfied,0.0041425326,0.008539466,0.987318
59017d4c6a5cb1f38292d8b9690d22e8,5,satisfied,satisfied,0.057780065,0.1933067,0.7489132
ec48de61414481c6071d15a8d9600d89,4,satisfied,satisfied,0.0597395,0.71262807,0.22763242
6cd075bb8211b508ba3d81459db1ae0e,5,satisfied,satisfied,0.006073094,0.013000169,0.98092675
38a61306c9fca8e1ea537877acf95fa6,5,satisfied,satisfied,0.028537722,0.07317203,0.8982902
0fb9b58753a27121626e310766a4e045,5,satisfied,satisfied,0.0048508514,0.012520918,0.9826282
f14d02e751394251db99a150db5fde82,5,satisfied,satisfied,0.0040741907,0.00747241,0.98845345
72dc336536b815e33b749a404452e412,4,satisfied,satisfied,0.012508482,0.08365683,0.9038347
aa06b285b0d73e652c1ed3e073094fa9,2,not satisfied,not satisfied,0.44735318,0.53242403,0.020222826
8db1630ee575eaa39fb26b8c1fdb4a9f,2,not satisfied,neutral,0.3736733,0.60765886,0.018667866
86b0e9e56f89edce8104bac88530b724,5,satisfied,satisfied,0.004183857,0.009748487,0.9860677
636ec089ca95049a0e0d0214cedc7637,5,satisfied,satisfied,0.048065647,0.3038334,0.648101
1056c473a5688113bafd5948a2798c8e,5,satisfied,satisfied,0.003590429,0.010948315,0.9854613
f541a483b24b83609c3e95e10451a562,2,not satisfied,neutral,0.27803257,0.6258782,0.09608919
5e6b68f1023a2272efb7a89f9298e578,5,satisfied,satisfied,0.008226732,0.010568724,0.9812045
0857c5d7221df91122976469e360f07c,5,satisfied,satisfied,0.004434767,0.008694325,0.9868709
1f877e62b1fc2c21ca6e1fdbb446f334,2,not satisfied,not satisfied,0.77017605,0.22351195,0.0063120285
d0ba0cb166f1c9447e21d1d28220fa2a,1,not satisfied,not satisfied,0.81365246,0.18121283,0.0051346743
ddf50436b2ade2dd57d81a10f5af66b4,5,satisfied,satisfied,0.057711482,0.2805058,0.6617827
34de221a1e9976e4256d3491cf2b462c,5,satisfied,satisfied,0.00570922,0.014941989,0.9793488
5fdd8888eb8553611854d735382e7444,5,satisfied,satisfied,0.0039519323,0.008126025,0.987922
8f471033d212c6b88e04a16a1511707b,5,satisfied,satisfied,0.003918981,0.0077851145,0.98829585
743d45e047f9aa197469ed4c47565c34,4,satisfied,satisfied,0.012902098,0.05844179,0.9286561
de1b8d9b56adbf9ac2256fd888a2b025,5,satisfied,satisfied,0.0050318646,0.010382543,0.9845856
72a1ad2974299c7e389bc5b6fd375e4f,5,satisfied,satisfied,0.004625767,0.0086785015,0.98669577
abda2b9a1c50b0e41b78c354e0d3d16f,5,satisfied,satisfied,0.0076783374,0.028053144,0.96426857
7e7ecb034c3a3d6d4d9e4b7711fee573,5,satisfied,satisfied,0.0060893013,0.010512058,0.9833987
a148e0690073adbd01d4d1076b06d7b9,5,satisfied,satisfied,0.0053671147,0.013130793,0.9815021
c03110d821b6f322a1c3704124042f18,4,satisfied,satisfied,0.004135041,0.0072887754,0.98857623
073b83453e2255de0125efea95f6f540,5,satisfied,satisfied,0.005371884,0.018939944,0.9756882
cf3edbfc1f7a3a163bc38d1cbca1dd35,3,neutral,neutral,0.12549551,0.83939195,0.035112556
ae68f5b9997c5628c3c12f4a510211be,5,satisfied,satisfied,0.006513485,0.008887114,0.9845994
84751271a7a7c9c405d3b1dd1cd9b708,3,neutral,neutral,0.06632347,0.7470971,0.18657938
d63ed2c90dd0d133d538c362975f4d57,4,satisfied,neutral,0.27873775,0.68273443,0.038527757
0e64b9bfad8fe7ec30fa8b65fe9d2010,5,satisfied,satisfied,0.040217634,0.49018708,0.46959525
91108cb2eb37c11f7a96f8993cb50fdd,4,satisfied,satisfied,0.026926214,0.26950464,0.7035691
a0e35ce5850a807a527c59bb5aa2817f,5,satisfied,satisfied,0.005228691,0.013592796,0.98117846
4d96db5230fb431884c6298063657074,3,neutral,satisfied,0.014559779,0.03251331,0.95292693
89d596b2995d51dcbe1a27afc753894d,2,not satisfied,not satisfied,0.8227862,0.17207234,0.0051414846
9d41dca78ae59a429d0881a0368f1c6c,5,satisfied,satisfied,0.00605379,0.0114909895,0.9824552
53fd8dbd2d5c28bc8f45825b03d2fd44,1,not satisfied,not satisfied,0.66337615,0.3225084,0.014115519
3e329acb187686946ef53b0305fd4d0a,5,satisfied,satisfied,0.008487699,0.01770487,0.97380745
fc9484fa8702c518ff4e2fa2ca2a52c6,5,satisfied,satisfied,0.0057575926,0.021752078,0.9724903
dc9e5e705ffea38c04eaa25d62e5c396,3,neutral,satisfied,0.056599423,0.35343182,0.5899688
b9bbe10626f7fa916e6381cc46ba5b8c,3,neutral,neutral,0.06666197,0.79294217,0.14039594
39281c3c6f24ca91d024ce11161199c2,5,satisfied,satisfied,0.013188771,0.036793035,0.95001817
24c2672553e5d9da0a0db293e930c261,3,neutral,neutral,0.07678996,0.835422,0.087788105
d8bd28c3532c8649701456e8e4ac7981,5,satisfied,satisfied,0.0060291947,0.0189764,0.9749944
48df82a222ba15387fde86f38aedf8cb,3,neutral,neutral,0.12322109,0.8110321,0.06574683
c773855c0fc8d74bba60f77d83fd2d3d,1,not satisfied,not satisfied,0.8861137,0.10850852,0.005377776
a4888eecb1dd23dad5e3cfc1811e297a,5,satisfied,satisfied,0.0037014433,0.0073045474,0.98899406
987a8aeb3edc668503ddb65f2fe5e23d,1,not satisfied,not satisfied,0.91454566,0.0814914,0.0039629275
bc2f56b2bc0c8660314308d6e9e276a6,5,satisfied,satisfied,0.0067511466,0.01953226,0.97371656
19a1966217c3b3ce817b3b892302cb8f,4,satisfied,neutral,0.1143558,0.78673416,0.098910056
7e559349b9a679862d52f6028f956f17,5,satisfied,satisfied,0.0072393427,0.014707526,0.9780531
f65618c48fbe71efe03be7306f54e6f4,5,satisfied,satisfied,0.005502424,0.014370649,0.98012686
8bc1276fa8db89f0b7b208bfda6c4baf,5,satisfied,satisfied,0.0055308123,0.011825223,0.9826439
39dccb641e749d180c749e1312d4f682,5,satisfied,satisfied,0.0061939172,0.010821619,0.98298454
69ceddf9ef94a846d50bb4d7b68d17e4,5,satisfied,satisfied,0.008469394,0.01876341,0.9727672
b5bd7e8120b036ecba23231b929eadb3,5,satisfied,satisfied,0.0056553027,0.011861826,0.9824829
bda140677b3e95b6845bb8cabbfdf119,5,satisfied,satisfied,0.004216137,0.0107410075,0.9850428
103f189bf0bf8c3eaadb6f7296ac2e12,5,satisfied,satisfied,0.0036974188,0.0066360077,0.9896666
81c26429d463b42e278a6ba936b1fe0a,3,neutral,neutral,0.15330604,0.8049472,0.04174685
7ab6f752d34da62876ffc72a532fbc49,5,satisfied,satisfied,0.0056042825,0.022731312,0.97166437
05affbc79f98d119ccefea826802d4f0,5,satisfied,satisfied,0.004781983,0.012864335,0.9823537
c78c4351c74f9879350a494216f16adb,5,satisfied,satisfied,0.011708388,0.025190966,0.9631007
0e43c0c9e36e2f4bb8677727d3f534fb,5,satisfied,satisfied,0.015018459,0.0771834,0.90779805
3205b4a66a4d4a6487eb9d99a35baa9b,5,satisfied,satisfied,0.004976218,0.01502965,0.9799942
8458e1eacf65d21b32f74fac677ef31b,2,not satisfied,not satisfied,0.8447723,0.15013419,0.005093513
d77e8644a35df86cf0367ba63688c676,5,satisfied,satisfied,0.004171009,0.008305863,0.98752314
7c0a06b12f3261aee2373ec5629dd937,5,satisfied,satisfied,0.007363337,0.015009929,0.9776267
425e485a7edcf9d055c70debe117a622,5,satisfied,satisfied,0.0036020747,0.0074597583,0.9889382
bcccb47422ec30dbfe858e91dcd5d494,1,not satisfied,not satisfied,0.92330754,0.07264286,0.004049552
77fad06323f482a7b5de95b63dae7ba2,5,satisfied,satisfied,0.005854413,0.009820419,0.9843252
39a0aa69a3a7d201b86c8a3a6d9c1fba,3,neutral,satisfied,0.010815635,0.043318916,0.9458654
779c44668a4952b4e0a08f1507430516,5,satisfied,satisfied,0.0053425375,0.008442976,0.98621446
c26d1f1c7174344ee8007eed1c81747d,4,satisfied,satisfied,0.0052707684,0.0192695,0.9754597
b799ca71b3f6ea3dc17afa4027104ddd,5,satisfied,satisfied,0.06934671,0.42867526,0.50197804
4cba0aff7d3fc1fd9fb416c0f1bc58cf,4,satisfied,satisfied,0.0048393244,0.0117601035,0.98340064
8fe6039266108fcf9be66b09c0e09779,5,satisfied,satisfied,0.0052879825,0.009932353,0.98477966
212bdeab2893623192ce4a23ac047c81,2,not satisfied,not satisfied,0.9500384,0.045830883,0.0041306424
7cbe444975cdc375110ec1ecbea54068,3,neutral,satisfied,0.005008946,0.015708467,0.97928256
c4b692e323cce31413682fa5b99bdf42,5,satisfied,satisfied,0.009955271,0.0753272,0.9147175
83effeda4d8f6be01b50ecc274141498,5,satisfied,satisfied,0.0062149223,0.014878966,0.97890615
139a07b8acc5f8c4f9391e0ac389a68d,5,satisfied,satisfied,0.0061871065,0.013289456,0.9805234
3a2773f7e51bbe4a2c77d1dfb350bcc6,3,neutral,neutral,0.14648469,0.7347242,0.11879111
9684fbd14d48dc54f1a86ace711a77d5,5,satisfied,satisfied,0.0048061833,0.009660785,0.98553306
93d6cae3eabcf4af4b68031a19e9a5ab,5,satisfied,satisfied,0.0057146098,0.016618324,0.97766703
aea2168349f39e4c4c0ec991e05a4c22,5,satisfied,satisfied,0.0064662583,0.027418723,0.96611506
a0b04bfe52e1e820ad352a6200ea18a9,5,satisfied,satisfied,0.0056002554,0.02012773,0.9742721
02f58cc7f45b34f697628902297ad1d5,5,satisfied,satisfied,0.004084344,0.006927656,0.988988
9c72c30a4e8bfaac7ae69b375c88cf4d,5,satisfied,satisfied,0.004625189,0.010965909,0.9844089
6f162cccf7eb84ca2370323008a14f55,5,satisfied,satisfied,0.0062125158,0.011833241,0.9819542
40cb0beb2efbe03e873321047d0fb248,5,satisfied,satisfied,0.19128609,0.59279066,0.21592322
956772c13b54a6e2d3edc4cc8dff9e03,5,satisfied,satisfied,0.006877652,0.030601474,0.96252084
102cdc3fb9eeeea8e8885c048a20a8ac,1,not satisfied,not satisfied,0.9108345,0.08457476,0.004590751
03a6d2b21663331db95a3d3892dc5307,1,not satisfied,not satisfied,0.92857283,0.06755,0.0038771962
bd297608ff657692921b5a66277d6ffc,5,satisfied,satisfied,0.013778828,0.039056286,0.94716495
e1254756a598d109a2c3aa5ce7c9a24b,5,satisfied,satisfied,0.006548523,0.015272549,0.9781789
cae70cc37b4062ef3e7228716a1a0b3f,5,satisfied,satisfied,0.003772936,0.00941549,0.9868116
40bdd94487764de74477e08e8b32fa2d,5,satisfied,satisfied,0.005650532,0.013425856,0.98092365
e7a2fde4b1ae754e79270b28416b9caf,4,satisfied,neutral,0.25257802,0.68773115,0.05969086
2ceb159a7218deec996fc0d704c492ac,5,satisfied,satisfied,0.017770678,0.06959375,0.9126355
1bbab090dc59078d74890a0b30f8fa7a,2,not satisfied,not satisfied,0.9192546,0.07621176,0.004533716
317d60a663afeaa86e2e827ec466cfc9,3,neutral,neutral,0.17221932,0.79073334,0.037047356
002d4aaa9199acbcc471bab296f7ce0f,5,satisfied,satisfied,0.012771805,0.048400164,0.93882805
fb1ae7cb46cb5ee171d60e7579c3bda6,5,satisfied,satisfied,0.0052092145,0.010297248,0.9844936
ce038abc2d1e3f8918220cabc5f5b71e,4,satisfied,satisfied,0.02999784,0.3316498,0.63835233
bc4e33966d2474c9ec426900d289f5da,5,satisfied,satisfied,0.008854485,0.011612692,0.9795328
f6e9c8fcf212ec5fb57110b5017e1820,5,satisfied,satisfied,0.0061799507,0.011019844,0.98280025
edab3fd8143b676b282a4c88c8c2358c,1,not satisfied,not satisfied,0.9625519,0.032766376,0.0046817665
4d0d9240c67eb6e47ba7fc908382e0e2,5,satisfied,satisfied,0.0040837163,0.0076285973,0.98828775
d59d199bc2cd6f2c6d125a1f162e6ba5,5,satisfied,satisfied,0.0045577344,0.010625062,0.9848172
0a654b938cb6d7431a639d4521a3347e,2,not satisfied,neutral,0.32772672,0.64255166,0.029721601
7b4b0c5a706688104de81bafd2de5b41,2,not satisfied,not satisfied,0.9427252,0.052615948,0.0046589323
a18bc6dbf26efa55ce7b72dda51f4481,2,not satisfied,not satisfied,0.69224197,0.29461268,0.013145392
67bace62f49dc09edc77021db4f727e3,5,satisfied,satisfied,0.004437596,0.0085041225,0.98705834
f66b5e6f448bd385d4f18d8223c453bd,5,satisfied,satisfied,0.0055104448,0.02060976,0.9738798
997fd8262aaf63417d8c63e5f1ef0aab,5,satisfied,satisfied,0.0040860865,0.008088496,0.98782545
7411813a7add332e0e326bbe4d16c3e2,5,satisfied,satisfied,0.009492377,0.027843537,0.9626641
b4d637c0d0d0964dcf9fbc683c7a0ff9,5,satisfied,satisfied,0.0038256,0.006829756,0.98934466
506bed65cb3bbce847399e840ba761b4,5,satisfied,satisfied,0.0064085796,0.016046405,0.977545
defe145f39d7bb053b134c52d4f4808b,5,satisfied,satisfied,0.006246385,0.017386684,0.97636694
ac3195f0f83719173708701fce5a4508,5,satisfied,satisfied,0.00642551,0.014048671,0.9795258
db331f1bcc72032b4a2ddf50a7cbba9e,5,satisfied,satisfied,0.0057213525,0.018849904,0.9754287
f29e264b5dea168089b919fde00e58a2,5,satisfied,satisfied,0.0051412336,0.012249291,0.9826095
8c9b5e0588eeb30bbe5bdb675dc3c162,5,satisfied,satisfied,0.02373933,0.1035988,0.8726619
30839644007d0a3b0e08a41f45435feb,5,satisfied,satisfied,0.007286054,0.034350205,0.9583638
2b63847462cb0b7283220e123048a1b9,1,not satisfied,not satisfied,0.9508401,0.045202002,0.0039578965
a551134cd7a2c5bef6b27b2bb3ded539,3,neutral,not satisfied,0.5340916,0.45444554,0.011462903
691bea267bce8316c4ecd41ee6b67b51,1,not satisfied,not satisfied,0.9450914,0.05127315,0.0036353997
f46186e5e734115c1d362522b1ff9ac6,5,satisfied,satisfied,0.018635323,0.068341255,0.9130234
3c8598d69c72dbb55fbea6ac107152a0,5,satisfied,satisfied,0.004701226,0.011578468,0.9837203
e8f7c9ec35569b223b38bf087891daa2,5,satisfied,satisfied,0.004285077,0.008315941,0.987399
29e6dc9522073fb7db1bb0c0a71c5a5a,4,satisfied,satisfied,0.028097017,0.23485456,0.7370484
c23d9bd6da2c6ac3c9fe5b3af0c994e4,5,satisfied,satisfied,0.004174025,0.0075667035,0.9882593
7714b076960980ae8f1a272ac721183e,5,satisfied,satisfied,0.006908116,0.017662408,0.97542953
db11dbae155c68bf90a500c986885eb9,5,satisfied,satisfied,0.004379943,0.011522814,0.98409724
7908043b102d27a0c4106887b58b6783,5,satisfied,satisfied,0.0053720693,0.009120376,0.9855076
61b20496dbc1a84cade5c44424af89f0,5,satisfied,satisfied,0.071130626,0.5296099,0.39925945
67ee5edba70c2454ad53fe45ca158420,5,satisfied,satisfied,0.0059302454,0.011660975,0.9824088
193ff5d0763af5fa3b6b3f1d7548513d,3,neutral,neutral,0.35950148,0.6054381,0.035060417
6fa814e710ee4650f58bbd0535bb109d,4,satisfied,neutral,0.08964057,0.76555485,0.14480461
ac2dfdf3af0521b7581cefb9cba78e27,3,neutral,neutral,0.08522182,0.79577506,0.11900314
7bdbbeea9858546b48bd2e42fc868e52,5,satisfied,satisfied,0.005120009,0.013156905,0.9817231
6781dfc8cbf3bdeb5ea8ca557cd2e2cb,5,satisfied,satisfied,0.004017843,0.007564567,0.98841757
75090da4d19525253c6afd20e37362e5,5,satisfied,satisfied,0.01063223,0.021331826,0.9680359
927ec92f7609878f5a9a15147478e820,5,satisfied,satisfied,0.006273563,0.014551444,0.97917503
c1e383de36533d68b367e9988b31cfc9,5,satisfied,satisfied,0.10565108,0.4483185,0.44603032
fb4179b0f0cd97b6d57afdebf4637f60,4,satisfied,neutral,0.11631662,0.7869053,0.0967781
464a55b45e149f56bd367087bea575a1,5,satisfied,satisfied,0.006181489,0.0209357,0.9728828
fe497045080d245fa637a9483ac6e0b5,3,neutral,not satisfied,0.694115,0.29766706,0.008218
d7ae300c4030b4fe896b477885dea337,5,satisfied,satisfied,0.00481247,0.012846436,0.98234105
30097853915b3f2165d2b65d8b3dba22,5,satisfied,satisfied,0.0056892503,0.015052343,0.9792585
0db13c23ae27368b3abd094e3c6ad50a,2,not satisfied,not satisfied,0.90540755,0.09075839,0.0038340548
38eafa1f5a21bfd62a2c6d590c8b985d,4,satisfied,satisfied,0.014392036,0.07365326,0.9119547
5de60512a7be87bb08c5f8348da69efc,3,neutral,satisfied,0.06780896,0.6333708,0.2988203
f11ba89be060637f69de113a789f623a,5,satisfied,satisfied,0.0037557653,0.008442099,0.9878021
80c3df44da1649b1de7fb445c3c14cb7,4,satisfied,satisfied,0.06750189,0.7021772,0.23032086
fb65e39f27121d9005f00248177b96ab,2,not satisfied,neutral,0.21931125,0.74041045,0.040278323
1fe44279d3be2babd0c8be7158377878,5,satisfied,satisfied,0.0041422658,0.010128087,0.9857297
752dce003f8a8cccf695fd9a0b8df9a4,5,satisfied,satisfied,0.0064942646,0.013737604,0.9797681
4b2249bd8c409f07d76df1f47035426d,5,satisfied,satisfied,0.0053218137,0.025115926,0.96956223
797c9a695cfe0c1087a83348b223f006,5,satisfied,neutral,0.08482737,0.7525992,0.16257349
46ed5ee244d75e64cbaf27957b3e1f2c,5,satisfied,satisfied,0.0059108497,0.018391024,0.9756982
fbb08dad0089f32c5f72cec49f465f2c,5,satisfied,satisfied,0.005133299,0.014009482,0.98085725
1e01c7d3d94fe49426be5e5184feb6f3,5,satisfied,satisfied,0.005257525,0.010943284,0.9837992
9b19e8a3c9806497ddb3a186998859b0,4,satisfied,satisfied,0.008821856,0.04441057,0.94676757
c94a1b752987c6ea6477ff0acc588922,5,satisfied,satisfied,0.00741861,0.03054204,0.96203935
9cab163a3581869a9f2f3f9d23bf340b,5,satisfied,satisfied,0.009602514,0.015160045,0.9752374
4008beb37cb02c4409028e7e2c856f35,5,satisfied,satisfied,0.0056929667,0.019654067,0.97465295
95ee26aaf9424f788bc4ef75234b3d00,5,satisfied,satisfied,0.0067408835,0.015662787,0.9775963
a8baf4f3d523056d17882d6d582d5ac8,5,satisfied,satisfied,0.0049104183,0.011673131,0.98341644
e565e29d069487f8ddddf77fa04f1d5b,4,satisfied,satisfied,0.027493654,0.19401555,0.7784908
d15bdc5fc5dbb8f8c8a3ea57260a2614,5,satisfied,satisfied,0.008310246,0.04551713,0.94617265
c3bb5dc60bd327161afb9423f269e330,5,satisfied,satisfied,0.0039052684,0.008197457,0.9878973
cd7ca6fc149249249467554c00f1572f,1,not satisfied,not satisfied,0.7380471,0.25339952,0.008553347
3992c31db9972ce9d8027731f75531dd,1,not satisfied,not satisfied,0.83093125,0.16369078,0.0053779804
de3b86e7d225d2e6c67cae1922907990,5,satisfied,satisfied,0.0051375623,0.016000232,0.97886217
8ebb2887397feb773d1afc2fd9aee223,5,satisfied,neutral,0.08522058,0.84928524,0.06549409
5f032bea99be257442e62c1d20865f7e,3,neutral,neutral,0.3465154,0.6109263,0.04255833
cfb5718078264a0e7ae5944846cd6cc4,4,satisfied,neutral,0.08386969,0.7864426,0.12968774
f1f51ff87c2f6ab1639567186a3ff894,5,satisfied,satisfied,0.00633274,0.0091107525,0.98455644
1a5c13f6bf23acf38fbc61eaaf9ef642,5,satisfied,satisfied,0.0054114596,0.021523979,0.9730646
b57a5394c6227217783bd2fe759c56d3,1,not satisfied,not satisfied,0.7972024,0.19610873,0.0066888966
66dd9532ea92ccef49eb78a4ac9ee57e,5,satisfied,satisfied,0.003514578,0.006736731,0.98974866
eb825364d31efcb27a9bdf557c37af9c,5,satisfied,satisfied,0.004549923,0.010063217,0.98538685
0dff8c5483438549552c4db1df6187c4,5,satisfied,satisfied,0.00928563,0.043172717,0.94754165
9fe4bf1b0a5f3ccfe30acbb0bfbc5fdd,5,satisfied,satisfied,0.017309684,0.10178784,0.88090247
3d3d0861a0df52925b2773c23321035f,2,not satisfied,not satisfied,0.84271735,0.1496862,0.0075964937
844fa13a5259d69038e89bec836e91bb,5,satisfied,satisfied,0.00438323,0.0080855,0.98753124
9ef4c5b6935bccf4282b72a928bf8536,5,satisfied,satisfied,0.010820615,0.06584004,0.9233393
fe3b86e5e819a431c7a083ecdb65943d,4,satisfied,satisfied,0.0061839963,0.022465952,0.97135
a61a2b5780f2e3d9463c437a47b41521,4,satisfied,satisfied,0.0043584453,0.012294117,0.9833475
d66d54f14256c6e34b339d7cb6faeaaf,5,satisfied,satisfied,0.0072256876,0.01200665,0.98076767
8de2b12bf78dbbe952efb1040278666c,5,satisfied,satisfied,0.0041541983,0.009106937,0.9867388
a3d218ea666a9c92a56f0e21f936e375,5,satisfied,satisfied,0.0049681743,0.012755336,0.9822765
287e991dd0804de1dd9531d33f670da1,5,satisfied,satisfied,0.004521648,0.011842675,0.98363566
088a92a89e0ce928fafd7ee5aaabf20a,5,satisfied,satisfied,0.00438344,0.009326353,0.98629016
2f4d5d243358fe6ce0bf1897bd15ec2a,4,satisfied,satisfied,0.003690638,0.007988007,0.98832136
334f5d7cd533eb373c655fc8e8c625f3,5,satisfied,satisfied,0.0058912695,0.016952008,0.9771567
8039b0a4ef22045733049b04a41f45ec,5,satisfied,satisfied,0.0071947775,0.016041705,0.9767635
6dc17664ed331dd1307bf183267d882a,4,satisfied,satisfied,0.012318367,0.06848519,0.9191964
3c5bae83b440e7b280c13ae3df53424d,5,satisfied,satisfied,0.006449319,0.011234272,0.98231643
8a1c630ff7760242742986170f62269c,5,satisfied,satisfied,0.01026461,0.032775093,0.9569603
96b14d98d7c3fe0b7b9b870fd9de64a0,4,satisfied,satisfied,0.02285536,0.1108737,0.866271
c2efbe45697890b0fae58b8e2b6d2d60,2,not satisfied,not satisfied,0.87139076,0.12333286,0.0052763983
8dee37380c9e7e6f567a12702ea94ce6,5,satisfied,satisfied,0.0050910767,0.0102717215,0.9846372
ed522b51753460ba0c9452ab8dc177af,5,satisfied,satisfied,0.004430841,0.007930701,0.9876385
110c2b28371b02013266bad8e7595052,5,satisfied,satisfied,0.0052148853,0.01238511,0.98240006
5b253e66c084cc4901d1bf7fa58640a6,2,not satisfied,not satisfied,0.8453142,0.14930041,0.005385438
7ac2222e4cdddb9bba8c042d7a65a830,4,satisfied,satisfied,0.007841694,0.015309131,0.97684914
380b3c075b4d999948d9a1aaaffb0d1f,5,satisfied,satisfied,0.0039257426,0.009915009,0.98615927
274eaab8bd043cd8def3a715653846f1,5,satisfied,satisfied,0.0044063637,0.009113734,0.98647994
d9a21936ccd00eb9c01a88a162685e82,5,satisfied,satisfied,0.00751817,0.033054896,0.9594269
d2b7896a1ce24f26d588afcbad668fe5,5,satisfied,satisfied,0.0059247236,0.021039432,0.9730358
6eba696fe55d74ca14eba16461e6b314,4,satisfied,satisfied,0.009904956,0.05074078,0.93935424
9021aef18640dff51619d2513f4803ca,5,satisfied,satisfied,0.047954362,0.6943939,0.2576517
ccd56c42b2eeb7c83a4d4b1a4e2fef12,4,satisfied,satisfied,0.06751124,0.5996325,0.33285627
c641690cf49b08b34d732e002a174554,5,satisfied,satisfied,0.006573104,0.008884834,0.98454213
dcf4185b8aa2cb4d8b3570dffa07d4d1,2,not satisfied,not satisfied,0.81720567,0.17642504,0.006369328
1d7d4357de138cff7938edb1bf1a50c8,5,satisfied,satisfied,0.0052546132,0.0087111,0.98603433
5004d8c35ce2bf7022aa6b7356205dab,1,not satisfied,not satisfied,0.9561573,0.039580926,0.0042618485
1f73352e1e75e96c1cf0bde39bafe2af,5,satisfied,satisfied,0.0037471014,0.009810822,0.9864421
40f4df3cca720a09e2308abd0bd289d6,5,satisfied,satisfied,0.0077844565,0.037285406,0.9549302
60bf66efb5f6a312f22c538bf971e379,5,satisfied,satisfied,0.004122464,0.009545107,0.98633236
6dcdc1e30b3143e113fec6d7608fd65a,5,satisfied,satisfied,0.005798444,0.014551487,0.97965
2b1686e506137fb8311cec2853409b33,5,satisfied,satisfied,0.010073357,0.02980947,0.96011716
6cbdd1c72b88382ecd769b4a6aafab5b,5,satisfied,satisfied,0.0049109985,0.009758056,0.98533094
cd795154f5c072d446b4091fd3e05afe,5,satisfied,satisfied,0.004042828,0.0075806924,0.98837644
bdab4938c49f45b611bf7c167a3c87a9,5,satisfied,satisfied,0.0072205933,0.02030428,0.9724751
8c0bccf5e6a41a82fd4206d958d480e3,1,not satisfied,not satisfied,0.92885226,0.067277364,0.0038704113
afe5e8aaa898624d2c6c3b9a63fa16d0,5,satisfied,satisfied,0.0053978427,0.009868489,0.98473364
c23a4549c5b80b7825ace9aab5a8d9b0,5,satisfied,satisfied,0.006368406,0.013159394,0.98047215
bbf2c09f70485302ef1cce5f122df379,2,not satisfied,neutral,0.3116202,0.6250927,0.06328719
6c4c96b30e7b64b4ce7434ea51011952,4,satisfied,satisfied,0.0105854925,0.06198501,0.9274295
ec52fe2fc8f72697897a3075e512da03,4,satisfied,neutral,0.09003694,0.7870209,0.12294219
68b7663cb271457b6b7868add9a9980e,5,satisfied,satisfied,0.011898607,0.090926774,0.89717466
ef59101f047c4256dffadf0592f5aba2,5,satisfied,satisfied,0.0048105977,0.012681321,0.9825081
95be03af7e3a425fde4f26cd59190f41,5,satisfied,satisfied,0.0038939884,0.0081705535,0.9879354
62ad98460ea3475de8c765e8a3ee8b2f,5,satisfied,satisfied,0.0049721785,0.017622314,0.9774055
b54bfd19bf9a948a3502b3971714d6a6,4,satisfied,satisfied,0.00549893,0.012769056,0.9817321
48a3cf097db357f588d3154f2ecbf3f2,4,satisfied,satisfied,0.16050252,0.6238684,0.21562909
da4d53d0ff302ddbb9e923518bbb6be4,1,not satisfied,not satisfied,0.79101163,0.18970336,0.019285066
9af07c1e241654392cdf369f427b5676,5,satisfied,satisfied,0.0034903656,0.0062300935,0.9902795
a9c0b9c25dc3ababee4bd853b0935a69,5,satisfied,satisfied,0.004255198,0.0093539525,0.9863908
9184f422633f6b92d1d6327740b92260,4,satisfied,satisfied,0.005017643,0.011881955,0.9831004
77a7ba7854ef6cdf37c861f6b790f985,5,satisfied,satisfied,0.00641874,0.016149791,0.9774315
630a807c8269a570c53fb7e715569e19,5,satisfied,satisfied,0.0069227414,0.011855104,0.9812222
ada1ef49f2ff6a0b73662c3ad170fd16,5,satisfied,satisfied,0.0050702756,0.01695661,0.97797304
df26d01e83af150cd029dec860d021bc,5,satisfied,satisfied,0.020648083,0.08568668,0.89366525
938ce160a44112be7a18647b2c6b6175,3,neutral,neutral,0.38165414,0.5836177,0.03472824
96766769d5bd07c8fd02b8e33a795c41,5,satisfied,satisfied,0.005027019,0.01565849,0.97931445
320d886511b186531b7373e7f1dd6c38,3,neutral,satisfied,0.08879519,0.6401343,0.27107057
b0b0f0299c3003bfc6a39f7a21fd5aaf,5,satisfied,satisfied,0.0064969566,0.016526194,0.97697693
da9d298ad5fc7e0768b1b7f8d7a19f2d,4,satisfied,satisfied,0.010553627,0.05033692,0.93910944
9c5a56df43d1a810579a00f56b9ece53,5,satisfied,satisfied,0.0043731695,0.0102226585,0.9854042
5932a8c07a3421cc648651bc9078e2d7,1,not satisfied,not satisfied,0.9512007,0.044472598,0.004326706
8c82de0e372c66dba9064f0683341679,5,satisfied,satisfied,0.0051184986,0.009697839,0.9851836
0a67394b8b251c8cdab9179956bed008,4,satisfied,satisfied,0.009168586,0.03549614,0.95533526
fdd26daa447e507fbd2e6a7bdb474244,1,not satisfied,not satisfied,0.94896996,0.046672262,0.0043577305
18b2431ba913d1a64ba6bd35d2407da3,5,satisfied,satisfied,0.0071572405,0.01096504,0.9818778
7ba33761209eb92d1749104ddadaa7d0,5,satisfied,satisfied,0.0061379652,0.013575264,0.9802868
85e07f643f02e92c753a88ef260b0459,5,satisfied,satisfied,0.020755809,0.059756637,0.91948754
d68ad52fa0480642c3d6c3c06a03e56e,4,satisfied,satisfied,0.007651627,0.03293312,0.95941526
54eee0297058c36a51cc20af5739cf50,3,neutral,satisfied,0.07264191,0.5876164,0.3397417
01882d9aa29a199eb44539521af3597e,3,neutral,neutral,0.16451399,0.6785631,0.1569229
9bda4172cdfab021220a37a87dbd086b,3,neutral,neutral,0.18977454,0.77125835,0.038967077
b8be15955d0c9c04c89dbbcc78303e5a,1,not satisfied,not satisfied,0.9304421,0.06535614,0.004201799
80339aab32b2d1efa57071c615b81483,3,neutral,neutral,0.07467491,0.78008235,0.14524275
74a0b21ea90a34dbffff2415a99b4c89,1,not satisfied,satisfied,0.07236889,0.17372154,0.7539095
62a2bd1704b018b03793d6a8e0038850,5,satisfied,satisfied,0.007287624,0.015009468,0.9777029
b657d0483bd7b47e5a6a19098ebd3155,5,satisfied,satisfied,0.0052068867,0.011226933,0.9835662
0e1fc2a56fdd9475014f4d8e870d9b51,5,satisfied,satisfied,0.004150564,0.011277594,0.9845718
62c1f4a6a7af272c48f8c48e818d08ae,4,satisfied,satisfied,0.0040990813,0.013467295,0.9824337
1c8e2d9cc86ec91f0c1204b8ae5e1fb9,5,satisfied,satisfied,0.0065727816,0.012226154,0.9812011
87831410c65db02f7d9c09f5acd1ed25,5,satisfied,satisfied,0.0044429787,0.0073682494,0.98818874
f9975cc4adbdc57e42c922204cf9bc20,5,satisfied,satisfied,0.0064093033,0.013171596,0.9804191
0eec32b1936aadda626c1ce925ec15ff,5,satisfied,satisfied,0.0046469336,0.008938904,0.98641413
60e2866489fcdd144c4def34ae1e5139,3,neutral,neutral,0.17085023,0.7852977,0.04385211
210e0ac6f7acd9f29327c1b913e699e2,5,satisfied,satisfied,0.006289858,0.025873205,0.967837
334cc5cb26a14eccad4972abb780f47e,5,satisfied,satisfied,0.010232536,0.06542122,0.92434627
4d1f790a8c646d99c49177e8a0366594,5,satisfied,satisfied,0.007994089,0.019800529,0.9722054
945ec4535799e9d315e39e0a33640d7b,5,satisfied,satisfied,0.017702954,0.13004954,0.8522475
385c1945706bd2fac0670c032dfa6810,4,satisfied,satisfied,0.05196963,0.35073352,0.5972969
2a08cefea78248c21245fe8e8f59277e,5,satisfied,satisfied,0.0076215914,0.030884098,0.9614943
25f29bc826377a3ab267b10b9efb3f52,5,satisfied,satisfied,0.0037268559,0.0072333957,0.9890398
f7e4a2e8caf25aa8971dabe54622b3a1,5,satisfied,satisfied,0.0046763984,0.014702085,0.9806215
2567955947ddd722c7faeed34dedc954,5,satisfied,satisfied,0.004746018,0.010596719,0.9846572
6120dad3624ddda09044a8b9c4249a05,5,satisfied,satisfied,0.008387138,0.013236664,0.97837615
013fee08888b0bf3d0d97a7e13ca85c1,3,neutral,not satisfied,0.50718504,0.4720069,0.020808084
1d8f4addec3b0a2443c1b6181c4351fa,5,satisfied,satisfied,0.0061921617,0.013043194,0.98076457
a30f23865c85f2649152e417ac8740ac,4,satisfied,satisfied,0.06216905,0.34212068,0.59571034
4d0044a88b2464f67122dc5733c7636f,4,satisfied,satisfied,0.0040244428,0.010480446,0.9854951
bb1384580439b6a004c71643b717df94,5,satisfied,satisfied,0.005527282,0.018304927,0.9761678
daf6218e3e1af8951dc3972e18d1bea8,5,satisfied,satisfied,0.004613067,0.008422748,0.98696417
16b4fd4a6571d8e7f4fdc554fd4c00b0,5,satisfied,satisfied,0.0056036557,0.013842811,0.9805535
73b16bf4f81a7db65b692b6b8502a40f,3,neutral,neutral,0.395325,0.5876256,0.01704935
003d8aa0a9b8f1d9dcbd7b9e618cc43f,5,satisfied,satisfied,0.0058374815,0.012677072,0.9814855
8ff8cc70398a82ac40fe45f857b85f18,5,satisfied,satisfied,0.008817059,0.057890464,0.93329245
40cfdfd0829a12bedd9ba5e23731a568,5,satisfied,satisfied,0.004124521,0.00808621,0.9877893
94a0fd1c03f9b6ffcfa45cf19d0bbd60,5,satisfied,satisfied,0.10182218,0.53203547,0.36614236
71ee1e3eee650af1be4acf9f6bc4a382,5,satisfied,satisfied,0.0045927214,0.008964344,0.9864429
20d58255873ba78aeac332f969d9bcfb,5,satisfied,satisfied,0.0058909175,0.015653577,0.9784555
edc80164cba2f28dc00aa81bd0d3467a,5,satisfied,satisfied,0.14898862,0.62556994,0.22544132
161da9a52e3bd914e11d3fb13608a5c2,5,satisfied,satisfied,0.005227438,0.009274047,0.98549855
d44bad89d8676251833c1118531261d5,5,satisfied,satisfied,0.007924639,0.021686513,0.9703888
6b55cfb75ed4863f57227e092f6f0ff5,3,neutral,neutral,0.14140134,0.76248425,0.096114375
4dee24147ceb3b0e276525dc26b79842,5,satisfied,satisfied,0.0082034,0.022458099,0.96933854
629e580a4b8ddb37d91b3b49b283490d,5,satisfied,satisfied,0.004436191,0.008750236,0.98681355
8e0b1e6802e0543e092b37546bd405ad,5,satisfied,satisfied,0.0042444984,0.01187775,0.9838778
26e3888c1f3b3458001df4d0fc0633be,4,satisfied,satisfied,0.006199899,0.025969852,0.9678303
ce1a3fc898c7179298dfe2a1a8cb054f,5,satisfied,satisfied,0.0037491336,0.008135629,0.9881152
149843cd2fd2a5f834fa6f3692459910,5,satisfied,satisfied,0.0054089082,0.011545234,0.98304594
86ff58b30caa1e7d5d47c99e8cec46b5,5,satisfied,satisfied,0.0061276355,0.022582613,0.97128975
7bd07cf1ae1beb36b3eee16fcbc5d07d,5,satisfied,satisfied,0.028820144,0.32318678,0.647993
b2def383acaa5128faa827fff3a28ed8,5,satisfied,satisfied,0.01824666,0.0397094,0.9420439
abbdce9f076c835ee0ca11badf5c9af5,1,not satisfied,not satisfied,0.74753904,0.24153465,0.010926271
e81cc2f38c113388422322182b367a99,5,satisfied,satisfied,0.022905353,0.08937403,0.8877206
659bff7b27bf9aaf871b92da00c02a40,2,not satisfied,not satisfied,0.86165553,0.1334275,0.0049169916
c06179179cf10670cf7f0241b109774a,5,satisfied,satisfied,0.025223266,0.11096317,0.8638135
3c5346024b4b0e7c76018dba08facd34,5,satisfied,satisfied,0.0057377117,0.014215227,0.98004705
accb2e7558136e2913a00420816365e0,5,satisfied,satisfied,0.0046924897,0.009163345,0.9861442
f8bd702184b1f9489bbedf668792514f,4,satisfied,satisfied,0.006065408,0.013098514,0.98083603
40a92fc22a804c6e30f542125b297c63,5,satisfied,satisfied,0.0041933972,0.008377406,0.9874292
96b8b34ed28bed661b37abad7aff68f6,5,satisfied,satisfied,0.004458867,0.00921467,0.98632646
0d08834bcf68adf0905a27268d2bbcfd,3,neutral,neutral,0.1442698,0.767632,0.08809822
75e6384ebab9b3548d7394294205f898,5,satisfied,satisfied,0.003831571,0.009284437,0.98688406
b18a66e1fbebf8a6fcb678ea63c2e3db,1,not satisfied,not satisfied,0.9236532,0.07171441,0.0046324786
39c2e1a99d2c3cad9503f54642aa825f,5,satisfied,satisfied,0.0059032626,0.010515131,0.98358166
21fe14c58bf354bc06fc71a1890f21dc,2,not satisfied,not satisfied,0.76021063,0.23047915,0.009310227
12d9d21a0f47d624af2245e7205bf452,3,neutral,not satisfied,0.6146177,0.3748323,0.010549964
b1a740da420afb5aad44d0a764b8c26f,5,satisfied,satisfied,0.03306156,0.18827218,0.77866626
4dd70f1db5176e0ac99f8cc1bf3edc94,5,satisfied,satisfied,0.028908934,0.112822674,0.8582684
5064e2a9f490d2df7ce852c679d2e414,5,satisfied,satisfied,0.0039796005,0.007035887,0.98898447
bfbfdac5c455f635fbe6b82de0cb9f92,3,neutral,neutral,0.12763394,0.81035626,0.06200981
4ea1eae223405596541cd98830bb57a3,5,satisfied,satisfied,0.0059526414,0.01266114,0.98138624
741cfec5e896a72e1e927506a20f76b1,5,satisfied,satisfied,0.011054041,0.045601644,0.9433443
831a46086c129fc7b4afc1579ce69cb3,4,satisfied,satisfied,0.033815876,0.3723518,0.5938323
48ade1a458913e86cdd4d5fcfd5518a4,5,satisfied,satisfied,0.0053221514,0.00945404,0.98522377
708abddbeec9d2674e669ae3da02074f,5,satisfied,satisfied,0.0052656005,0.011146337,0.9835881
6a9e8fcbc41f2f604177b6fd7c8bec57,5,satisfied,satisfied,0.004047041,0.0076880385,0.9882649
dfe57833348b8b0643e003c2c1d7dcf2,5,satisfied,satisfied,0.006499792,0.025479065,0.96802115
c1aa66bd31e1e200ded2ca3c9583d5f1,5,satisfied,satisfied,0.005707212,0.009518408,0.9847744
15202d6fc30518161975d3ef7204d983,1,not satisfied,neutral,0.27971056,0.6907128,0.029576614
5e1ecb7a36f8291c3bb9512b59cd5e25,4,satisfied,satisfied,0.008600569,0.055129882,0.9362695
52ae284cd9abd241c722556281bf829c,5,satisfied,satisfied,0.030120023,0.214432,0.755448
db3c0e2b53ef8f52e264e5e47d022d1e,5,satisfied,satisfied,0.009372377,0.05062077,0.94000685
56606ab52ff153ea97170790dda6e4f6,5,satisfied,satisfied,0.0041863685,0.01043711,0.98537654
507074a9a48dba3f66c0ee4e101f8fcb,5,satisfied,satisfied,0.005146779,0.010906668,0.98394656
5e325440efea2f9c1d6adca9dc0bc022,5,satisfied,satisfied,0.004920137,0.008936413,0.9861435
31841075abe72c773911e6b6012c1284,5,satisfied,satisfied,0.0039520753,0.008534488,0.9875135
84f815c2c894c4b3aa8f0411125e1d40,5,satisfied,satisfied,0.0055645537,0.013437594,0.98099786
18372e5e1d1798978a308f2410de0f7f,5,satisfied,satisfied,0.0044882144,0.010862199,0.9846496
271b119608dcb64eb22ed86376ac581a,4,satisfied,satisfied,0.059273746,0.37303522,0.567691
ba9ba360ddab0eb93c30cc77b40610fb,5,satisfied,satisfied,0.0062660715,0.016529538,0.9772044
8184f8427d52b81afca9217a6a3be213,3,neutral,neutral,0.13839015,0.81136,0.050249867
a24413b06a87ff0398b640c091b518b4,4,satisfied,neutral,0.20762774,0.71834767,0.074024595
b4a7ecccbe5762c8dc949cce10db020c,5,satisfied,not satisfied,0.71678823,0.2667367,0.01647507
88e758bb650e0a55f609083cb108f463,3,neutral,satisfied,0.08826829,0.6963527,0.21537903
5b8c5bc9b32e91af41460cec92c8d2c5,5,satisfied,satisfied,0.0053190524,0.013710614,0.9809703
5803dcdc02ad46c7506142b83ee34cb4,5,satisfied,neutral,0.16542588,0.7654823,0.069091864
afdc15120f129252640825367f734b95,5,satisfied,satisfied,0.005120261,0.010451182,0.9844285
fe33395b04929d7fd01958a33dd89118,5,satisfied,satisfied,0.0039410125,0.009853954,0.98620504
1b48dc11c28a9765a2928aad0202c4ef,5,satisfied,neutral,0.14632924,0.7930651,0.060605675
5b99a84d03f9a2be90282f625e18796b,5,satisfied,satisfied,0.0048086736,0.0111645665,0.9840268
12de824fb108b737b0f78ace877dc8cc,5,satisfied,satisfied,0.00770036,0.037283823,0.95501584
32c118baa9a837c30b28290ff60c3ec1,5,satisfied,satisfied,0.0058016367,0.023843676,0.97035474
a4d4902d3cc9d5b2beb08c226ebcfaf8,4,satisfied,satisfied,0.030647052,0.14554265,0.8238103
e17e809207b465c824b0d1603b9229f0,5,satisfied,satisfied,0.0034371854,0.006234608,0.99032825
77918432f6cf2d6f1679b4b49b2b908d,5,satisfied,satisfied,0.0069899377,0.019173894,0.9738361
3ebbeae9452f09abfcb68c22912d98dd,3,neutral,neutral,0.19237828,0.75885254,0.048769128
7a8888aee6ff668fe45c42d7cf55123d,5,satisfied,satisfied,0.004863989,0.013130272,0.9820057
ead9af6bbace7a61f8dddbe4a1ee1798,5,satisfied,satisfied,0.0041012513,0.0073000607,0.9885987
752f43a70dd696936b85168d011198f6,5,satisfied,satisfied,0.0044351,0.008741304,0.98682356
1cbca399ddc23d8e65bd059433dc2e11,5,satisfied,satisfied,0.004838655,0.010371015,0.9847904
ea7e28d677f57bc082e6531ed36f839d,5,satisfied,satisfied,0.00397047,0.006935144,0.9890943
41c11c841da45e1c1e5e46a5274880da,5,satisfied,satisfied,0.00662443,0.012371492,0.98100406
eb50941bc9644eac0939003839425e7f,1,not satisfied,neutral,0.1437983,0.6692473,0.18695442
2a8c4d23c6b3c03e0170596f864b45d2,5,satisfied,satisfied,0.022374671,0.16181843,0.8158069
25a6289c4c059fcf60211d97dfd34f7b,5,satisfied,satisfied,0.0074044024,0.028427191,0.96416837
cf383deb98f4105945925b13412a38e1,5,satisfied,satisfied,0.0069707907,0.020794995,0.97223425
3207935329d7658af56f9223b8e2f779,4,satisfied,not satisfied,0.44743112,0.5398759,0.012693018
3a53fe8ea3f1d4caf3f10f071639d784,5,satisfied,satisfied,0.0055084946,0.010171826,0.98431975
8d08b4b966726a2570779d1e27c34e01,5,satisfied,satisfied,0.0042780414,0.009310212,0.9864117
2acdbd4c3a713d7baf98012479532326,5,satisfied,satisfied,0.011372559,0.036774613,0.95185274
dc315d738ba6ec113203e90a937bd532,5,satisfied,satisfied,0.0046797656,0.009042124,0.9862781
06d9874b3961dc37a9b420ba4ec5c8ec,5,satisfied,satisfied,0.0061184573,0.013036045,0.9808456
b689978b5e5cf96621f01ea35579372e,1,not satisfied,not satisfied,0.90116626,0.094119325,0.0047144233
f0e414383964e556723e2e410a7d9ea5,5,satisfied,satisfied,0.0043652384,0.008759528,0.9868752
5ccbb1f046220980efedf81d1e4f6f28,5,satisfied,satisfied,0.005638538,0.018750995,0.97561044
9f1c2879a0442edb0fbb21789281abac,5,satisfied,satisfied,0.004124855,0.009696897,0.9861783
a2bd38055eff6bd49db11734ba47754d,4,satisfied,neutral,0.104929775,0.71678865,0.1782815
b5df8d48afd9db65b2294f03cf1fb5f4,5,satisfied,satisfied,0.0064891265,0.028452292,0.9650586
51b633616bf5beb33d580924d3f7f63d,4,satisfied,neutral,0.12692255,0.80879146,0.06428599
7bb91b1a1dfabd57f1e6190f687a52cd,5,satisfied,satisfied,0.0034282985,0.007233379,0.9893384
d517abfe7e4c87d87a9a214cc109a7dd,5,satisfied,satisfied,0.00817845,0.027892504,0.96392906
ebde29bcabb1cb19bb4e2e4ba0279f3e,4,satisfied,satisfied,0.0046463534,0.008954082,0.98639953
6c0b1b202c3fa7057e6365fda094ea95,5,satisfied,satisfied,0.008042923,0.015351023,0.976606
f9ad9baceceb5e2c0188788095129e97,5,satisfied,satisfied,0.00754883,0.044461414,0.94798976
f98f80ce1bbd1027f67e97b98595d721,5,satisfied,satisfied,0.0048010526,0.011327615,0.98387134
5df55833e0ccd4f51d240c4ee0c462b8,5,satisfied,satisfied,0.0075287344,0.019762076,0.9727092
4e8ebf3a228b63a109c089f4da815589,1,not satisfied,not satisfied,0.86233217,0.13029136,0.0073764734
a5e9de71e35100f66afb6114befc55ed,5,satisfied,satisfied,0.008090114,0.027548032,0.9643619
739c15f04a1b52797cf3145ebd6ce62c,5,satisfied,satisfied,0.0049379827,0.010657269,0.98440474
d0a6baf77553353a2322d932121a9d8f,4,satisfied,satisfied,0.004128574,0.0096594095,0.986212
e6059bc66169411994477c1d7edfee86,1,not satisfied,not satisfied,0.7958159,0.19716577,0.007018303
e4dce8bb5cd69f0cb5821269efc50c3c,5,satisfied,satisfied,0.0044991975,0.010280568,0.9852202
920f64f75a24c0552cf1413105048683,5,satisfied,satisfied,0.0057056556,0.013628608,0.98066574
e147641c9ae615473ffe17502faad039,4,satisfied,satisfied,0.054806344,0.6789554,0.26623818
20e9fbb128e5fcba7608e9144ea55f58,5,satisfied,satisfied,0.004956645,0.012108707,0.98293465
e134d1d862bd701738a0273ac9555dd2,5,satisfied,satisfied,0.0057112672,0.0137742255,0.9805146
f771b41bac205dcd080ccd1e8365f6b5,5,satisfied,satisfied,0.0058839014,0.028115002,0.96600115
b7795a5104ea99c7ff2ce0c142ba1fbc,4,satisfied,satisfied,0.0269214,0.27431437,0.6987642
8d098a177abf3450312f4eab9206f3ff,5,satisfied,satisfied,0.0054331045,0.009392147,0.9851747
ab3cf90b5468fe847d3ac79733f0a5b6,4,satisfied,satisfied,0.07128444,0.68876195,0.23995359
d8cbe333040c014602897963a4e5a9af,3,neutral,not satisfied,0.7485263,0.24303679,0.008436977
c6cf87c312b191af2ad17eac7ec75157,5,satisfied,satisfied,0.08222992,0.613908,0.30386204
6a7f63e4f7b6901a07ae57d01d2a1b3e,5,satisfied,satisfied,0.0034607963,0.0072782557,0.9892609
68a021a35f432ae9be0fb438ff614a95,1,not satisfied,not satisfied,0.96033466,0.03492862,0.004736655
4b8d65c5ac6d3fb1c92fda3800f4d135,5,satisfied,satisfied,0.0035851877,0.0061652805,0.9902496
31749aff0cf156e6935a353d8bdffc19,5,satisfied,satisfied,0.006008814,0.018528074,0.9754631
e38636f85c176c592781cf180e9a13d4,2,not satisfied,satisfied,0.031654928,0.15413888,0.8142061
aaf6ab480564dd792d35e925a42cb373,5,satisfied,satisfied,0.0048372974,0.010155538,0.9850072
f839710afc7be193d8bc9006196b182a,3,neutral,not satisfied,0.46795794,0.5204811,0.011560991
e90a3547be0372b922f31cb1435df84c,1,not satisfied,not satisfied,0.95605016,0.03954455,0.0044053043
b0a78651cf5b9224e66d8c05a543106e,5,satisfied,satisfied,0.004682512,0.010772587,0.9845449
77de68ea55c0239024e81de0b74bc52e,5,satisfied,satisfied,0.004996875,0.012586917,0.98241615
b53585ab5544ecf29fe7d7636656ae5c,5,satisfied,satisfied,0.00548172,0.007894234,0.986624
f4f95af301298f3be7ec77627cc0b68f,4,satisfied,neutral,0.07601689,0.8336345,0.090348594
f44c7d3bd24cfc6b7b7dacc61f53db70,5,satisfied,satisfied,0.0060136383,0.018414408,0.975572
91b8cc661cdf91e70fc4c18f3d91ba3e,5,satisfied,satisfied,0.00526923,0.018406589,0.9763242
4b7f3020adeaa8548b449192683d2606,4,satisfied,satisfied,0.0138089415,0.11600545,0.87018555
ebfdb27c5ce7d5f9e991a005ac1eba74,3,neutral,neutral,0.08690849,0.8485798,0.064511664
55bcdeb6ef1ee773f7cca6a549213301,5,satisfied,satisfied,0.004779107,0.008188414,0.9870324
eacc8789eef1f08b5b78c98c5f95b73c,5,satisfied,satisfied,0.0089047775,0.031113822,0.9599814
535485db4a04b99de62ee11e142f43d6,5,satisfied,satisfied,0.0043873494,0.0076603075,0.9879524
19e44709b64f4505f01d60c816d75507,5,satisfied,satisfied,0.0046938723,0.013838925,0.9814672
a95f67234f0ea811eb6f34e09e976fae,5,satisfied,satisfied,0.05514966,0.20518534,0.739665
0756bd97f5f0f2c50994d6af86736204,5,satisfied,satisfied,0.007725454,0.013149086,0.97912544
554609274c7c0edeb309a7f1d83bebc4,4,satisfied,satisfied,0.003936425,0.0091960905,0.98686755
38dfb2e1ba4cc4c955d0ed99d55d817e,5,satisfied,satisfied,0.017924314,0.08945754,0.8926182
c52e4e3ade51863da2f2aa35cc5a227d,4,satisfied,satisfied,0.007263749,0.033215694,0.95952064
fdb093f5a39af2cb76553e5310fc0acc,5,satisfied,satisfied,0.0075132395,0.017979873,0.9745069
f41d616ebfc70b6c92852cf25d7b3ff9,5,satisfied,satisfied,0.010715333,0.032625377,0.9566593
da107c5799c32b5cfa536f129d6a0001,4,satisfied,neutral,0.07019608,0.8166841,0.11311982
7a0e9b3c9563840363423ed1bda18b77,1,not satisfied,not satisfied,0.9570946,0.037870515,0.0050348304
c31acf62f4b92bfd41939f6c250312bb,3,neutral,neutral,0.09087906,0.78411394,0.125007
177a5945161a894df6d45094f751d10e,4,satisfied,satisfied,0.037437394,0.3354879,0.62707466
1300d461cbaf9b954ea6b1ad5cdde45c,1,not satisfied,not satisfied,0.921311,0.074682795,0.004006156
0c436c9b47be0e6f100f850a01487293,5,satisfied,satisfied,0.0055410694,0.011523727,0.9829352
be6b505f0cf487089068c25ee41eff78,5,satisfied,satisfied,0.008205425,0.015686238,0.9761084
b751e65dd9ddcbc433713b42517200ae,5,satisfied,satisfied,0.0070736003,0.012944248,0.97998214
c1bdfd18e7b8b5fcbcb11ebcb8c0b898,4,satisfied,neutral,0.06926928,0.7756567,0.15507396
5225723cd0383081036d187feb5d51ec,4,satisfied,neutral,0.32065907,0.6515464,0.027794532
9584690de9705233c46f708d089f598a,5,satisfied,satisfied,0.005355538,0.014080062,0.9805644
d58084a157ca34a61c2d2a599457c91b,5,satisfied,satisfied,0.0046789716,0.012136733,0.9831843
118f5d52dd75d848b7f33499ddbebdc5,5,satisfied,satisfied,0.0059709903,0.011632556,0.9823965
0abd0291a22d688538ed6b301e43beb9,5,satisfied,satisfied,0.005282503,0.01780733,0.9769101
e2255b7717e76cc48c6b0a29d2e85581,1,not satisfied,not satisfied,0.50186735,0.47883376,0.01929898
80b2df1bc723714a5039487d522fde60,5,satisfied,satisfied,0.0043364824,0.007832882,0.9878306
c286e350c7ea320f6b97d5ac77d10ecb,5,satisfied,satisfied,0.0072294516,0.019138591,0.9736319
0f232e3b55c3143a5a1dd950785417ed,4,satisfied,satisfied,0.0043173786,0.008799787,0.98688287
3836d94438d9bee25f4e133a9d16dc25,5,satisfied,satisfied,0.0097936,0.05306076,0.93714565
d3d609a193a62e3491416c2fd6df85b5,5,satisfied,satisfied,0.004751041,0.008103677,0.9871453
6ec8c681d87acb46d441ce981dd40837,5,satisfied,satisfied,0.004410518,0.0147514865,0.980838
ed1dd4aee1513f51f5cdaa3bdc9b5fd1,5,satisfied,satisfied,0.0036296723,0.008385561,0.9879848
1a3af41e5e67887c7ba6438c19b1aff1,5,satisfied,satisfied,0.013351537,0.09023524,0.8964132
1b31d616af6479d335b1544a63e16be5,5,satisfied,satisfied,0.006735594,0.014650454,0.9786139
c70aadf75252e06808d67c1a1ff596b0,5,satisfied,satisfied,0.0041872743,0.010130455,0.9856823
0ba887cc3edf8ef58263735a82642f6d,4,satisfied,satisfied,0.04457417,0.6582602,0.29716554
d56bf2d4bbf754b4a79d7f7a3d483674,5,satisfied,satisfied,0.004431139,0.009994596,0.98557425
44368acbd5af1826c397e9aeab854667,4,satisfied,satisfied,0.028494028,0.22392021,0.7475857
d0f886ffeb2aa9a01f3de1a3e964c362,3,neutral,neutral,0.15627082,0.8089039,0.034825284
4b8bd760c2bfc7176e28b3517f4e524c,5,satisfied,satisfied,0.0061247246,0.02191758,0.9719577
99fd2a3666f16d5bc7949728a9ad09c6,5,satisfied,satisfied,0.0047257105,0.009410907,0.9858634
7d8e171a6643b624a2e05cf421a883e7,5,satisfied,satisfied,0.006385139,0.025196107,0.9684188
804a03dda29f7d7241bd27aa1e9ea3cf,1,not satisfied,not satisfied,0.5623831,0.4040385,0.033578355
83e958c7cb06b60456e94c0ce35a1a3a,5,satisfied,satisfied,0.00606951,0.01218072,0.9817498
7b6ab63a40e2cf02badb6051fc7a7332,2,not satisfied,not satisfied,0.5391727,0.44886315,0.011964165
c06ff7de2bcd641586edf750e9d0bd8e,5,satisfied,satisfied,0.009443319,0.028799798,0.9617569
d24ec5bce9f8fa97914f0de34b8ddab1,4,satisfied,satisfied,0.02637349,0.09108496,0.8825416
da69009be217fd6f88eee19dd9b0c2d0,5,satisfied,satisfied,0.0054238676,0.02011566,0.9744605
b8b3eb8fe70a0ed0aac79f0569171ed7,5,satisfied,satisfied,0.0042813644,0.007307753,0.98841095
8d0820f548962ea052f87a9e74f0a487,5,satisfied,satisfied,0.094391935,0.48807913,0.417529
cf9383011a292a9c18c46af3b1710985,5,satisfied,satisfied,0.004778075,0.008840115,0.98638177
8c797820bd161e0614fe58292de39db2,5,satisfied,satisfied,0.0042546345,0.010842335,0.984903
5dda47b6c600ad04b046e98c7ccd0318,5,satisfied,satisfied,0.0053199115,0.008967977,0.9857121
17426bd57f83f1d28aec86442986396f,4,satisfied,satisfied,0.017890172,0.14660168,0.83550817
c59e8b2d8de81af67864e5ad183572bb,3,neutral,neutral,0.3726739,0.6043046,0.023021499
4183ebd504f8644a118bf47c2a667325,4,satisfied,neutral,0.15669543,0.7792294,0.06407514
3e2087cb12a509b0bd8aac3c1fc29cb8,5,satisfied,satisfied,0.004649461,0.009229289,0.98612124
96ed23d7d9d884eed051e77936927321,4,satisfied,neutral,0.20083487,0.7305748,0.0685903
083462c0986abe9be4022fa2b1ebcb89,5,satisfied,satisfied,0.0053411447,0.011497272,0.98316157
4698f728c42022ff228595dbb683a935,5,satisfied,satisfied,0.0066446518,0.021039465,0.9723159
7fc81114e22607d37d53ec635fc9fe42,2,not satisfied,neutral,0.23040864,0.7334318,0.036159523
9ef3292791fed8bdff70a17b0a9c5703,5,satisfied,satisfied,0.055988915,0.60675436,0.3372567
66fa6e9b6558d12b7fcd4d66d647bd6c,4,satisfied,satisfied,0.006463804,0.0153508745,0.9781853
d69b396761155c4357173cfc67871dba,5,satisfied,satisfied,0.004096216,0.00765644,0.98824733
3bfae4105f6a1e28b460ee24aa8a1e24,5,satisfied,satisfied,0.0049879826,0.008549242,0.9864628
fcc514109f91e502b34d44f94134185b,5,satisfied,satisfied,0.005362892,0.010192735,0.9844444
176cc5774d567114a2e79814d3ebd55e,5,satisfied,satisfied,0.060277823,0.67128634,0.26843578
ee1202dd069aa563fc3cff932430cc34,5,satisfied,satisfied,0.023705922,0.18109927,0.7951948
a4b14a7e6f6f90afe36fba0461994e8b,5,satisfied,satisfied,0.0048012394,0.010656017,0.98454267
5c5a9ab7a658c990f0657cebb8cf3062,5,satisfied,satisfied,0.00467165,0.012418405,0.98291
1c13e8b68ccbae43f8a1e884b9d3055e,2,not satisfied,neutral,0.18124096,0.7889213,0.029837718
2390f7eb38c2bfcafb7bedc2907e78db,5,satisfied,satisfied,0.006968031,0.022506641,0.9705254
ac512e568cbdfd8952c975af36a2c2c4,5,satisfied,satisfied,0.0051139398,0.009545828,0.9853402
c7841e49367ed4a3400f93de4b883276,3,neutral,neutral,0.25180838,0.7010029,0.0471887
14e3bbf192986e5089c5385ff092ef4b,5,satisfied,satisfied,0.0054481127,0.011560442,0.9829914
1c17e55737fe5e8f7191522ca998de2c,5,satisfied,satisfied,0.010398089,0.015393017,0.9742089
cb3a2e155f0314cfec8c02e777a02c18,5,satisfied,satisfied,0.004533606,0.0070871995,0.9883791
d8495dd85e71aa78d43302dd07adaab7,5,satisfied,satisfied,0.19261973,0.60497963,0.20240067
514da920122b38444997d3b49a3da2d4,5,satisfied,satisfied,0.0062787705,0.020336883,0.9733844
04cf28b00b6908d3eeb2740f1108ab1a,5,satisfied,satisfied,0.0040886537,0.008143187,0.9877681
8260d12c051fd52664eb98234ff7e849,5,satisfied,satisfied,0.0050119874,0.012873015,0.98211503
89616126453e78a648ac1166959b7ba6,5,satisfied,satisfied,0.007470183,0.02609421,0.9664356
c31b3b50a59c8cb08f0e91a134d42fc4,5,satisfied,satisfied,0.0038858054,0.008425516,0.9876887
8f07d0dd3e6e3a5b346e6887cedf3dd8,5,satisfied,neutral,0.13720556,0.8040725,0.058721934
a2f33b3c0f7ba1671d17b5e5960db7d3,3,neutral,not satisfied,0.66004556,0.32918656,0.010767946
26bc2b033fd99ba61d8ed1fb2bf45b7c,5,satisfied,satisfied,0.08456076,0.6393192,0.27612007
9971f6c3bf1242b69b072c74a3533628,4,satisfied,satisfied,0.028087847,0.23789348,0.7340186
8f330f5ff1636534a96274ae1756d70b,5,satisfied,satisfied,0.0058736657,0.019598162,0.9745282
54401afcf213a4521eb0b10657255390,5,satisfied,satisfied,0.009319603,0.026982196,0.96369815
9fcf88e2497ffb62a72bf590737e00ad,5,satisfied,satisfied,0.006185131,0.020754308,0.97306055
9b99faa845ef554f5be8b8e07fe653e4,1,not satisfied,not satisfied,0.9201738,0.07615879,0.0036674277
c2166ab7c6d5fc7d238794dd05559c8b,5,satisfied,satisfied,0.008670639,0.020587815,0.97074157
410c5a95fc52c0e400ba18135cc46370,5,satisfied,satisfied,0.0061436277,0.008734301,0.9851221
e1504ee8da680eb51eaa252f1e395955,2,not satisfied,not satisfied,0.89742297,0.098517165,0.004059908
c97540cf6da842c52ded236f9e6f4886,3,neutral,neutral,0.101979084,0.7446212,0.15339972
3f124e30f59da81740454ac7b95c3485,5,satisfied,satisfied,0.015682949,0.041637003,0.94268006
2e8a4725533d62e78792cbdc6345c1c9,5,satisfied,satisfied,0.0054970942,0.017871514,0.97663134
c5e6e33a7ad5c60c6b5b1124da6e09cb,4,satisfied,satisfied,0.057502892,0.5137738,0.42872334
b9d94418d9d3d44f2f83fd0cb7d37e33,5,satisfied,satisfied,0.007161256,0.025432294,0.9674065
683014a048b34c74eea67295e0930e3e,5,satisfied,satisfied,0.009255813,0.02073527,0.9700089
2a80d39042d1008e3ae0644c30702c23,2,not satisfied,neutral,0.29947305,0.66520584,0.03532116
33a3510abd362e6ee26ef19b830a624a,5,satisfied,satisfied,0.005636678,0.009196566,0.9851667
d82e80eef5a66f897066b55475798957,5,satisfied,satisfied,0.0048202365,0.010920749,0.984259
47f8b0b80f1c6cc159019ce8a7f2ec12,4,satisfied,satisfied,0.058627255,0.62575394,0.31561878
6bf86b106eac6467f68b33c52c37a713,5,satisfied,satisfied,0.0043145744,0.009666041,0.9860194
2a89952a95514d733c05daa02ecff8c5,2,not satisfied,not satisfied,0.82218057,0.17205985,0.0057595535
073b7f13ea81e9d206e141065425cf34,5,satisfied,satisfied,0.0074759587,0.020556143,0.97196794
106556601527f8dc63885b51bc5cd315,5,satisfied,satisfied,0.0056856493,0.010512566,0.9838018
95a03319480e3d9dbafa71a0d90f5d8d,5,satisfied,satisfied,0.012081046,0.085176155,0.90274274
b439b24128321833a0a937f1a195d484,3,neutral,not satisfied,0.7693599,0.22421142,0.0064287046
14f39e31a843626f8197b51ebf7eab06,5,satisfied,satisfied,0.00616661,0.024370955,0.9694624
04a331395c98d83dfcf6111bc70db85d,5,satisfied,satisfied,0.00679011,0.013135997,0.98007387
26ab76b59b507ed5cd52643991b6f80e,5,satisfied,satisfied,0.0052072047,0.012440897,0.98235184
7ec80d555723e1ae3b17a33d178fff2e,1,not satisfied,not satisfied,0.91520363,0.07696484,0.007831615
2f54cc138445c95654ef2a87b82430ac,4,satisfied,satisfied,0.05075144,0.30581713,0.6434314
b3bf667a4f744b77fea22d9e1c495685,5,satisfied,neutral,0.13607283,0.7058861,0.15804105
8730626edee7d517dd9fcf080c188f8d,5,satisfied,satisfied,0.005349448,0.011185226,0.9834653
9f815ef08a02e911c47dd52237326748,5,satisfied,satisfied,0.0040556258,0.0085715,0.9873728
1666e329b87fad944d8e977958782f30,5,satisfied,satisfied,0.0043112803,0.007701434,0.9879873
20478fab1d849f55b74b634e5cc59be8,3,neutral,neutral,0.1380978,0.7594208,0.10248144
fa5384b03b4669fceecafb47bf8049a1,1,not satisfied,not satisfied,0.954509,0.0412602,0.004230779
9bef3587e26b8df30ee100966055b42d,5,satisfied,satisfied,0.02228013,0.06596098,0.91175896
932823272cae4fcd86e9d8c1c0a8e7ae,2,not satisfied,not satisfied,0.6409052,0.322997,0.03609779
433a3ac22e76a1f38da79bb56c228e66,5,satisfied,satisfied,0.009077519,0.018719938,0.97220254
a0987a8c199e1b21f12b38a0ac17e44d,5,satisfied,satisfied,0.013356316,0.07480204,0.9118416
7cb40869fddf747b6ba19faa464052fc,4,satisfied,satisfied,0.005788148,0.022086052,0.9721258
7655b74d810d955732d99e9c0c4a341b,5,satisfied,satisfied,0.012324693,0.035938736,0.95173657
2888f274734c7bbb566f209cf933a854,5,satisfied,satisfied,0.004028036,0.006946897,0.98902506
c48458c216053c72c3d60dc7b718f882,5,satisfied,satisfied,0.0038516922,0.006811676,0.9893366
1f0677cd55161b9e5e8c0711337223e7,4,satisfied,neutral,0.05567474,0.7501648,0.19416036
3c98399b4aded6e4322367b98926c2c5,4,satisfied,satisfied,0.0057068616,0.017748024,0.97654504
bfa33f6296826de84dd04fe8c73a228c,4,satisfied,satisfied,0.036845595,0.1767864,0.7863681
fb46b752589d21efe8f2320b810a5731,5,satisfied,neutral,0.094789736,0.7051957,0.20001455
b3b8d4e7362120eaa192e71224d1fbf1,5,satisfied,satisfied,0.0044316775,0.007264239,0.988304
e63ea8f84ee0b7aba8ee12d70360b540,5,satisfied,satisfied,0.013946518,0.056544468,0.92950904
0ec3e5b7649b8b3ad3e746b3d3beb1e6,5,satisfied,satisfied,0.0059549157,0.012245892,0.9817992
de7ee42995f45f549a5f3d41fc3ee371,5,satisfied,satisfied,0.005597911,0.009249131,0.98515296
b939ffde2ec1bc57e8e9dc7ad3694eda,1,not satisfied,not satisfied,0.9498928,0.04485196,0.00525518
ad86c89b9a003e37ddb75e72cbbc6e28,5,satisfied,satisfied,0.007037042,0.015693305,0.97726965
047e39ef4e55b3cb86e43c74c7e9a8fc,5,satisfied,satisfied,0.006234198,0.026917176,0.9668487
74644257419a48baeacec064787da159,5,satisfied,satisfied,0.004684283,0.010255235,0.9850605
fa04937d5ea7f8a87189b30b79a6d507,5,satisfied,satisfied,0.0046764314,0.00839802,0.9869256
63b57f9ddb1655ca6bdaa99b8b1e9861,3,neutral,not satisfied,0.95232975,0.043906126,0.0037640682
c0d5acd77654fc12dfaf28cc652633c4,5,satisfied,satisfied,0.0060482067,0.011964069,0.9819878
b031ad73c58fe2ee56245b7b47b09236,5,satisfied,satisfied,0.004253612,0.0082306545,0.9875157
8414a14c2e742d8f95ccca73f702b057,5,satisfied,satisfied,0.0040823105,0.009335905,0.9865818
43e92ff74c27a9827835cbec32c2b36b,5,satisfied,satisfied,0.004741557,0.00974455,0.9855139
bacb4f90493b8e968668be2ae6ff8857,4,satisfied,satisfied,0.030161649,0.35798112,0.61185724
80311f4f0f8bf4185f5c8b2ce9ee1343,5,satisfied,satisfied,0.0046417,0.014895089,0.9804632
75cdb80ee918e88dc4fbc42cf43885a2,5,satisfied,satisfied,0.0047357,0.01149654,0.98376775
57a6517f32dd0efb68a54a68d5e468ce,4,satisfied,satisfied,0.0085190935,0.028585358,0.9628955
111b845e3a714f9fa6c987c0615ee836,5,satisfied,satisfied,0.0046598525,0.008457854,0.98688227
4f728fd004df3c615b9dc2634d5e85fd,5,satisfied,satisfied,0.0037421922,0.008690628,0.9875672
5ec47074fad760b742d831a95cf6281a,5,satisfied,satisfied,0.008591457,0.023285083,0.9681235
cc80d4becd80b94ccf1dfdd835dab99a,3,neutral,neutral,0.09228867,0.7762186,0.13149282
f68138b5af3647d6485290e2039eb50a,1,not satisfied,neutral,0.40453014,0.5731652,0.022304647
b67be674f71a7b93573f7a97b32b14cc,4,satisfied,neutral,0.066084616,0.76074785,0.17316757
c2365e893fd83598110d072deaa1e871,5,satisfied,satisfied,0.073272556,0.363161,0.56356645
29a8b155e781d49d0c34f1e995a7edc8,3,neutral,neutral,0.054862946,0.74095684,0.20418024
68ea2e26c5f60aa3d40f9f60cbdafe98,5,satisfied,satisfied,0.0036622446,0.0064819413,0.98985577
ea59df155f10e8147140961b8b1cbf2a,4,satisfied,satisfied,0.074971355,0.7102361,0.21479256
39d10f1d0960337a0d8cda87b3a021a5,5,satisfied,satisfied,0.0053849593,0.011964254,0.9826508
741b6453723766aab0abb962583776af,5,satisfied,satisfied,0.004557837,0.009018976,0.9864232
0528de2f085e89f0f11944b88a7d92e7,5,satisfied,satisfied,0.0039918455,0.007574827,0.9884333
1fe3c66865bad69dc0d978a4582d820c,5,satisfied,satisfied,0.006434705,0.012596061,0.9809692
1b719dad0de035ff04c0c72e9d18106f,5,satisfied,satisfied,0.004307258,0.010852404,0.98484033
b1d753cbda89413e1010621bcf5c0650,5,satisfied,satisfied,0.012897809,0.096496224,0.890606
69865c90635bb014394aa7f73563a129,5,satisfied,neutral,0.25782648,0.65459645,0.08757705
e4576d7de3c08fba9ac2c952f9c7cadf,5,satisfied,satisfied,0.0054988796,0.012661042,0.9818401
abef017c99213601970d79dd34cf09da,5,satisfied,satisfied,0.007013939,0.012571642,0.9804144
55dce47f9323e46b8d65503f89d122e3,3,neutral,neutral,0.0630635,0.79639035,0.14054616
2544cbe759e0d352bd20344a260e45ab,5,satisfied,satisfied,0.004562375,0.009931193,0.9855064
d771900af2bec2ac9c7c3e270dfb69c4,1,not satisfied,not satisfied,0.52045494,0.4670682,0.012476866
722d9e85e92fcf5faaaa1583c1567fff,5,satisfied,satisfied,0.0036630721,0.0068705925,0.98946637
bd915a0c565f35c8935d7688f0888751,5,satisfied,satisfied,0.005892281,0.0133991605,0.98070854
1535ca540adeb03dcca2a7686902ba56,2,not satisfied,not satisfied,0.94580036,0.05052147,0.0036781922
6712d2a85f64c358053fe1d5ced4aa20,5,satisfied,satisfied,0.003771241,0.008245486,0.9879832
a85996f80a06429534ba30e148f0869e,5,satisfied,satisfied,0.005847113,0.015686413,0.97846645
0e04a67b8e06a32f67875d0a3a5ee575,5,satisfied,satisfied,0.0037299925,0.010183234,0.98608685
05ba50c289b749c831ea595b144a3573,5,satisfied,satisfied,0.0048504793,0.012190371,0.98295915
0494eaf504d133b2f9c7510c68d70a38,5,satisfied,satisfied,0.05309446,0.54494774,0.40195778
b65d373a61562e4a4cefb3d10202367b,5,satisfied,satisfied,0.0061500533,0.0091762375,0.98467374
8e87b04c78f2b4b64fe569d04ac62526,5,satisfied,satisfied,0.004403738,0.010003596,0.98559266
50fe9ddc17f099a22e68da1eb06ceed7,4,satisfied,neutral,0.13171367,0.80882245,0.05946392
814f711d69311ba428db640560946305,4,satisfied,satisfied,0.04099464,0.38539046,0.5736149
fc4330a0b3bacb0c58374916e1791762,5,satisfied,satisfied,0.018790886,0.09655814,0.88465095
aa6c163705995c0113dfad5c31fff8df,5,satisfied,satisfied,0.009381698,0.03948674,0.95113164
b5930c1256b2ee672b0e06ea1d07c633,5,satisfied,satisfied,0.0050148806,0.012861095,0.98212403
740eeba35b85363a537b9e1db22c91f9,5,satisfied,satisfied,0.005118681,0.015812583,0.97906876
83d6afb70adb37da0ca2c62cc1bb0b95,3,neutral,not satisfied,0.89978516,0.095574245,0.0046405704
dcc4bf7440d12aa40b4f0c4cfd1fb5c8,5,satisfied,satisfied,0.0042714337,0.012213641,0.9835149
78ebb5ab7d87b4f8402946bcd7c5d678,5,satisfied,satisfied,0.0083144605,0.012572319,0.97911316
ba1994cd556645d1f59d8fc9ef97159d,3,neutral,not satisfied,0.48968577,0.4927072,0.017607113
2c52687b287f27ff310ec4e07ec20f04,5,satisfied,satisfied,0.0058798846,0.009089945,0.98503023
cdb3f4aaf99687343e243f146261be02,4,satisfied,not satisfied,0.50047046,0.48628974,0.013239825
5762d5e8d213b2f3dfebec7105cdd51d,1,not satisfied,not satisfied,0.9291481,0.06598213,0.004869769
ddd568a011d9fa25576720b1020dc3b6,5,satisfied,satisfied,0.0054371143,0.009955336,0.9846075
cab92bafff5fb600e3e8089de6c643da,5,satisfied,neutral,0.3703739,0.6040515,0.025574537
1dce889072d994582e7f01f2b29d7b1b,4,satisfied,satisfied,0.011848631,0.066938,0.9212134
97e7958d945a9e6331b2d65251535614,5,satisfied,satisfied,0.0043584863,0.009243124,0.9863984
c0fea07a712b6a4bf7f363e588607b47,4,satisfied,satisfied,0.007014487,0.025287228,0.96769834
66b8c9fe3269814d6dda827f56ec93d5,5,satisfied,satisfied,0.004519314,0.009268441,0.98621225
80115acae27fcfcf800fdf2dbc5df0e1,5,satisfied,satisfied,0.0074756444,0.021939863,0.97058445
7f254bed577dc020bc337ed0cf531873,4,satisfied,neutral,0.16031095,0.7829189,0.05677008
83e12764ed0dc3e1289c69e64d7c69b5,4,satisfied,satisfied,0.08101711,0.64410603,0.27487683
15ed476a8969fc9dcd2c26e21be984af,1,not satisfied,not satisfied,0.8618411,0.13275178,0.005407052
b9ae92d187104c80ec1eabc91af5751c,5,satisfied,satisfied,0.004236246,0.008725683,0.98703814
5e34b3c939bfef5246a620461f52968a,5,satisfied,satisfied,0.058485825,0.68921804,0.25229612
86bd100141fcad561562a27c1574213d,5,satisfied,satisfied,0.005479042,0.01126861,0.9832524
921f583e6a0e5e1565f92033cc89eefb,1,not satisfied,not satisfied,0.83777875,0.15615964,0.0060616327
14fd1caa0c037b5044cc12eea761df3c,4,satisfied,neutral,0.14852779,0.7639133,0.08755899
b1a8f7567fe00d1977af58d4d63fa0ac,1,not satisfied,not satisfied,0.9615924,0.033986963,0.0044205855
2d4092befdb29a70823741b14a24fb0c,5,satisfied,satisfied,0.005867125,0.016878564,0.9772543
635d460eadb3270bdc4a4b9ff44c8b50,5,satisfied,satisfied,0.004992675,0.010148615,0.9848587
f9f8dd6ac24dfab6cb6f5b5a197a7556,5,satisfied,satisfied,0.008689194,0.036936622,0.95437413
ddeaeec89c2139805e5d32096ce46746,5,satisfied,satisfied,0.013068546,0.054134212,0.9327972
52b077060c7b33f4650757954b57cde0,4,satisfied,satisfied,0.03911488,0.5291562,0.43172887
b802b600c9402105aedb63a1eea28c3f,5,satisfied,satisfied,0.009953858,0.030490506,0.9595556
4af5164ee829cf2bf4d9f21a92cb87c0,2,not satisfied,neutral,0.17274459,0.7422469,0.08500854
187d5c0625041beddc6fbf80a0f79bca,3,neutral,neutral,0.14835785,0.810263,0.041379143
9b85d96dd7f3577d78406b4f54bf4e4d,5,satisfied,satisfied,0.003799816,0.0072444067,0.9889558
cddc937291bee311e162f1bcc380928d,4,satisfied,neutral,0.113679476,0.74394786,0.14237268
d9d7dec67e56d0fcb1253eddc340f52f,4,satisfied,satisfied,0.03517921,0.43304923,0.5317716
9d2aee8c7541cbb3057be14f57e65cda,5,satisfied,satisfied,0.004412331,0.01076098,0.9848267
3d67dd7f56f809aca878d1f55fd2dfb9,5,satisfied,satisfied,0.004873214,0.0075886906,0.9875381
f0b50af811aa887c698b56e0d967c3dd,3,neutral,not satisfied,0.89977896,0.09579271,0.0044282693
d5a3875c80a2ceaabf1e18f2552a2b34,5,satisfied,satisfied,0.0042715855,0.00903927,0.98668915
05c03d2d08d5b1be3890ec0af5dafd77,5,satisfied,satisfied,0.0076643657,0.030429155,0.96190643
5d0325249ceff904f8b56e539061bde4,5,satisfied,satisfied,0.0081992615,0.019620225,0.9721805
8c37e004ec0e7635bf60c9cc27aeab36,3,neutral,neutral,0.23060875,0.67400616,0.09538501
cf8b26622427a379c78dd829668d1a49,5,satisfied,neutral,0.16004716,0.75416017,0.085792705
eabc48ad6ad00f1220b2bce5c19d7c1b,5,satisfied,satisfied,0.0058927927,0.016410666,0.97769654
9ad8e6ad1bda5486b18d6348362fa430,2,not satisfied,neutral,0.060400233,0.8088204,0.1307793
9c5e48bd9cd6c343c04ac7d46fe464ff,4,satisfied,neutral,0.13933969,0.7693434,0.091316946
d3b7e3e19bc2b815f3c9b0eaf81e1450,3,neutral,neutral,0.12281317,0.73220605,0.14498077
d9bd6fa6439f651223fa2df93a8c649b,4,satisfied,satisfied,0.03711033,0.48619032,0.47669944
dc3d3c96c981ef0662e5ab069db25bcd,5,satisfied,satisfied,0.0045456532,0.0120436335,0.98341066
b0ccd7eb9c6f611660dd57b35d8c0a3c,5,satisfied,satisfied,0.010310027,0.04301549,0.9466744
982e3fad0d2e1f2ee7e129e0330f11bd,3,neutral,neutral,0.40075508,0.5765982,0.022646582
477f92012f11a954c31a5b852ff72d54,1,not satisfied,not satisfied,0.5915738,0.39630404,0.012122243
a6f76eac918ac9a462b9ecf05ef9455a,5,satisfied,satisfied,0.0047478983,0.010736832,0.9845153
84e35edcef808ebcf81f2e73567393dc,4,satisfied,satisfied,0.009922975,0.027197419,0.9628796
2ac8f408bd6dd9c2d4275737eb065750,2,not satisfied,not satisfied,0.6226964,0.3675927,0.009710855
48f981d2bae09f44f68c719c89bdac79,5,satisfied,satisfied,0.0064485413,0.017506924,0.97604454
4b195f7236e9df074a190fd739d852aa,5,satisfied,satisfied,0.0068663424,0.020795973,0.97233766
59539019aad0c3f7156b245691a64320,4,satisfied,neutral,0.14464858,0.7961027,0.0592487
149122efaecad1604b0e7a9f552f2b73,5,satisfied,satisfied,0.0072359033,0.011954902,0.9808092
560b66330755a2db5e5f4954207f4327,5,satisfied,satisfied,0.004234655,0.00885273,0.9869126
a6177770c8ba59087cb54e86b7eba786,4,satisfied,satisfied,0.004676273,0.011254765,0.98406893
3cf147e26b949314310cba7145333b20,3,neutral,not satisfied,0.7282656,0.26305085,0.008683615
0d2d2dcef839c9fb65ebbcd54a2cf794,4,satisfied,satisfied,0.016450351,0.10162208,0.8819276
e89a1a3d178cbfb3bd9778d330cebcd8,2,not satisfied,neutral,0.15287514,0.7924313,0.05469352
eafa91dd1871de917566e88eccef5a0d,5,satisfied,satisfied,0.005274297,0.012074455,0.9826513
8c280fdb44177fcd2643664e0ed5eb1a,5,satisfied,satisfied,0.011342562,0.044325043,0.9443324
a33335f41a634e704353ac51d14db1bb,2,not satisfied,not satisfied,0.6411561,0.3432499,0.015594074
ae3a0e23aa5d9b773b96720136d26322,5,satisfied,satisfied,0.011533518,0.021519741,0.9669467
3425402790dbc00822d5c5a10bc83fad,2,not satisfied,neutral,0.36050883,0.61397773,0.025513453
844059acab3f1446118f93e395660575,5,satisfied,satisfied,0.004986664,0.012090992,0.9829223
dd9e2e1498d2ba53f92d61db60773a71,5,satisfied,satisfied,0.007042177,0.025137017,0.96782076
b5b25c30ddd26845d0503fa3e03e90cf,5,satisfied,satisfied,0.0053665824,0.015679661,0.9789538
620166f0b6addcdef4f089e5a3992b99,5,satisfied,satisfied,0.0051133684,0.010012559,0.98487407
55ad8e557d48a87eebd165e3ef73c68a,1,not satisfied,not satisfied,0.9087014,0.087389916,0.003908723
0f3fac017a240d173194d5690b7bfd78,5,satisfied,satisfied,0.005144924,0.007958089,0.98689705
7c177188e448b716cb0c9c6142e97bd8,5,satisfied,satisfied,0.006698359,0.029211542,0.9640901
16aaca1ca6d2867a369e7c239d9f3212,4,satisfied,satisfied,0.004730129,0.010996019,0.98427385
12733e6d1c421089018f98066fb90a45,5,satisfied,satisfied,0.0060584582,0.01332026,0.9806213
fadf5277579a83ccbabf3ec94f3ce61f,5,satisfied,satisfied,0.021646641,0.19212836,0.786225
1492079f239419e595547e8c0a28b525,5,satisfied,satisfied,0.0075503243,0.021410504,0.9710391
d542905a5b4d2394b0480994a49fa936,2,not satisfied,neutral,0.22457762,0.7428747,0.032547645
4f90c3cb7b73c5890cf44ef77b61550f,2,not satisfied,not satisfied,0.65696084,0.33129072,0.011748497
ca572d7bb2af47b156124d168e584352,5,satisfied,satisfied,0.0046688314,0.013927672,0.98140347
3d7722e5fc47209f6607d54d03ea5456,5,satisfied,satisfied,0.004136582,0.008499233,0.98736423
4bf17d8a45638a369dde46a2f17ac0d0,5,satisfied,satisfied,0.0034122167,0.006617455,0.9899704
462ea6cc844dfa6c626371af5de0074a,4,satisfied,not satisfied,0.73603064,0.25258777,0.011381604
afe2af159edc74372398e093d57eb2a9,4,satisfied,satisfied,0.048485477,0.63948834,0.3120262
c4b09e132de1cefd700fa5c2fef1343c,5,satisfied,satisfied,0.004611891,0.010592319,0.9847958
b3a64f4a103bf5eeef255883972e72a4,5,satisfied,satisfied,0.004324703,0.007949349,0.9877259
fd77c10d92c5d246f96507a096e016bd,5,satisfied,satisfied,0.00814012,0.035310373,0.95654947
f5ed28670fc85e7776c43643256d8ceb,5,satisfied,satisfied,0.011710602,0.034180414,0.95410895
e9be5981db8cd146e3a5b039979d9741,3,neutral,neutral,0.2781515,0.6920176,0.02983081
d706f15c22001e5fd3dba207ddcab34c,4,satisfied,satisfied,0.011972016,0.06380746,0.9242205
bec63f8cb1e42766a5d47bc12856ee16,3,neutral,neutral,0.3089371,0.56366825,0.12739466
26e41e14137771f650ee8370818ee1e8,5,satisfied,satisfied,0.0035787732,0.008001308,0.9884199
aad97c3c26642661d74aa38d7ef88023,4,satisfied,satisfied,0.0068840855,0.014571962,0.97854394
01bd2f68fc2779de1af4a7825f433548,5,satisfied,satisfied,0.007981858,0.036555365,0.9554628
2ee6e0909ba6d90471ca1e51ad84afd1,4,satisfied,neutral,0.063725986,0.85506636,0.081207655
5c38f6848a0af2ff4aa24691d988b931,5,satisfied,satisfied,0.005371879,0.009789606,0.9848385
fcb45aac65e65f9f61fb8410dc009228,4,satisfied,satisfied,0.02773259,0.33740115,0.6348663
a0026bf2a34a74dffaf6bfb22bd67e59,5,satisfied,satisfied,0.017804371,0.051122367,0.93107325
f537c416b036cf88f3e7dbfefa854bde,5,satisfied,satisfied,0.004803253,0.016762441,0.9784344
e8d38614ade94394e38440683ef5e7c4,5,satisfied,satisfied,0.033793885,0.18398161,0.7822245
4cd924e4ac7eda60e0c59e6f8d3a88e8,4,satisfied,satisfied,0.01448833,0.10954874,0.8759629
d932020d30dd46546ec10905376dc7e8,1,not satisfied,not satisfied,0.8555283,0.13912126,0.0053504463
04bed7dd3c90570b36037e51ad05cdcd,2,not satisfied,neutral,0.20846665,0.73688906,0.054644242
a9294e256a00c14c5aeaf97208694ea4,4,satisfied,satisfied,0.0043930993,0.009920464,0.9856865
665d8bc6702d5ff820d6905c05871c39,5,satisfied,satisfied,0.0041294424,0.009182475,0.9866881
186cfd67b353ae14caa3e1338083d8c7,5,satisfied,satisfied,0.004073814,0.008349917,0.98757625
67b0f077dc0a19232e1348c8f88cc722,5,satisfied,satisfied,0.007906358,0.013363022,0.9787306
f616f700bfceba9bac4a6d5fa68f363c,5,satisfied,satisfied,0.004227118,0.011626222,0.98414665
f777204865bd39c22b76d97fe61e5f5a,5,satisfied,satisfied,0.0045233695,0.008720582,0.9867561
a336aa7484615d61aa4f94ed62270bdf,3,neutral,neutral,0.22620888,0.72569746,0.048093665
0a0bc5ea928fe6bdc2b86f1c3492652d,5,satisfied,satisfied,0.0076666684,0.02199457,0.9703388
41f910560ecdd8596be66a37c3278d1f,5,satisfied,not satisfied,0.9583572,0.037276283,0.0043665357
8d1b1f7ab2397c4199fc3a8159014f69,5,satisfied,satisfied,0.005571518,0.012036184,0.9823924
eb83a3c2237305bf9b88c6f0157602f6,5,satisfied,satisfied,0.005404211,0.012946201,0.9816496
96de754e814482d7ec43a7516f0cd9d5,5,satisfied,satisfied,0.0037436201,0.0073810695,0.9888754
eb57cc078a52e53a0b704fd32d02d634,5,satisfied,satisfied,0.005927861,0.010573321,0.9834989
28341209832830dee0716834ec7c6cdc,5,satisfied,satisfied,0.0047607315,0.0142878685,0.9809514
90f5092c29831863993445eb7bda9fbb,4,satisfied,satisfied,0.0063759806,0.019072995,0.974551
9b630a279bcbddae6378e0d274af1bfd,1,not satisfied,not satisfied,0.94370055,0.052275978,0.0040234956
32c575f7ae8fb94e2df0964d97594ba2,4,satisfied,neutral,0.1341019,0.7420421,0.12385597
6c98edd87c56432a9623558bc47104cd,5,satisfied,satisfied,0.0057821283,0.020914415,0.9733035
cb4b2d86872665e6774d12f7eb20e54e,5,satisfied,satisfied,0.0036956249,0.008069389,0.988235
82d560f4a6e06ce82aee84233d98492a,1,not satisfied,not satisfied,0.9421393,0.05397976,0.0038809578
d4e534511e32f94421824c97a28f2900,5,satisfied,satisfied,0.004224136,0.010723563,0.9850523
c707c0bd898e03f39312f5ba10c1a641,5,satisfied,satisfied,0.011538928,0.034612328,0.9538487
ccad7ddda118b73ca5e50927da11098d,5,satisfied,satisfied,0.0045682658,0.00871547,0.9867163
52f8090c501eccd3c90ca5ccd9b67a2f,3,neutral,not satisfied,0.7223111,0.26911348,0.008575439
0b4364113ce888fb00a323bb0a639d99,4,satisfied,satisfied,0.018103674,0.14804004,0.8338562
3d8ead825d3358404371ceaa5fe016c7,3,neutral,satisfied,0.056590512,0.44416672,0.49924287
7861f47dc6a4654c2c20a2d46b2737f6,5,satisfied,satisfied,0.00360892,0.0065529924,0.9898381
95a40791fb656d1c66d4ac18acf6af08,5,satisfied,satisfied,0.008480425,0.01429876,0.9772208
a55908a275215aab25bda933aa32ba95,5,satisfied,satisfied,0.0093431305,0.016250813,0.97440606
4f60cfb42dc75cf276991d8db0daa7f3,5,satisfied,satisfied,0.0055076256,0.010861755,0.98363054
58dcde95e4e536fbe45f070004873bd7,4,satisfied,neutral,0.09654316,0.74270725,0.16074955
8b8812588745562a907b4ec2af8b6ecf,5,satisfied,satisfied,0.005591133,0.018480113,0.9759287
36dba16f19633a50ee44611550e5777f,4,satisfied,satisfied,0.007411353,0.035988435,0.9566002
5f4d50fa20b7f70777088bc741e60300,5,satisfied,satisfied,0.005092339,0.01346733,0.9814403
4b0d05fdd14e1a72fcc804347f1165ec,5,satisfied,satisfied,0.004534218,0.012539577,0.98292625
4dd7cae3c292568da19f4bccf32d7d14,5,satisfied,satisfied,0.05045411,0.34064746,0.60889846
f8bdf689c20b9cdc6ac444326d51ae9f,5,satisfied,satisfied,0.08436326,0.6780091,0.23762763
2e8b5696f455c81d53b8129e97dc968c,3,neutral,neutral,0.20553672,0.7595766,0.034886647
c693215a998bf78e1a554bc4c62336b9,5,satisfied,satisfied,0.004488905,0.009308747,0.9862024
48812bdda44d8506e4cfa9bd21a8a464,1,not satisfied,not satisfied,0.94983536,0.046146866,0.004017706
f27a2c0ca9ba3d03416ab2e6f53fe780,5,satisfied,satisfied,0.0043942314,0.009232189,0.98637354
59848a92f8b1e753b9f789979110b162,3,neutral,satisfied,0.062313523,0.70174825,0.23593824
dbc9ac389a9ade08bf5dfb4315945f0d,5,satisfied,satisfied,0.0054127485,0.008539717,0.9860475
91fdf4de3ebb369d5f524afa10162180,5,satisfied,satisfied,0.005419963,0.010731794,0.9838483
b63cedb58c722588568a05642ad8f631,5,satisfied,satisfied,0.008832072,0.02726296,0.96390504
e702cc1b39c44f1c3e7905f6f1d60605,3,neutral,satisfied,0.1986057,0.53222233,0.26917198
0909e0600bc1b0fb033d99386e83bca8,5,satisfied,satisfied,0.007787964,0.051106717,0.9411053
cc68371f8a823390887eee304c28331d,5,satisfied,satisfied,0.004120049,0.008757413,0.98712254
ec8af8d7d134d3c3187f0f7ce93a5ab2,5,satisfied,satisfied,0.0059629795,0.016424105,0.9776129
d6f08ae588cd7dd5fb855347e5cca1d8,3,neutral,neutral,0.046240922,0.733505,0.2202541
1ab9e706af3c17b23359c9e70247586a,5,satisfied,satisfied,0.0111029465,0.05754911,0.9313479
afb6a5a29505898afdf0b85249873592,5,satisfied,satisfied,0.009254755,0.03119799,0.9595473
458520784fcc543d9a05b61cbc55cbe2,4,satisfied,neutral,0.078035355,0.82235956,0.09960501
929f9596769cd9938586714b3376d6a3,5,satisfied,satisfied,0.004494975,0.011592996,0.98391205
3488ccedf19bab95b150bb2c556b4c37,3,neutral,neutral,0.16398907,0.7685286,0.0674823
d04abc048c76f5fc428ac97104fb7c0a,5,satisfied,satisfied,0.009028621,0.056739256,0.93423206
acdb57abd6493c1de0b66aed5b3e3d8f,5,satisfied,satisfied,0.0045930156,0.007558342,0.98784864
2815445a4d9e97546c2ee81ae9ce9871,4,satisfied,neutral,0.062750995,0.7613757,0.17587318
b80b3346478d505d4284dbdab637fccf,5,satisfied,satisfied,0.004512701,0.00905537,0.9864319
4bef39874eb9f0265ba423f14da7eac6,5,satisfied,satisfied,0.004783715,0.0085989395,0.9866173
7bf74c772f84e5446f1ce0007ea7a628,2,not satisfied,not satisfied,0.94636106,0.049752958,0.0038858675
c7d46276b4a88b4f8c5eb9c7ab482d1b,4,satisfied,satisfied,0.0067482595,0.021946136,0.9713056
9c6cb6a78467c001d1c1c65dd44b4007,5,satisfied,satisfied,0.0061026043,0.020636883,0.97326046
4adc9b9592954a612c5a396f3e72333e,1,not satisfied,not satisfied,0.87686765,0.11792754,0.00520483
63103b0aa2a83eaf97adb90ae57fbd59,4,satisfied,satisfied,0.046629395,0.59039396,0.36297667
fbf6f57816dcde1c7fb815a13b807333,4,satisfied,satisfied,0.03871426,0.44679907,0.51448673
a7cb0df7e831a16db12b45bb39d23a79,5,satisfied,satisfied,0.004396255,0.008468511,0.98713523
9374db9ed2565421c5564495af31c311,5,satisfied,satisfied,0.0052439617,0.014455836,0.9803002
d2088a1512e13f9c3c64c27753ea3bab,5,satisfied,satisfied,0.006471626,0.0210136,0.97251475
73b4c10885cf59e25aa68c3982940de1,4,satisfied,satisfied,0.00492837,0.016105669,0.978966
018c1842e8952b64cbb6e9c8aecfa0d2,5,satisfied,satisfied,0.004694038,0.008275402,0.98703057
5d5e559f039812d532288488634e765b,5,satisfied,satisfied,0.0044904863,0.00975617,0.9857533
e692a4ee0c25e8eeb8a816f644115e4a,5,satisfied,satisfied,0.0051922533,0.011562354,0.9832454
63817e17b1ef7d6b3bbc5a31ccf50d51,5,satisfied,satisfied,0.00665138,0.034573745,0.95877486
1b1a81225e811a51175d137df0f37612,5,satisfied,satisfied,0.0038825884,0.008732434,0.98738503
86d700c628878a195a5af7abeecf88b1,5,satisfied,satisfied,0.008316528,0.015779406,0.9759041
9d0e462d290527e359b45a12556486ef,5,satisfied,satisfied,0.0066384883,0.023870802,0.96949077
1069fab99cda1688f135a7cdd5cc8ebc,1,not satisfied,not satisfied,0.96225226,0.031838056,0.0059096585
f75848245a7a4a367f43fe50ac075ea8,4,satisfied,satisfied,0.006005944,0.014586904,0.9794072
8d1e431811b489173ca5d3eef7c57e15,5,satisfied,satisfied,0.0058400305,0.010923267,0.98323673
edb8bf5fd19abb348f212a6d050a5d1a,1,not satisfied,not satisfied,0.9078932,0.08752113,0.0045857206
670354a91ea16e8a50ec7b1db41bcba5,5,satisfied,satisfied,0.0076756673,0.024861977,0.96746236
ab21009fc27cb66cd9299ae7de53cb8c,5,satisfied,satisfied,0.0039283102,0.008273713,0.98779804
da7efff3dbcfbc493696490101e26d26,4,satisfied,satisfied,0.0066807573,0.011282792,0.9820364
452838635348164aecb460ba59de4b52,3,neutral,not satisfied,0.8724007,0.12259781,0.005001493
1332f3966bd1ccb7d51c7e18c186f8bf,5,satisfied,satisfied,0.007878777,0.013633573,0.9784877
eb9049eb6ceda5c719fcc707043a1304,5,satisfied,satisfied,0.005520511,0.013324855,0.9811546
b18634df8b39b0d373b6e604b95af644,5,satisfied,satisfied,0.008460342,0.023272801,0.96826684
3a1c0e49b6972433482463f705e533c0,5,satisfied,satisfied,0.004011725,0.008697748,0.98729056
076cc311fcc7b62b8c2c6b1cae22fbd3,4,satisfied,satisfied,0.056549422,0.591287,0.35216364
8266880459522c9feebe892dfa3db825,3,neutral,neutral,0.19016416,0.7558716,0.053964198
2985f1e0f5a12b2c4f48a50f0ce70db3,5,satisfied,satisfied,0.008885127,0.05189204,0.9392229
dbc506f1a373dc70364e1220222b6167,5,satisfied,satisfied,0.005235735,0.008314185,0.98645014
c4cda4c9cc331796a2812ac757a38c40,5,satisfied,satisfied,0.044788167,0.5307455,0.42446634
d27d5267fa7d5768871c29702c40beb6,5,satisfied,satisfied,0.007051474,0.021460755,0.9714877
4716fc63f05011eedd32c63df64794da,3,neutral,neutral,0.07875213,0.75704134,0.1642065
56c37021d1f3f5dc2af7283584a62231,5,satisfied,satisfied,0.006552682,0.010927783,0.9825195
8de463d00b49c442aeecd03ab7aff37d,5,satisfied,satisfied,0.0066891247,0.014886221,0.97842467
5b1a7be3154918d148bf826924b721e7,1,not satisfied,neutral,0.3064577,0.6123927,0.08114957
bdc671e7a6aa8198c2ad3595ea06e3cb,5,satisfied,satisfied,0.006092348,0.015981473,0.9779262
1b493aaabc1c308e9de615240ad5ce86,5,satisfied,satisfied,0.00539638,0.011331122,0.98327243
ce32880aa75871c5d09998f68233d076,3,neutral,neutral,0.32438943,0.6314147,0.044195816
497d23c0af6a8d427c8d37186c924110,5,satisfied,satisfied,0.0049587246,0.008680738,0.98636055
ce0218c9b8d71c0ffa8a11e76c77eba0,5,satisfied,satisfied,0.006190935,0.011359198,0.9824499
b01a9c781d0d125dd9c48a8cf489a847,3,neutral,satisfied,0.063834034,0.358032,0.57813394
b235f917a8036282cc4017147e0469aa,4,satisfied,satisfied,0.10549072,0.6621323,0.23237698
60cade25190d908a8f87149c50d8371e,3,neutral,neutral,0.14240088,0.7606987,0.09690044
0674acd9ecabd59c1cee0c29d589dd2f,5,satisfied,satisfied,0.004966306,0.013395689,0.98163795
12469b1ea97c7b1fad5037c60bcff864,5,satisfied,satisfied,0.004066923,0.011334742,0.9845983
c885f5005620846ee1686ce383650b9c,4,satisfied,satisfied,0.0044936994,0.010737168,0.9847691
994109e1cce5f35b225caa7007372fe9,5,satisfied,satisfied,0.008811641,0.033032067,0.9581562
e7fd611dfd1c3dce97ad4b63a00a9aef,5,satisfied,satisfied,0.004318427,0.008519668,0.98716193
6777b9f5fe6778b8c7a50ca86c67292a,5,satisfied,satisfied,0.0045210677,0.00701778,0.98846114
277f3aaf3924826e7dfd013e3a36416e,3,neutral,neutral,0.1945682,0.7284471,0.0769847
7e3cbcec9ab3feb4b7ca34635446f372,5,satisfied,satisfied,0.004093812,0.009850138,0.9860561
9a23651c449fb0044cbc9f465a828616,5,satisfied,satisfied,0.0072030625,0.012697772,0.98009914
f6ca052a311a82a06d4b3e9b9a967cde,4,satisfied,satisfied,0.01569128,0.02758704,0.95672166
cadf27968e02d0ef14b837c1a11dcc81,5,satisfied,satisfied,0.0041366816,0.0075436225,0.98831975
f5dc7d4e88032e9c1595319bd77eb8de,4,satisfied,satisfied,0.004519584,0.010331604,0.9851488
06688734b7e3b891f385335203706ae4,1,not satisfied,not satisfied,0.9066558,0.08889524,0.004449022
a1e178d557708fbd37f0f7e73b179bc6,4,satisfied,satisfied,0.057769034,0.6451623,0.29706866
04bf69022e05a670b8a750cc8d9780e4,5,satisfied,satisfied,0.0066561536,0.02286266,0.97048116
c2265ea904d2ff89fae687f00110fae5,5,satisfied,satisfied,0.0058888006,0.010750928,0.9833603
2926dbaab0ab1e954186eafe938f0234,3,neutral,neutral,0.13393953,0.8061023,0.059958182
06043045791190e4302b6dddf5bdd173,5,satisfied,satisfied,0.003979928,0.0074469624,0.9885731
3edf265ea948700bb2a1f628e43441c5,5,satisfied,satisfied,0.0042227125,0.011825251,0.983952
063f4f63cc116d058278e2e741600391,3,neutral,not satisfied,0.7073978,0.28330612,0.009296042
ef361095c080b6583e478d3f07b031ac,5,satisfied,satisfied,0.022359176,0.19146836,0.78617245
c727057bd3a150b3c261108a9234ac0d,4,satisfied,satisfied,0.005693152,0.011536261,0.98277056
8b69424ce42ee8d36549616f709c74d8,4,satisfied,satisfied,0.009263474,0.04843173,0.94230473
6c3cfe72203769b41807a18135ab300d,4,satisfied,satisfied,0.00546987,0.008399248,0.9861309
9dd87bdc96e1794fb1d106d1ce213968,5,satisfied,satisfied,0.0053880867,0.010182914,0.984429
911166bf1dab841228b576de406be385,5,satisfied,satisfied,0.008172618,0.023863131,0.9679643
4f89dc7a2fce3ad3d9116cdea41d8cee,4,satisfied,satisfied,0.06952538,0.6938622,0.2366124
68158f9fd28d73072874254c485380f8,5,satisfied,satisfied,0.0045773764,0.010406934,0.98501563
81b82ef05888cc04d0c170907e5ca136,3,neutral,neutral,0.103699036,0.7220377,0.17426318
421fb2c4921ed57a9fbea9b7a8b8528b,4,satisfied,neutral,0.14985305,0.70108217,0.14906476
3fd23a9625e945efd6053ac0ecee1a8f,5,satisfied,satisfied,0.0071852817,0.014761052,0.9780537
45b200dd2442057c3214e127cba6e7d8,5,satisfied,satisfied,0.01480156,0.05753615,0.9276623
02dd94a06d092956885e63a41cd5d3eb,5,satisfied,neutral,0.2948522,0.57936615,0.12578157
95bf1f3c188509556bac1a612b86b2ef,1,not satisfied,neutral,0.13044317,0.8298132,0.039743666
4e3185459ffbd5375ad3f9444a7d9cb6,5,satisfied,satisfied,0.00803444,0.01578009,0.9761855
047d4a0b73f641c0a862adc0fb314cfd,5,satisfied,satisfied,0.005006658,0.008080013,0.98691326
4d09c2818357bca286abac626f1110e5,1,not satisfied,not satisfied,0.6406889,0.34414482,0.015166319
0aae1b74b87a8924cd0bf4db924963a0,5,satisfied,satisfied,0.006503857,0.016705303,0.9767908
f1a157ba4cb2290d8a67267f17e15b02,5,satisfied,satisfied,0.0979051,0.5919052,0.31018978
47982cb4a0e75dc471268fa746fb8851,5,satisfied,satisfied,0.0053532138,0.017308647,0.9773382
5612e7d651846f923cee9b5925107a2e,5,satisfied,satisfied,0.0049085193,0.01266647,0.98242503
8612d9d02c970440839c1983df663ae8,5,satisfied,satisfied,0.0055993074,0.014936834,0.9794638
5dba23eaae56db609558fb3e935f1a7d,1,not satisfied,not satisfied,0.955923,0.040346544,0.0037304438
de638b13ec01dbeb6ef2236542736df8,4,satisfied,satisfied,0.014757868,0.09488366,0.89035845
bd831d05369c58d446ae787a3aefe622,5,satisfied,satisfied,0.0075400523,0.013919205,0.9785407
affb3a8af7123e5ce95b87469646ede8,4,satisfied,neutral,0.09549828,0.84269667,0.061805006
4103b50bdf6e0058fee23b6a8dda1a4b,5,satisfied,satisfied,0.004472864,0.0096385805,0.98588854
50c589ed379872f0d51037e301f3505a,3,neutral,neutral,0.37997735,0.59843576,0.0215869
ce7e1d7ab027dd3922a9100647effb12,4,satisfied,satisfied,0.057127703,0.72278935,0.22008297
7f4fedea1c2769627ca318f0e034bb2e,5,satisfied,satisfied,0.00679989,0.018534439,0.97466564
ba24350e3d632edaa66be1077296d050,2,not satisfied,neutral,0.16114134,0.7591312,0.07972742
959896b5cc149510f238af7833ebb1a9,5,satisfied,satisfied,0.0045502074,0.009023572,0.98642623
78bad658c10b3a4d657682a8105d88df,5,satisfied,satisfied,0.008450482,0.014150625,0.9773989
b6e46bab05838c37371944b13cd5c6ba,5,satisfied,satisfied,0.0042124325,0.0076752184,0.9881123
1a12a211eb90ff7fe4dfa59629931c88,3,neutral,neutral,0.062321365,0.8071921,0.13048658
a36a17ea8afcc95e4b4e53c0b5116bb3,5,satisfied,satisfied,0.0053683473,0.010725903,0.98390573
3aa9607db9c2517957ff08f8fca9f980,4,satisfied,satisfied,0.008539777,0.051518317,0.9399419
91b1e4567d3cea9e1c2f2e9ccfe0ad3d,5,satisfied,satisfied,0.0049546626,0.008340717,0.9867046
3f76220b2e9e83003ab8c25f7fe6c315,5,satisfied,satisfied,0.004912171,0.011556254,0.9835316
6a3a6b9c014b2d97b559c05c835af869,4,satisfied,neutral,0.10164235,0.8259882,0.07236944
7d23b43646d65847d2b6df31eada3ca0,5,satisfied,satisfied,0.06251114,0.6890358,0.24845311
cd0ed40f99127527e2885c0cd9dcf508,5,satisfied,satisfied,0.004798549,0.013112463,0.9820889
333324b39c0c79324920f074b15dcb02,4,satisfied,neutral,0.13496795,0.7399076,0.1251244
3ab5cfb9d28a699ba41e708e060c319e,5,satisfied,satisfied,0.0067488006,0.034875184,0.95837605
23dde5630c387e80dcb0a12c152f8eb3,3,neutral,satisfied,0.060663454,0.6049959,0.33434066
189abf6845e3df12621dbfbc29e396c7,5,satisfied,satisfied,0.0049793236,0.008010966,0.98700964
a17abcada319fe98b3d9c2afad90e282,5,satisfied,satisfied,0.007178831,0.028512573,0.96430856
bf993f38b65120c7ecdbf6313d5139b8,5,satisfied,satisfied,0.004758108,0.010720129,0.9845218
478877fd385f31926ad7ed5f284561d8,1,not satisfied,not satisfied,0.9165893,0.079583146,0.0038275577
f20dbf2b14df076793caee22da53c34d,5,satisfied,satisfied,0.0050711674,0.014481642,0.9804472
637d02f96f53ed16512dc65a727bcb06,4,satisfied,satisfied,0.057976283,0.62548006,0.3165437
31ae9b805e164f78095429e8e39eb8c3,5,satisfied,satisfied,0.005018557,0.009270145,0.9857113
364b5809245fca3a6009988ac2d0d7f9,5,satisfied,satisfied,0.004601377,0.007494251,0.98790437
11701afbb1ef801dc747ab805a1451e4,3,neutral,satisfied,0.035148382,0.40574995,0.55910164
0ee3e0983c1b050f199a0a0340067f5c,5,satisfied,satisfied,0.009894688,0.06652252,0.9235828
4372d6726a645e34cf42455a53cd0580,5,satisfied,satisfied,0.010109774,0.08615872,0.90373147
391c730668fc861f23ae055cff300df3,5,satisfied,satisfied,0.00479775,0.008185017,0.9870172
976dc29db27c520ed7e7f66f99be2156,5,satisfied,satisfied,0.007430987,0.020725561,0.9718435
5e13ee75901d870bfcd719e7250b2326,5,satisfied,satisfied,0.0053186542,0.008379607,0.9863018
97fe9fb28c340c96addc4a9514d00d8d,5,satisfied,satisfied,0.06691132,0.46295488,0.47013375
d82cf78e91a8e779f3afcbe08241a650,5,satisfied,satisfied,0.0074693146,0.013101831,0.9794288
8f1e2d173da53187c26058f5f39d7b91,5,satisfied,satisfied,0.0058950656,0.010413623,0.98369133
9738d9e195eac2d5f72945fb1a93de05,5,satisfied,satisfied,0.0067269723,0.01621461,0.97705835
e2910528c5d65c0111962a2172d1f735,4,satisfied,satisfied,0.042856015,0.36653996,0.59060395
ca3a467c8d54d3b8ed2dd81b83f4783f,2,not satisfied,not satisfied,0.5822056,0.40173852,0.016055882
6bcb5c9576e40bd28befab22216599a4,5,satisfied,satisfied,0.0051302407,0.009038309,0.9858314
35f56f0ec67ff08c9218e1f12d0c9411,5,satisfied,satisfied,0.006129974,0.010239718,0.98363036
4ca90f395a5c23d5401eae0b3900a2d8,5,satisfied,satisfied,0.0043695415,0.007836645,0.98779386
e42e44049d6297bc074e8bab8200d73b,5,satisfied,satisfied,0.003693398,0.0072919102,0.9890147
f9cf9fbe98d824af91eff9590905f7fb,5,satisfied,satisfied,0.0044986466,0.0069253347,0.988576
8a83da288be6c848e31802023fc4dc1d,5,satisfied,satisfied,0.004813334,0.009870731,0.98531586
c53d5c4f7c7ab73c16f772c260ad6fbd,5,satisfied,satisfied,0.005190194,0.009787207,0.9850226
d360475684707b1d889572003c26d56a,2,not satisfied,not satisfied,0.8486478,0.14497651,0.006375757
b203d85addfebbbdc7f4660090e26087,5,satisfied,satisfied,0.021145752,0.06665015,0.9122041
2e8c5e39c844222638f047b0bfaf8b6b,5,satisfied,satisfied,0.003531057,0.007897615,0.98857135
be32ee3c24be2db2dbed06b7926f6185,5,satisfied,satisfied,0.0058503654,0.013129063,0.98102057
f53c74eb3cc4bf29df696fc9278ddff9,2,not satisfied,not satisfied,0.9270143,0.06918565,0.0038001072
bdbc6fe939a71eb5406503096883ce8c,5,satisfied,satisfied,0.007932356,0.0153285,0.97673917
955dddb5aa36aa10cf1382a26c23ecff,4,satisfied,satisfied,0.0057122824,0.015354735,0.978933
58452cb4dd1bfa48dff8edf271d9b479,5,satisfied,satisfied,0.004808688,0.010938726,0.98425263
7e0062a197d2018ffe4c6b98fbde6d8a,1,not satisfied,not satisfied,0.6335878,0.35556453,0.010847629
4be1620044414eb3be83098eed0524ba,4,satisfied,satisfied,0.054080024,0.68581367,0.26010635
5bbc9b60a2e08a26bce61e578cba638c,2,not satisfied,not satisfied,0.9577404,0.03712865,0.0051309
ab76113cf878f5d5d39998c7561e09f3,4,satisfied,satisfied,0.04603191,0.70016944,0.25379875
a0cdf49ed9fe9b638f89a7b4cf66bfba,3,neutral,neutral,0.064960174,0.84481955,0.090220235
b6b974689a7cc46783847bfd450124ea,5,satisfied,satisfied,0.0040349416,0.008336084,0.98762894
b6cd05b1c2490eec35a0ac7a763bc570,5,satisfied,satisfied,0.003986586,0.007212392,0.988801
a88ef5509498063c25137ffd443cd9e3,1,not satisfied,not satisfied,0.5073403,0.48081335,0.011846334
59a003636e9e93979581425041a2e882,5,satisfied,satisfied,0.0061097075,0.013837686,0.9800526
caf78e064418c6f610e3f88d90d9420a,5,satisfied,satisfied,0.0048290556,0.01313059,0.9820403
5cf9e20ffec0fbeda2b61a7c080ddc8f,5,satisfied,satisfied,0.005118073,0.009367765,0.98551416
8ce8f95fd0731a849e1923a0bad3d7ab,1,not satisfied,not satisfied,0.7055859,0.28311968,0.011294473
ea2d800545e0be4b3d12e3d4645ffec2,3,neutral,neutral,0.19169569,0.74168324,0.06662113
0229a27039806458f78c1d9ad22b262c,5,satisfied,satisfied,0.0068303784,0.02091218,0.97225744
4bbbc7c8298acc1c9b300d6b99cce32b,1,not satisfied,not satisfied,0.9575067,0.03788849,0.004604813
dea4df0fb004d1b2489523cb4ab9b752,4,satisfied,satisfied,0.019681973,0.18877496,0.79154307
49fb7433b27df684bef0a82a8e0fab55,2,not satisfied,not satisfied,0.92840695,0.06753954,0.004053475
72bc065f3258f1acaa27548c5e89c52b,5,satisfied,satisfied,0.10502367,0.48101708,0.41395923
f40524de198e5d8dd373953402987f74,5,satisfied,satisfied,0.003953885,0.0075197523,0.98852634
7b4713185c8d3d28901cb95ae3583a94,5,satisfied,satisfied,0.018973531,0.13381952,0.84720695
1f5523ef026636d11177c8895e6a5451,5,satisfied,satisfied,0.005875705,0.012539452,0.9815848
28d9d5e57e42a3b371b27060e699a479,5,satisfied,satisfied,0.008769967,0.023513222,0.9677169
899150e523af1e88a6c522fdbbb947d5,5,satisfied,satisfied,0.00724897,0.015045212,0.9777058
b3a19855299e94c3b365eeefc52d951c,3,neutral,neutral,0.15563266,0.74412566,0.10024169
8cd283521ce5c2fc8d509c6faa8779f6,3,neutral,neutral,0.22624472,0.74099195,0.032763418
b3f303f86eff4dbfb1cef487f2309ba1,5,satisfied,satisfied,0.010265118,0.069329426,0.9204055
6d6d4493f82623feb120117921513919,5,satisfied,satisfied,0.0063871583,0.020707758,0.97290516
eb79cf197b13de1d556ed6bb7358deff,5,satisfied,satisfied,0.0038157692,0.00724152,0.98894274
e6e314872b531751427255b09ce313ad,5,satisfied,satisfied,0.004931352,0.01066677,0.9844019
7c9f4c70ab22bdb9be2bb8d2199ff2b4,5,satisfied,satisfied,0.00455909,0.010633259,0.9848076
ce0e54dd42ce84de27b1e5d82f787ca3,5,satisfied,satisfied,0.0042971945,0.0077753793,0.9879274
3672fd8bbd9a654486878337fefc0088,5,satisfied,satisfied,0.0068413657,0.024495961,0.9686627
d8dce8a5934210eef2d5abdccd6f6a12,3,neutral,neutral,0.37138602,0.59847873,0.03013525
899d6c0683ff9664e77d45b3958f2d00,5,satisfied,satisfied,0.0069190124,0.022641731,0.97043926
590b233cf93d9f0deadc262c2b9691e3,5,satisfied,satisfied,0.004407415,0.012471929,0.9831207
6b0440d8112f0148498b5f41beae6c60,5,satisfied,satisfied,0.0055303653,0.01092169,0.983548
7833570e6f22190893aab45aac349ab3,5,satisfied,satisfied,0.007029961,0.016866267,0.9761037
a54b7874b55446447a00c1c43a693f4c,5,satisfied,satisfied,0.0048304917,0.0113239335,0.9838456
2d9d1363a0fae8932b192ba18e19bafa,5,satisfied,satisfied,0.00538473,0.017749319,0.976866
309e4c4f35cebd612ca67d6ebffdb659,5,satisfied,satisfied,0.0143480655,0.03449701,0.9511549
2a5717d7565d9957c6d631ce38686af8,5,satisfied,satisfied,0.005325497,0.016216435,0.9784581
416f88f852999c1da964dafccecab6c8,5,satisfied,satisfied,0.0054108505,0.0088041965,0.98578495
4f66793cf06698e3c00c86ffef848cd0,5,satisfied,satisfied,0.0049777087,0.0142987035,0.98072356
a5ad46a5af88269f5f6ca4623eb807a2,1,not satisfied,not satisfied,0.78786063,0.20540507,0.0067343507
a35927855579c6ed711db488209f3ce6,4,satisfied,satisfied,0.005702643,0.014527365,0.97976995
08a16a6fdfa4c764df2db7a329713814,3,neutral,neutral,0.075741544,0.76539636,0.15886211
9c51f72e2c5f15cc647902ef2e1ada64,5,satisfied,satisfied,0.0033838742,0.0058703045,0.9907458
cbf99cca597ebe59a8dbbcc8870c8ae3,5,satisfied,satisfied,0.007315189,0.013194983,0.97948986
0738f243cd60c6d01a5f11f59a3d80f5,1,not satisfied,not satisfied,0.5090867,0.4630079,0.027905447
4bc12111d456ecc91fd30826ee1befee,5,satisfied,satisfied,0.004686779,0.013900718,0.98141253
968930490f49409c645621912a46b7da,1,not satisfied,not satisfied,0.95571285,0.039849825,0.0044373176
09c0204a7fbb712ffed2ab2d0959499f,5,satisfied,satisfied,0.004583959,0.011262561,0.98415345
1d5997c89ea0b13c97260efd0dc836e5,5,satisfied,satisfied,0.05922657,0.51318026,0.42759314
2006d6cb7a1325c780e99433fd1fcb3d,5,satisfied,satisfied,0.0046404195,0.011561257,0.98379827
e741d72dd9b494756519225640389438,5,satisfied,satisfied,0.013398528,0.08027359,0.90632784
0c5565c6c311391f61ae51bc559af497,5,satisfied,satisfied,0.0053904853,0.012103466,0.98250604
6a7b3387d06c72f3701e90f375836218,5,satisfied,satisfied,0.00490187,0.009732207,0.98536587
2eaec81637f4bf53b5ad5b580a20ec61,5,satisfied,satisfied,0.0053794305,0.008909161,0.9857114
51a0dc3f7afddadc42f376c0c41248e9,5,satisfied,not satisfied,0.8599334,0.13438009,0.0056865853
1f777a2a2254259265957a4abb9cb9f8,5,satisfied,satisfied,0.0036429428,0.0061525367,0.9902046
c4ca099abc3fc988819789ef219a8350,5,satisfied,satisfied,0.004109018,0.007926338,0.98796463
956e67deb27e7d93d299bdf8eb020978,5,satisfied,satisfied,0.0061453646,0.010697074,0.9831576
b27c96faa5398deb2a6e4cace6516593,5,satisfied,satisfied,0.004873144,0.0074794977,0.9876474
171a8e5bb87253661c168ce9822b2796,5,satisfied,satisfied,0.006124448,0.020135986,0.9737396
5acf192461384f1708b032e053cfc26e,5,satisfied,satisfied,0.025175251,0.26860467,0.7062201
54185c17e14f89dc68fd2c831c9ebd8f,5,satisfied,neutral,0.38292572,0.53904325,0.07803107
420d0a337a769b8c477c0d55370699e6,5,satisfied,satisfied,0.0065902644,0.016293695,0.9771161
415ca32134ebfb8e917d77816d539181,5,satisfied,satisfied,0.004355058,0.008121319,0.9875236
306e662eb84664f32ec7ae7bf2a9f854,3,neutral,neutral,0.09453766,0.7799966,0.12546574
5c1272cfae75467bd05d14fbcde28cb7,5,satisfied,satisfied,0.0036695485,0.006739733,0.9895907
8fa8f411137edae7ddd9a5b4e04ffa4e,4,satisfied,satisfied,0.03706786,0.14345752,0.81947464
f64336e3575f5aee303173bd87bd47a5,3,neutral,not satisfied,0.8384822,0.1561634,0.0053544105
5afc777a23f675285a42c41eff4e4d33,4,satisfied,satisfied,0.006092648,0.015371409,0.97853595
1c422e3f512c63d4e9b93d69538dec22,5,satisfied,satisfied,0.009957448,0.05707567,0.93296695
3a5897473b7cc50d1f3b212eaacc689f,5,satisfied,satisfied,0.004119811,0.008602419,0.98727775
cabde74a7fc6ba266010806e9f4c8b6f,3,neutral,not satisfied,0.71453154,0.27849412,0.006974315
92ec4523de4a54a7ca4c5afa519f9f99,5,satisfied,satisfied,0.005429229,0.01240707,0.98216367
029afdfa50b9229a6d004b5b1105fe41,4,satisfied,satisfied,0.056897298,0.6770351,0.26606753
935000dfe7f5dd9032181487acb1d41d,5,satisfied,satisfied,0.004345163,0.008581389,0.9870734
d6865303d5638d36bb814cf32d3cfb82,3,neutral,satisfied,0.055268697,0.41689155,0.5278398
0f96e5bf82ee9bfb4b14a5838b955971,5,satisfied,satisfied,0.0058034724,0.01604818,0.97814834
98828df5bf4f0b9264e471467ff29ebe,5,satisfied,satisfied,0.0041912063,0.009098337,0.9867105
9b20dee3291c3a89c63d0469dd49d293,4,satisfied,satisfied,0.009529731,0.04451045,0.9459598
125abb96780b47c798aa808e653f1360,5,satisfied,satisfied,0.0052050785,0.011455438,0.98333955
bd89513e06890dfd1fd4e6207246b4dc,5,satisfied,satisfied,0.004083417,0.008148785,0.98776776
f3ec839e7669aab36e3d9a1717a0b20f,4,satisfied,satisfied,0.06681656,0.6015616,0.33162186
0af49b3c090876874614542662a98213,5,satisfied,satisfied,0.015560347,0.06962108,0.9148185
e3c9afc5690affd09e3327bfdca05f7f,5,satisfied,satisfied,0.0043693525,0.0073857643,0.9882449
96b2fda315f3830dff5c5ab1f4c5c0a4,4,satisfied,satisfied,0.057403885,0.5016629,0.44093314
358c6c99d12cf0e46611680e30b0e5a7,5,satisfied,satisfied,0.010014094,0.020523971,0.969462
2dad8c4b0c4b85fd7ab922e8f0155769,2,not satisfied,not satisfied,0.9432204,0.05281417,0.0039654123
42f9041bb77de3c09f81ff23e5feae8c,1,not satisfied,not satisfied,0.63979715,0.34860444,0.011598457
5d08c7e804e5d8b0553b2f2e9164a0af,5,satisfied,satisfied,0.009859978,0.051354814,0.9387852
c3b199426a1990ae1e124ee659371acc,4,satisfied,satisfied,0.053608656,0.4450722,0.5013191
2015d208ada47c35c418f0a6c3119631,5,satisfied,satisfied,0.06335317,0.6880684,0.24857843
c3e0680e43dd6bb81f8f1b1dc8272fb1,5,satisfied,satisfied,0.004688896,0.017392263,0.9779188
6ee9fbe90c6f2acd78f9824e6b867446,5,satisfied,satisfied,0.0056749773,0.015507209,0.9788179
cc6adb32049e9fc84b44f5534435c1ca,5,satisfied,satisfied,0.007855867,0.031867612,0.96027654
bb35d70786d0609379b1b7b0639641bc,5,satisfied,satisfied,0.0039093904,0.007800667,0.98828995
8e1ed8827e8ea5dfa948235d167248bf,5,satisfied,satisfied,0.0042608865,0.011120818,0.98461825
374b594d484c3044badeffc954c1a6bd,5,satisfied,satisfied,0.016307736,0.037048157,0.94664407
632b410fe6f2f418a733e9985504fc77,3,neutral,neutral,0.1558956,0.81223935,0.031865012
f1245da2d5a6afcbfcc4d322306e6dc1,1,not satisfied,satisfied,0.07684264,0.65704966,0.2661077
a66c44695f1e77c232cde7e8de7868a3,4,satisfied,not satisfied,0.6958846,0.29375863,0.01035677
fe2f6f24b793def5706a47dba475266b,1,not satisfied,not satisfied,0.8427041,0.13578571,0.02151016
8291c87f26682701b81b48ea01c02b9b,4,satisfied,not satisfied,0.77630776,0.2135271,0.010165142
e4c6ec693824c69b915a9ff0d1942599,3,neutral,not satisfied,0.90560037,0.08920056,0.0051990394
831420b3cdb112286bbf4c52a3730603,5,satisfied,satisfied,0.0038914452,0.0071513806,0.9889572
341c17386bf4a7b60cf4b3b58e75a268,5,satisfied,satisfied,0.006246132,0.009455107,0.9842987
46ceb5f9cd279ba145c2a602bd99005f,5,satisfied,satisfied,0.005873541,0.01811227,0.9760142
a0f690f41cdbe874f51bf99d87a53379,5,satisfied,satisfied,0.012163585,0.089853495,0.8979829
f3b267e41c612771643ce561d94f2427,3,neutral,neutral,0.105864845,0.8365228,0.05761242
c621e24a1365c925bac1ec5953b6395e,5,satisfied,satisfied,0.0054574613,0.01834735,0.97619516
3b0b37086d639179861a60bc2874e87e,5,satisfied,satisfied,0.0079384195,0.016011681,0.9760499
f6e7a594d46a9f08ccbd54e41eba84ff,5,satisfied,satisfied,0.004855047,0.010738324,0.9844066
7a9bdc7361e3d960d00e6e6fcda51b4f,1,not satisfied,not satisfied,0.9587908,0.036245853,0.0049632895
228b3585f744e933166c8975a6cf675a,5,satisfied,satisfied,0.004111356,0.0073056733,0.98858297
40f35e6ed2f67bc4342febf138db2513,1,not satisfied,not satisfied,0.9386313,0.057305973,0.004062793
3ec4adbe1891914d8d90af9ce69d85e3,5,satisfied,satisfied,0.0050074724,0.008887396,0.98610514
c1d3d9049ee89679790ae7246833a145,5,satisfied,satisfied,0.015328233,0.041644644,0.9430271
6f7b804933e20efeda311300fbefd9a8,5,satisfied,satisfied,0.0062744357,0.018686213,0.97503936
2d3524479cb09917de7ab72afe608802,5,satisfied,satisfied,0.0059800465,0.017021803,0.9769982
39dab5fd0968f5daa68b8a1033572458,5,satisfied,neutral,0.17696963,0.7753506,0.047679793
9a5acdb17d8a25fe5da161df018b3ac2,5,satisfied,satisfied,0.0047025653,0.008359546,0.9869379
ebc51033512617c438057c138204a893,1,not satisfied,not satisfied,0.95865434,0.036518622,0.004827147
efec54bc9c79dc5813e8c9c86d99b44a,5,satisfied,satisfied,0.010678271,0.09157296,0.8977487
981e38ec746fc4fa257f3429567c97cb,5,satisfied,satisfied,0.0041364506,0.010131111,0.9857325
182a15704c6508c1964ce058370a5ee1,5,satisfied,satisfied,0.004435734,0.011120355,0.9844439
6b3eb17b77510646b7485da333bc5367,5,satisfied,satisfied,0.00582098,0.014893396,0.97928566
69c26609e7c7197835b621b01b897995,5,satisfied,satisfied,0.009931022,0.04141659,0.94865245
0ae77452e3ecb2bf3189379529fe71f7,4,satisfied,satisfied,0.024727404,0.2510544,0.72421813
5dc57c6c58c3e13c3c031299706526f6,5,satisfied,neutral,0.13152179,0.6690475,0.1994308
b09635ff62a7eaf34cdbe3c4e2dba9f3,5,satisfied,satisfied,0.0060466593,0.009523768,0.9844296
040b4108f89f716dc8fb1f0b2cfe9cfe,5,satisfied,satisfied,0.029730959,0.15701522,0.8132538
da7a1f20c767af8199ed79150adddabe,5,satisfied,satisfied,0.0073062493,0.011544169,0.98114955
e8067ecc5f72aaed0e5fa393697a80ff,5,satisfied,satisfied,0.004775886,0.011211539,0.9840126
726d126f71bd2a621dbc02b8b6d99e94,5,satisfied,satisfied,0.004763543,0.011328481,0.98390806
d096b3b27a748d845e45910737a80f3c,5,satisfied,satisfied,0.005025418,0.011322692,0.9836519
4b698206623558e36270c17ea79c3daa,5,satisfied,satisfied,0.0049234005,0.009985525,0.9850911
f970a703fe1334292c6c0aaeeb0ff397,1,not satisfied,not satisfied,0.451823,0.5263047,0.021872323
b1d9166c500bffe6cf4d336b122f75e1,5,satisfied,satisfied,0.00680145,0.010499209,0.9826994
00b3d276548fea3222eb94849aa7d793,5,satisfied,neutral,0.18225266,0.6346878,0.18305959
4d8566a3214e8e52e5813df2e4f59851,5,satisfied,satisfied,0.005167878,0.010005222,0.9848269
726b8002aa31baf6fd472a863ab4055e,1,not satisfied,neutral,0.40271363,0.5843306,0.0129556805
3d54826442e1b2b6e71fea3b821dd98a,5,satisfied,satisfied,0.0043831524,0.0066007413,0.9890161
8831e082a0f44f511fa614d430c4da27,5,satisfied,satisfied,0.004572747,0.011569303,0.9838579
a8174a0c2edc0aae5685caaa46174f21,3,neutral,neutral,0.39457902,0.57822007,0.027200924
099d133e8a7a09d6a05929e3eaff4090,5,satisfied,satisfied,0.01944556,0.057140633,0.9234138
17113f629676c2958c32fb5b91aaef82,4,satisfied,neutral,0.09433561,0.70106107,0.20460327
d278ba3a061aa68cbabd7c621c5edb23,4,satisfied,satisfied,0.044029295,0.51969016,0.43628058
08453e6430de4c7e7783401c2ef9219b,1,not satisfied,satisfied,0.045519166,0.40323517,0.5512457
f84055fcd30db9f1a8f818d85e840ec8,5,satisfied,satisfied,0.005972735,0.01210962,0.9819177
2a00360e419c7c15df7dc82b9189cde6,5,satisfied,satisfied,0.003782227,0.0076798075,0.988538
5bf430397a926712efc3638837e3c405,5,satisfied,satisfied,0.02038371,0.13224842,0.8473679
0c20f63daee3cdde83b9ee4e30395996,5,satisfied,satisfied,0.006983955,0.011139264,0.98187673
7d84cd1d54bd83420d3ec7cf799cc3f6,3,neutral,satisfied,0.016718943,0.16496122,0.8183198
33e4b925c244bde6ba36d9bd94644d0a,5,satisfied,satisfied,0.011610889,0.029639749,0.95874935
33377aa09fe88f01d34229ea76a7b52b,2,not satisfied,not satisfied,0.7057483,0.28540507,0.008846607
bf4fdf1a3f8735d55c2bc314c6d0fdfc,5,satisfied,satisfied,0.003575058,0.006002451,0.9904225
20ad84d1c847760296f856dc71718ab0,5,satisfied,satisfied,0.0050345995,0.009109928,0.9858555
0f75e0487d3261e179c82754bea84242,1,not satisfied,not satisfied,0.7963305,0.1960357,0.0076338043
52407fa790cef0330c46f6fbd3918af9,1,not satisfied,not satisfied,0.90166223,0.09390821,0.0044295974
2a6bcae71187a777873e08f971c1e732,1,not satisfied,not satisfied,0.8851807,0.11040632,0.0044128946
7fb8ff26c0baa52282efe5467fbe00d6,5,satisfied,satisfied,0.0046194936,0.009335768,0.98604476
dbfef96597f68e7cb8611a9b0654b1cd,5,satisfied,satisfied,0.0054611657,0.008187722,0.9863511
398951ced6e8f76f1267f37b0d5532dc,4,satisfied,neutral,0.0947049,0.7430805,0.16221467
8e1a6b7e2ff7a4a408e2473f4cd9935e,5,satisfied,satisfied,0.00530609,0.010036822,0.9846571
299e4998ce1c64ae6504df5f694acb0f,5,satisfied,satisfied,0.013895312,0.02688545,0.9592192
e9b1e2b0cbf34aff6afb95534a700f7d,4,satisfied,satisfied,0.012997556,0.102774136,0.88422835
083acdc8e3ebad97ddabe3dd9c5abb57,3,neutral,neutral,0.21335979,0.7502266,0.036413617
dae6acbd928707058ef1f9e27a9e39b0,1,not satisfied,not satisfied,0.78360105,0.20697364,0.009425321
b1a8ef5aaf806b98123449096433bf95,2,not satisfied,neutral,0.20576917,0.7437568,0.05047411
a418a600acf6f25d3b026fbb118b49f6,5,satisfied,satisfied,0.0040056966,0.008630142,0.9873641
6fd201c9f48a190e9c4c6423fe0100ff,2,not satisfied,not satisfied,0.79633486,0.1973596,0.0063055316
51aa40d22ecf8ab16ebe34810b802111,5,satisfied,satisfied,0.0059771826,0.018636882,0.97538596
83390a943d3eb367e1fde186f365db07,5,satisfied,satisfied,0.0066915476,0.03338791,0.9599205
d92d405306b4d1d491d19c4f6e116c61,5,satisfied,satisfied,0.0111224195,0.031107813,0.95776975
59b5d386f493fa54580840f14e19184e,4,satisfied,satisfied,0.006430684,0.023535395,0.97003394
0e3df1e0231c911842752a5f4d3f8e8f,4,satisfied,satisfied,0.08504978,0.45405528,0.46089494
f4299de7ab27a3df93e5086979f77155,3,neutral,not satisfied,0.5744064,0.41296235,0.012631248
54792b2082e83ef031e7afaf54ec5745,5,satisfied,satisfied,0.0047766888,0.011143411,0.9840799
ac43b6ca64ea30b2be04ed0fd1a15738,5,satisfied,satisfied,0.0067928163,0.023326373,0.9698808
9493917f30937b7782a37e1f6935078d,3,neutral,neutral,0.091773085,0.8532288,0.054998036
78b9e251772438981b0714afaf51ab96,5,satisfied,satisfied,0.0042618294,0.01282996,0.98290825
21bb5041fee96d5df7c60a5d1710b666,5,satisfied,satisfied,0.0048777675,0.008414988,0.9867072
f826f914ba25c37110038e4a6e2c6a87,3,neutral,not satisfied,0.8065477,0.18645415,0.0069980975
bb1d82b9896767a22733eedd236f8d53,5,satisfied,satisfied,0.004580808,0.007902768,0.9875164
5cb5bb9596bb02ead5cdcf5ea6d691aa,1,not satisfied,not satisfied,0.894991,0.09855861,0.0064504673
435c2eabef4127b6b9af9e44cb1bcc65,5,satisfied,satisfied,0.0037713822,0.007434026,0.98879457
6efd4de3a482aba7b5b32877eaa0c9c5,5,satisfied,satisfied,0.0052731405,0.016575126,0.97815174
8af2eccb03f30af2829bd820e0ce590c,5,satisfied,satisfied,0.0054158727,0.014239371,0.9803447
005c45f3593f261b3a0013ec74a656b6,5,satisfied,satisfied,0.00813379,0.033607665,0.95825857
2566475f1a82b50de311930ba813791c,4,satisfied,satisfied,0.13027619,0.6567807,0.21294317
a91d91447cfd8372a1bd6d034059ad28,5,satisfied,satisfied,0.004943514,0.012459756,0.9825967
a13a352d9c2b201279314239f5050451,4,satisfied,satisfied,0.062477373,0.68798035,0.24954225
fc87fa723c5fd360cf5c6e8f5c7105b4,5,satisfied,satisfied,0.004392752,0.011582176,0.98402506
d695da7f8a403cf9a775ce83bcd870a7,5,satisfied,satisfied,0.0047329254,0.010381242,0.98488575
1c46152602475a4d0560b77b895571ba,4,satisfied,satisfied,0.0057351235,0.02708227,0.96718264
c39b2d98d367f845cec07821bc8e525b,5,satisfied,satisfied,0.0042595463,0.011195953,0.9845446
5a7b312433cf46dbe5423a3a2320a48d,5,satisfied,satisfied,0.0044797407,0.008765488,0.98675483
a11c5321f0ce3073db535b33991192f4,5,satisfied,neutral,0.11694613,0.7215335,0.16152045
a3a065ee119cec3df0bb90a7314f3d20,5,satisfied,satisfied,0.0051734666,0.015327788,0.9794987
505b6e96ecbbf58d25fa6bbfae6db679,1,not satisfied,satisfied,0.07600397,0.6232277,0.30076835
5d5f10c6c498c5f6096da7fca862a88a,4,satisfied,satisfied,0.047382046,0.5329144,0.41970354
6818e126908b00a4aa63ffc448c6321e,2,not satisfied,not satisfied,0.9472005,0.048715856,0.004083723
0306fc78532dc678fa0c55e9c2cef6c7,5,satisfied,satisfied,0.0077034747,0.013616731,0.9786798
6ed6f5d181f3b65cb52b308aec6818d7,2,not satisfied,not satisfied,0.8094617,0.18485926,0.0056789974
8c94aa0cd8e23ed4a76abfcac5cbb0b4,4,satisfied,satisfied,0.005468407,0.017081115,0.9774505
cd1c01f3cf99a0e102b7c869125e5c1c,5,satisfied,satisfied,0.007072463,0.025502775,0.9674248
1008be74f0613c9a281afeeceafb180e,5,satisfied,satisfied,0.013189682,0.031099966,0.95571035
1a1bb7e415ac8a8c782fae25197cbf13,4,satisfied,satisfied,0.053152155,0.53678346,0.4100644
8710f586c34dc73738d90897fc7f1302,5,satisfied,neutral,0.11127531,0.7524442,0.13628052
cc42e3f3b69071e33b94c06c718dc6fb,5,satisfied,satisfied,0.012311295,0.0387902,0.9488985
1b5957e46fc254afacf2793fff78f277,3,neutral,not satisfied,0.8671429,0.12735105,0.0055061295
4bfcca0ad5df24fd5647cd0f225dabe8,5,satisfied,satisfied,0.0039376807,0.008468806,0.9875935
2112ef52acf630379e8cf7cd03b49390,4,satisfied,satisfied,0.0051022894,0.0122587625,0.98263896
2925301f82466cc92cf665b565b7b94e,5,satisfied,satisfied,0.0045299116,0.010041441,0.98542863
ff017ca520983830100d21bba9f70646,2,not satisfied,neutral,0.33752275,0.6099777,0.052499484
e5af6542a04f018206a16c2aee95212d,4,satisfied,satisfied,0.0074630133,0.018596156,0.97394085
0cc9e7178dbdb5355253f3048c2d6e8e,5,satisfied,satisfied,0.0063150595,0.012935757,0.98074925
53e2386a1631705ffbf25f4c7c0dac05,5,satisfied,satisfied,0.010887928,0.039212696,0.9498994
79061b80163e5c21b9eeb74faa0c8c3c,5,satisfied,satisfied,0.003829572,0.008051032,0.9881194
60a8f45eadbc85ee2042476ff5a665f1,5,satisfied,neutral,0.36763522,0.5396874,0.09267736
4ce7b913cb57729e278676f9a5389518,5,satisfied,satisfied,0.0075364998,0.03136048,0.961103
b186bb80495ef108bf1068905b67421e,5,satisfied,satisfied,0.004518353,0.008363236,0.98711836
ddcd97760c8de550ee6f2f8d7b54e9b4,5,satisfied,satisfied,0.042406265,0.12958945,0.82800424
406989fa80f3daebe898176c56ea70e8,5,satisfied,satisfied,0.004812181,0.010263838,0.98492396
ede2991b9d1fe4129162f283f464689a,5,satisfied,satisfied,0.00487152,0.011115251,0.9840132
c56beac168b6d655fafb911dfdef1356,5,satisfied,satisfied,0.005580585,0.010600983,0.9838185
a819a19767c9fbd6b49c51d2509cf8dc,3,neutral,satisfied,0.044175636,0.5702905,0.38553384
b31d3545f3fec5c31017bcf6ab83c55d,5,satisfied,satisfied,0.0055384072,0.008503719,0.9859578
860ad3f366f6b692bd9521d618d13622,4,satisfied,neutral,0.097934015,0.70171076,0.20035528
ecd756bbed79e1e3f3d209deb7b8a2e8,4,satisfied,satisfied,0.0071302624,0.01690873,0.97596097
d7896ca3052b88654b78522aaf247b3c,5,satisfied,satisfied,0.0071310303,0.021099081,0.97176987
b642597fb8e227df109b2c7fb0743c7f,5,satisfied,satisfied,0.0056799115,0.022440065,0.9718801
e3407a84db918045c529b59f0c48cf07,2,not satisfied,neutral,0.16911061,0.75791585,0.072973534
2cede9e7ca13635553356de5367bed53,5,satisfied,satisfied,0.010694641,0.05289008,0.93641526
fd14585fabdad98a97b5f8106c282361,3,neutral,neutral,0.24698979,0.7131559,0.03985429
98dbd880edc3be8184be40e8a5539f26,5,satisfied,neutral,0.10763178,0.78375924,0.10860889
6a54f24dadb78bdfd5d3aa4be22cced8,1,not satisfied,not satisfied,0.7673703,0.22607952,0.0065502054
52f9f457fd82be985a59eb90d8f623c5,4,satisfied,not satisfied,0.5478802,0.42735708,0.02476266
08ffb6b7deda1e8390832ccc02dfc968,4,satisfied,satisfied,0.011263545,0.052089203,0.93664724
e0e8c92b5d61fa999e915e9f9ee6b5e7,2,not satisfied,not satisfied,0.8846427,0.10922429,0.006132976
7b5c7df98d6fba1032f9a76c9ca5ad80,4,satisfied,neutral,0.0675827,0.8124919,0.11992547
a88da3636c1d755d56a30ddd6e30abaa,5,satisfied,satisfied,0.0032744957,0.0068122605,0.9899132
48e0da5cc3cbf1ea94f6431201438cf5,1,not satisfied,not satisfied,0.73768413,0.25115833,0.011157606
db8e5609e1da45751fe23e72a05c5935,5,satisfied,satisfied,0.0041667395,0.009275829,0.9865574
b8063990e79e126792a318f122b7d92b,5,satisfied,satisfied,0.004266303,0.009285449,0.9864482
2694e45f6096ce47ed69fb0951c1734c,5,satisfied,satisfied,0.0072389967,0.013725429,0.9790356
52bfb636e9a073b0585ed14146534f92,5,satisfied,satisfied,0.008567019,0.027080936,0.964352
5e90e70c410ad8123568e3c21f736aec,5,satisfied,satisfied,0.0051482,0.013694776,0.981157
378b55b2dc3f72cf5daf965636f049ea,5,satisfied,satisfied,0.0132800825,0.10159293,0.885127
343d396647dd003b1b632681622bd43e,5,satisfied,satisfied,0.004246242,0.008452145,0.9873016
b01cad2fc5272475979e543c9ebad84c,5,satisfied,satisfied,0.004397231,0.011895095,0.9837076
ead202b2e72eff575cf8174bc2c43b4e,3,neutral,neutral,0.4107466,0.5093246,0.079928756
cf87fd373c93d99e7dfdd12160a57fd3,4,satisfied,satisfied,0.036853317,0.52582,0.4373266
f2a36cdf067dedc56bb30184c2266678,3,neutral,satisfied,0.37996548,0.46811908,0.15191545
dd2539ee651404eaed2728c56a1eb296,5,satisfied,satisfied,0.005898411,0.012852475,0.9812491
254c6595c454f108033a337505e8f198,5,satisfied,satisfied,0.0060580703,0.018576026,0.9753659
0853042bb44fcfc61b5001ad3ad644b0,5,satisfied,satisfied,0.008474048,0.01687083,0.9746551
4370e564596816b5bdce6f9ccaff23c7,3,neutral,neutral,0.09725905,0.8406848,0.062056214
1e5104eee02e03786a41040a8e83a71f,5,satisfied,satisfied,0.003288563,0.006234332,0.9904771
6f3b8f87ecdad2e3016dff649ce610f9,5,satisfied,satisfied,0.00613484,0.022111468,0.97175366
c1656e0e890ebaf2555a14b82cafc65d,5,satisfied,satisfied,0.0036207887,0.0064222477,0.9899569
c4f5572d4c276c4f72f5dbba6610358e,4,satisfied,satisfied,0.0071122455,0.032098334,0.9607894
e2e27ec266ba0c17a3358774682d7a2b,5,satisfied,satisfied,0.0052507203,0.015350767,0.9793985
02789915a3d708c038e8ffd49ff03ae8,4,satisfied,satisfied,0.0041052112,0.007998867,0.98789597
f856ada244181982d9a527e6e08f833c,5,satisfied,satisfied,0.0037665816,0.006641732,0.98959166
a9af31bd280731ee71bd21fe3e4837e0,4,satisfied,satisfied,0.05504382,0.6928215,0.2521346
902311010695bae07b34b690bf5cd570,5,satisfied,satisfied,0.009303648,0.018847859,0.9718484
2a9287533396f3c33212ce2bbc91d6f1,5,satisfied,satisfied,0.0053784694,0.009581395,0.9850402
a094ce8f023e11dc952432ce27aa38a0,5,satisfied,satisfied,0.004973937,0.008543222,0.9864828
ace93f147335b92fa26d980cdf73989e,3,neutral,neutral,0.2261534,0.7413348,0.032511864
e7e62ed89c55dd0bab69970fa5299299,5,satisfied,satisfied,0.0082446765,0.015414119,0.9763411
4b274dc6eb683c936952aa0a3d49aa40,4,satisfied,satisfied,0.00946327,0.057993107,0.9325436
18b04fe56ae4105d00e14997b046abc0,5,satisfied,satisfied,0.007204124,0.014669771,0.9781261
ba9c1c52428d9d94715a138e74c8fb61,5,satisfied,satisfied,0.0055797272,0.011640552,0.98277974
25447ea42b643a2c68836c67b1a7c475,4,satisfied,satisfied,0.004187272,0.011949127,0.9838636
aff0bd981a528140c4e590781efecced,1,not satisfied,not satisfied,0.9607623,0.03452351,0.004714122
ad0c9d19e619e8b2b8e552b13f76aa74,5,satisfied,satisfied,0.004556626,0.010436489,0.98500687
defaed2e80dc4a128bd322d7ff363709,4,satisfied,satisfied,0.0054516653,0.011747309,0.9828011
11297230edf36ce23a7b64ca496b62ad,4,satisfied,neutral,0.06547723,0.770338,0.16418484
670cd542437feb97c3a45fc45fdf6da6,4,satisfied,satisfied,0.057779647,0.6593881,0.28283212
38c6aa4850fdb42ebc0c4b65e496e721,5,satisfied,satisfied,0.006017329,0.018590823,0.97539186
b2506e46113018e719c3c3b891cd1ba4,5,satisfied,satisfied,0.0044608307,0.008857777,0.98668134
3856b581adad693ec352b9703743a8d5,5,satisfied,satisfied,0.016648183,0.06750032,0.9158515
f3eb9e961f75a87c0eff288da4cb399a,1,not satisfied,not satisfied,0.9609319,0.033743586,0.0053245127
dabde159d5ff7d7253156d5f89558827,5,satisfied,satisfied,0.0041723545,0.011034526,0.9847932
93c8b0af23d63f626e3e340d2fb9d77c,5,satisfied,satisfied,0.008440366,0.038783297,0.9527764
c90a4e6b9313d260760bc487f0d9c873,3,neutral,neutral,0.13520655,0.8298056,0.034987748
39a45bfb0c6f55584ac045bf81f1c951,5,satisfied,satisfied,0.0043705064,0.009181783,0.9864477
f0e30c6e93b805c982a544a56a9be47e,5,satisfied,satisfied,0.010364499,0.034240134,0.95539534
bf974855cb41b971992ed3259bb7a7c0,5,satisfied,satisfied,0.0037090627,0.007491433,0.9887995
2a74957fec039063718a0b2eaca1042e,5,satisfied,satisfied,0.0050909203,0.011779965,0.9831291
b9a830df14341a68b443d2258134afc9,5,satisfied,satisfied,0.00492953,0.013211363,0.98185915
31b429e66a09b94db45427b2ec023801,4,satisfied,satisfied,0.0071702744,0.017124495,0.9757052
3b699ca81c1c6dcc9eeb875f942a4154,5,satisfied,satisfied,0.004258778,0.0071001872,0.988641
6df546abcf455d4dc5db25b18fd9aaf6,5,satisfied,satisfied,0.006274212,0.012852116,0.98087364
0724dd0bb0e0a8cd5226351272b4c7ce,5,satisfied,satisfied,0.00343137,0.007577874,0.9889908
bb8b83379a30202edcc2fc866c386b47,5,satisfied,satisfied,0.0061984817,0.015025532,0.9787759
e9571634e7aaf2683944e16de5fbb919,5,satisfied,satisfied,0.0066978913,0.020548869,0.9727533
849caec1f963a319176b6712ca66de3d,1,not satisfied,not satisfied,0.9270301,0.06902023,0.003949621
d6a0529cc12894a812fdbe3e9e699db9,5,satisfied,satisfied,0.0049043573,0.007035752,0.98805994
11c007c20c6052b95aff25617628ad07,5,satisfied,satisfied,0.07322081,0.6082885,0.3184907
8ae2f20b1f748cd3dcb58f3cc8ef50bb,4,satisfied,satisfied,0.02419665,0.23021854,0.74558485
ca538615dfe3ee1de75274363ba338f5,1,not satisfied,not satisfied,0.8637076,0.13160317,0.004689186
1bb1573a3eb5a879d1d26dfb3a24aa69,5,satisfied,satisfied,0.0061123627,0.01118014,0.98270744
ad01ce8f712fad1b885c7b88b8b65dd7,1,not satisfied,not satisfied,0.942228,0.052650373,0.005121574
474337de232663e9ce4f9988f86e6d43,2,not satisfied,not satisfied,0.9092198,0.08651881,0.0042614597
3bb5bb8c1329c66c76a9b5c764d5d528,4,satisfied,neutral,0.11377275,0.8138887,0.072338484
fd616a816140a4b4a2b1d83879f6907a,5,satisfied,satisfied,0.004314043,0.009025645,0.98666036
6ad450defe510efbf0876b4c4c907d23,5,satisfied,satisfied,0.009887597,0.025293889,0.96481854
f6cb35226d10d7596bdfee3e9ebafa22,5,satisfied,satisfied,0.005586751,0.014045351,0.9803679
be9bd78ca6871f7ec3d68ef79f84095f,5,satisfied,neutral,0.22232279,0.62630427,0.15137291
f426dfa6c6b1f2ebcf8dfc9135f48267,1,not satisfied,not satisfied,0.93506455,0.060614925,0.0043205675
a48dbc2a16d1bc22b9cf358010be72dc,4,satisfied,satisfied,0.06280531,0.5287565,0.40843818
ad35d210b5162a0a6ebffaa51a070d40,5,satisfied,satisfied,0.007392066,0.0210281,0.97157985
3046f9f65d52a3c1a473ca73d6f5eeaf,3,neutral,not satisfied,0.71842635,0.27508092,0.0064927377
9e95bec2dfd6340ca4e9fd873423fb4f,5,satisfied,satisfied,0.009093597,0.035945497,0.95496094
f47947a2648e422329326d47fbc2c41a,5,satisfied,satisfied,0.018274844,0.15049236,0.83123285
9b7026e94f123ef44beb718b597ca306,5,satisfied,satisfied,0.0041808276,0.009800274,0.9860189
e8847af2dc1a583793119826cddab02d,5,satisfied,satisfied,0.0041117617,0.007597618,0.98829067
d87d43d3f46215cadf1c5f52d65fd19b,3,neutral,not satisfied,0.92402047,0.07205118,0.00392836
0fb2d0ee3c84e16bda56a1261962df56,1,not satisfied,not satisfied,0.6878001,0.29607758,0.016122298
ea80281b8c7d7dc89a8f49fd15ad29d9,2,not satisfied,neutral,0.40813887,0.5772683,0.014592841
90fc4eae301b1bb9818c590aea93cdfa,5,satisfied,satisfied,0.028865559,0.05548209,0.91565233
09414767242d194fc1c85f5866826ef7,5,satisfied,satisfied,0.004966758,0.013252117,0.9817811
a096967b71078854b4e74a68fd4b0d34,5,satisfied,satisfied,0.046656772,0.41617894,0.5371642
980bfe8d151f333d9b0de0c3cfa48266,5,satisfied,satisfied,0.0046451157,0.011323319,0.9840315
7a1f45462333ef0b479c5fd7ec03a4e4,2,not satisfied,satisfied,0.006475552,0.025087176,0.9684373
37d804ee66b5e60182756b1574152f25,5,satisfied,satisfied,0.0034464388,0.0069012474,0.98965234
d425f7b6c6136f179bf774d00325aa24,5,satisfied,satisfied,0.0081044845,0.02622695,0.9656685
a963578ac01d4590ff206980b75ce842,5,satisfied,satisfied,0.050551075,0.42405635,0.52539265
1a0aec3bec267ed45793d3cc8bf995a8,1,not satisfied,not satisfied,0.9390765,0.05427728,0.0066461065
219e60a05e13f287f141e7d2362b7341,5,satisfied,satisfied,0.013307295,0.02763811,0.9590546
068ff238e935ca223f84d68ce5ca920f,5,satisfied,satisfied,0.0048026317,0.012033404,0.983164
bce9e400a3fa0b7775ed7bc21dce88e9,5,satisfied,satisfied,0.0047909934,0.01277094,0.982438
456edc9e6d918970fa0959986d14e65b,5,satisfied,satisfied,0.0049765185,0.011240778,0.9837827
a90f0d88a3efb9df42872f50956d4de6,5,satisfied,satisfied,0.004231754,0.0073377355,0.9884305
2fc46b01172feedc33d06a7ce865b3d5,5,satisfied,satisfied,0.005471421,0.02161856,0.97291
82aeb3bb1b8bf6bc20c7dd71553fb492,1,not satisfied,not satisfied,0.8391153,0.14954023,0.011344424
52fc6f29a7cf996e4f02c543c222d185,5,satisfied,satisfied,0.0038183867,0.0075481157,0.9886335
08a8424ba1f4c0523bb1fdb1d415f754,3,neutral,satisfied,0.1594483,0.637572,0.20297968
9a3a6e1fd4f313abdcb7f1890fea08b1,1,not satisfied,not satisfied,0.6784692,0.3071973,0.014333512
05554bdc6fd8a9af0d72a6ebfb714440,5,satisfied,satisfied,0.004891488,0.008944376,0.98616415
7b1ff1a525ee321c34e87734c70ca6c1,5,satisfied,satisfied,0.0053542727,0.010212315,0.9844334
3c2642a0232de38ce0b87ce648047fb3,4,satisfied,satisfied,0.0075447354,0.046548877,0.9459064
6ef94c0754d95b5b9cc641c6ce967101,4,satisfied,satisfied,0.0058216206,0.015083275,0.9790951
f27236b33a53bca7b6ae235ed7e9c6bb,5,satisfied,satisfied,0.0067881136,0.026859974,0.96635187
ad979d20da8b1caf279c10cfa2112310,3,neutral,neutral,0.24069285,0.72022647,0.039080724
9aad7ba275af089fa749e3c5da2efae6,2,not satisfied,neutral,0.12192539,0.79473823,0.08333639
1ec526229148e5203bed6635992a23ef,4,satisfied,satisfied,0.0738073,0.42018768,0.506005
de211d15d821abe002cae1ed991adfd8,4,satisfied,satisfied,0.0057391156,0.012252282,0.9820086
7da514c7cacef30da8769cf25659c500,4,satisfied,satisfied,0.026909338,0.113713615,0.859377
7cae4237dfd4cff07100fc907f9c9771,4,satisfied,satisfied,0.009872349,0.03203585,0.9580918
69b73301a4abadbcd19ff2af79283d57,5,satisfied,satisfied,0.0034753028,0.0067871674,0.9897376
82fd6ce43efe83b917ea29a2c93c963b,5,satisfied,satisfied,0.0054824348,0.008243751,0.9862738
348d3bf672868725a76df2ba5425517e,5,satisfied,satisfied,0.007297655,0.014786091,0.9779163
e1d9fc7e4b4c4b51b1014028a268b8fb,5,satisfied,satisfied,0.0037697952,0.0072637685,0.9889664
99a44e4b724a19fc3c23cf894eaf2480,5,satisfied,satisfied,0.0071256002,0.021689761,0.9711846
347f47c7a85593bd9f18f1e40a70992f,5,satisfied,satisfied,0.0052420446,0.018388914,0.976369
6a7e6cac7fc9966f7c410ddb1e296f02,5,satisfied,satisfied,0.0036491172,0.0072810315,0.9890698
504139e9d4c3be9afb9d1dc2d28c60b9,5,satisfied,satisfied,0.012873509,0.079369575,0.9077569
71f4b8cb44b7a19b08b3dadc9d517463,5,satisfied,satisfied,0.004941518,0.015892453,0.979166
8c9d663c76e1fb0e8d8a706475e4c9c9,5,satisfied,satisfied,0.018415393,0.09227855,0.88930607
7ce1567b5d30adf14279efdc9d7789fa,4,satisfied,not satisfied,0.54948014,0.43858224,0.011937621
b666c7008a31db791e384a0388afc05b,5,satisfied,satisfied,0.0044197445,0.009272592,0.9863077
ec9944666a3031c07f983d57a209be8e,1,not satisfied,not satisfied,0.9500723,0.04427247,0.005655301
2ca2076bf9d3cf4ab3f757f624aa4990,3,neutral,neutral,0.16824695,0.74761724,0.08413574
0da410a04d923ab952b15e0d28cf8b45,4,satisfied,satisfied,0.012103881,0.038090684,0.9498054
fee28cbc3b9ba4a83647c2bd59ba3926,5,satisfied,satisfied,0.0077377693,0.015649322,0.9766129
93b78bb82092cea9601b3e2695df4a56,5,satisfied,satisfied,0.0062129814,0.014274222,0.97951275
528552bc09e6e43864f90a74154b7cf1,5,satisfied,satisfied,0.010063991,0.02661832,0.9633177
abdc345702ce2cea19afd15afc0a5cab,5,satisfied,not satisfied,0.7154928,0.2754718,0.009035369
5737d30fdc41a05186f4f3d12fdb6e7b,4,satisfied,satisfied,0.0055257077,0.014685731,0.9797886
b44ea9a9241d3caa8ef888c3be0d53cd,5,satisfied,satisfied,0.02135379,0.16847982,0.8101664
9c64b100ba1d3c92dd5483f70b25f94f,1,not satisfied,not satisfied,0.8135966,0.17662695,0.009776501
47d95a2e0abd3ceb80dc5ce6a4d4c3a2,5,satisfied,satisfied,0.0074308063,0.015564354,0.97700477
e625e5322d0b5d20fdbc89bce5c28c09,5,satisfied,satisfied,0.004387162,0.010058935,0.9855539
85988761f538e0a0d0d219aec48b7f1b,4,satisfied,satisfied,0.0929203,0.60728884,0.29979086
262e71e74ea6301191e79b6a01d5ea0c,5,satisfied,satisfied,0.0045749433,0.009877205,0.9855479
23574beed126258ad63bda0fa78108c5,4,satisfied,neutral,0.07437717,0.7323772,0.19324566
4cfc4d51248a5b73003c23e51dbe1b3a,5,satisfied,satisfied,0.014998436,0.0472809,0.93772066
9a544c470f02f0e8dda0b69937715ef6,4,satisfied,satisfied,0.13522284,0.41322172,0.4515555
b1e9b1f751bcb703a657cb9e504551f8,5,satisfied,satisfied,0.008977458,0.027870337,0.9631522
107a7cb6c74ebfd8e3880db40f011ec0,5,satisfied,satisfied,0.0046977163,0.008398531,0.9869038
530212ae161eedde98eb7a4eba1fe962,5,satisfied,satisfied,0.010763195,0.055421438,0.93381536
29f1c618ba886fbf7430db168760d6ec,2,not satisfied,not satisfied,0.7960831,0.19831488,0.0056019984
a8c00c364f04f0cac5325a547720062e,1,not satisfied,not satisfied,0.88073426,0.114644326,0.0046214135
4145f06139ed5d7bedf2e54bc2d33178,4,satisfied,satisfied,0.013821022,0.061174814,0.92500424
398cfdf5f919a7bc3369398b8bdc1e10,5,satisfied,satisfied,0.010258205,0.027224638,0.9625171
132ccc70bc4095cfc87e87a140717b10,3,neutral,neutral,0.15067816,0.653925,0.19539684
daa8de4c2eeda134319bf5f76813560c,4,satisfied,neutral,0.09947955,0.835164,0.065356374
2a5f0c5981d8edb528dba1b96a639ce9,5,satisfied,satisfied,0.0042342856,0.00902958,0.9867361
f0aa73c88273127431f757451975d860,5,satisfied,satisfied,0.004652384,0.009545049,0.98580253
7fe2cc5e2147fa937e953d3766f7ee63,5,satisfied,satisfied,0.00487988,0.014649765,0.9804703
538949cdfb5c356ad1b7bf72a95a3d83,5,satisfied,satisfied,0.0077652363,0.025536748,0.966698
9f5b0efa65f86e0f1009191723b28b68,5,satisfied,satisfied,0.008429708,0.013582003,0.97798824
96b8b516a7d48a29f7f20b0d8bebbaee,5,satisfied,satisfied,0.00483946,0.007965885,0.9871947
6fd13cb1edea60e1f3c6803528c9f89f,5,satisfied,satisfied,0.009415892,0.015102857,0.9754812
272af714b588a58c04eaf3b944ae296c,2,not satisfied,neutral,0.11089678,0.8027054,0.08639774
5dcc6b1e8bde362f34032b51ea7e9b93,5,satisfied,satisfied,0.0048579923,0.0083358,0.9868063
ea0c80e2c284fd2b2561145cb8746760,5,satisfied,satisfied,0.009848657,0.03524527,0.95490605
e93f30f514aa55e17994fa88a46e1a3b,5,satisfied,satisfied,0.0044478024,0.008678847,0.9868733
7c2049e1af730db326643da5bba9584d,4,satisfied,satisfied,0.041518256,0.31729782,0.6411839
25380238490ddeb042076840a3e98bc3,5,satisfied,satisfied,0.0053640455,0.009694824,0.9849412
0593c8252aab9eb8e2a2b64e0c6b9fa0,5,satisfied,satisfied,0.004348057,0.0064889393,0.98916304
5855e4794034583e6fda3bff379cb4bd,4,satisfied,neutral,0.08179686,0.81531954,0.10288366
ef7000fb5820831f37da06a7abbdbf27,5,satisfied,satisfied,0.008204628,0.019972606,0.9718228
7aa221c9ccd2797fe439e484afabe20a,5,satisfied,satisfied,0.0053603747,0.01296072,0.9816789
97fa0aa0d36943df0ce70a83480b9da6,5,satisfied,satisfied,0.006327339,0.021588009,0.9720846
5389801845ced9104930019e82b0be72,1,not satisfied,not satisfied,0.9612258,0.034016006,0.004758226
7fac5fb2e9b030f73926f2754b77b7a8,5,satisfied,satisfied,0.011285114,0.077272974,0.9114419
dad98f4669b6eea335b75a3d9562711e,2,not satisfied,not satisfied,0.5407413,0.4434035,0.015855271
15cd833dd8ec6b7f83dff315dbcf1146,4,satisfied,satisfied,0.004650316,0.009515358,0.9858343
63fa8d7004061d18c87fdf391456f1e6,5,satisfied,satisfied,0.0041683367,0.006858912,0.9889727
d041f8505439efccc5e7a10e6f2bc402,4,satisfied,satisfied,0.008645561,0.05483361,0.9365208
a4065e606a2024f79e1090155b8f22a7,5,satisfied,satisfied,0.010406536,0.03764797,0.9519454
35ddc21da4349c9aa0e0c60b64a7809b,5,satisfied,satisfied,0.0038211136,0.006970455,0.9892084
99c2164835962c70b5903590bfa3ec30,5,satisfied,satisfied,0.009108721,0.04095602,0.9499352
6d88f800869accb55f14ed551493b56b,2,not satisfied,not satisfied,0.65494937,0.33135024,0.013700358
0e344ec9edb6940daa7966c661ec4276,4,satisfied,satisfied,0.012179148,0.060022213,0.9277986
76495a3c755028300de598597dcd4726,5,satisfied,satisfied,0.0052955584,0.008754633,0.9859498
d1e613e07f6ee9967964a54995f0c41b,5,satisfied,satisfied,0.004389255,0.008121947,0.9874888
45b7f2e2585177eef591296437d87bba,5,satisfied,satisfied,0.012250194,0.038963016,0.94878674
b532ac65141a830299925bbc5524b44a,5,satisfied,satisfied,0.007840639,0.022124905,0.9700345
6af057751d707a1e8b5107b91b93ece7,3,neutral,neutral,0.23704894,0.69702107,0.06593002
ff0b6e40be1cb13c2272f3790ad2f8b6,5,satisfied,satisfied,0.005193397,0.015298891,0.97950774
9a67a23fd148cf1aacf426f74336b99e,1,not satisfied,not satisfied,0.5757705,0.41365427,0.010575234
1df2d0f2630421f1bbb0fe18c899e031,5,satisfied,satisfied,0.0049078236,0.016230399,0.9788618
a1d3d9031bb9fa28b60a1e1c167a2575,5,satisfied,satisfied,0.004980417,0.015717732,0.97930187
b481f460a2f75e8ab8e7fdedc55c0fc0,5,satisfied,satisfied,0.004006873,0.009382082,0.986611
93fb77cd77181b7117afd7fc3ed046d2,4,satisfied,satisfied,0.023231704,0.12099192,0.8557763
cff1094efd8bac3d38c5df70cc95b523,5,satisfied,satisfied,0.003882491,0.008673413,0.9874441
20a31eaac65049d643178cc384aa1292,5,satisfied,satisfied,0.004610518,0.010467169,0.9849223
730bb25c2db0ad1e1d66f79da4545b1e,5,satisfied,satisfied,0.0041197925,0.007486736,0.9883935
4578923aa3ac26b0d299114b208c5ae5,4,satisfied,neutral,0.16180524,0.747229,0.090965815
54a5fca4679c3d34fb42981b205d636d,5,satisfied,satisfied,0.006532147,0.010687067,0.9827808
af92ad99bdf4f07bd3c50029167566b5,4,satisfied,neutral,0.1523685,0.6607998,0.1868317
ebb43046fb9aa1427ec20c42e57107b4,2,not satisfied,not satisfied,0.6276933,0.35331848,0.018988216
af47e35d9bf503f76a5b1ad15c6fe54f,5,satisfied,satisfied,0.0074114897,0.030915957,0.96167254
6fecd25509e5e2bb40af64b4037590f4,3,neutral,neutral,0.10724959,0.8330128,0.05973765
b0ebed50ba0347db93149d60c038ab36,5,satisfied,satisfied,0.0044322796,0.007475201,0.9880925
8aec70c672f785d4207f1dbb0e6af1b9,5,satisfied,satisfied,0.011452446,0.0819414,0.90660614
dce3d5b0e8b670b2c6e7f09ac45f51b6,4,satisfied,satisfied,0.01393233,0.09713242,0.8889352
4f81927a1c08ffad9640a770f69855bc,2,not satisfied,not satisfied,0.93967843,0.056183677,0.0041377977
ab8b08624d9c39d6f449f7a3c15c47a7,5,satisfied,satisfied,0.010537095,0.0870076,0.9024553
70f674f622237b614456f27e053be4e3,3,neutral,neutral,0.14333893,0.7565179,0.100143135
c0cfd613973f7e42d0237612d21a709e,2,not satisfied,neutral,0.22881497,0.7208816,0.05030335
c280184ddd3e51826e65c1da4fe9cdb0,5,satisfied,satisfied,0.007276632,0.038881645,0.95384175
ff0595e1196201c720e08b3aafa6ad71,4,satisfied,satisfied,0.010169771,0.01940399,0.97042626
f7dafe674703dcffac6fc2106279e983,5,satisfied,satisfied,0.0034071584,0.0063595246,0.9902333
5983b8cf60f2fdb1b3433089afdc40e9,1,not satisfied,not satisfied,0.7167317,0.2760468,0.0072214683
333841025049b7b53aaaa13bc7c686f4,3,neutral,not satisfied,0.8448372,0.1501007,0.005062086
a42a40951fe139f48f5c17c11fbb18aa,3,neutral,neutral,0.13049887,0.7329905,0.13651061
360eea109166a5bd30e5364d5d8fc44c,5,satisfied,satisfied,0.006023964,0.014181794,0.9797942
86594c188f2880918b229e9e893c7b0f,3,neutral,satisfied,0.03868165,0.2929708,0.66834754
6d6f8570559a94da5be2a3dfee9771d9,4,satisfied,satisfied,0.021895574,0.20266214,0.77544236
c49e592ad2b222e72d7bf2de57702fd0,5,satisfied,satisfied,0.0070928456,0.010696817,0.9822104
721f0a5326fe0e459de1647a6c96c27c,5,satisfied,satisfied,0.0046298527,0.0088007515,0.9865694
7f2078732215997d53b2a41d2a9782ef,5,satisfied,satisfied,0.0055735037,0.009128693,0.98529786
7cf5bd163fa1a9ba98ac56125f3c65a2,5,satisfied,satisfied,0.004729747,0.0073502287,0.98792005
cb45d1f527c7ae5cff646f83ee80a7c6,5,satisfied,satisfied,0.004626493,0.0083686095,0.98700494
118d1b8b9d6f1086a06f252933777f6e,5,satisfied,satisfied,0.030411404,0.3348579,0.63473064
97331a0d168252beb14b82bd98282845,5,satisfied,satisfied,0.004422888,0.008506685,0.9870704
29af79ccba4c772cea8038778b193a26,5,satisfied,satisfied,0.008325703,0.027130276,0.96454394
ee7df304fc6b82ceec1181dda92dd550,5,satisfied,satisfied,0.0035150282,0.005734108,0.99075085
0dd4a3f41f406fd9437bb5d94482329a,4,satisfied,satisfied,0.0050450847,0.013734307,0.9812206
b2591e2ac3cbaa5fc6282bb8c05c66ef,5,satisfied,satisfied,0.03605275,0.10854315,0.85540414
0b4008120cf397acb587c3a412db338a,5,satisfied,satisfied,0.003994315,0.0070760017,0.9889297
542bf3c618c2b811a46f07735cd2f5db,1,not satisfied,not satisfied,0.6305027,0.3598032,0.009694088
f466b971cb685e6a02b67560db826f98,5,satisfied,satisfied,0.0047848914,0.008299197,0.98691595
d54e23d8ae8dd5feaada76606a65e6c7,2,not satisfied,not satisfied,0.72432953,0.26602697,0.009643525
d1faef4f1766be9ae38fae6d68256d81,5,satisfied,satisfied,0.006061197,0.020979455,0.9729593
5a45bc65d8dd1ebaae649edb033e3ebc,2,not satisfied,neutral,0.27856624,0.65011996,0.07131372
b1b03a47e229838a1120788e912d5276,5,satisfied,satisfied,0.0039202846,0.0076823332,0.9883974
a9f08941421a02acb63a3622a142616d,5,satisfied,satisfied,0.0052381423,0.013791457,0.98097044
c05aef2f54f9236fe8e81bedfa867311,5,satisfied,satisfied,0.0072928974,0.012500777,0.9802064
4d343125f3f20d24e7c90564116f750f,5,satisfied,satisfied,0.00603067,0.014373976,0.97959536
141cdc2817cc9d53ebb35577d994c261,5,satisfied,satisfied,0.0060502165,0.011733959,0.98221576
ad6fb358a9d4ea01c33bd3ebddbf4d90,4,satisfied,not satisfied,0.4615214,0.52353483,0.014943771
258950a6e17c2e26f1323b84756b18bd,4,satisfied,neutral,0.29509038,0.67885935,0.02605026
49374b9355ee030975b342d370e74d44,5,satisfied,satisfied,0.006012248,0.014190131,0.97979766
0405354d7b4de66cb97248456a9f1221,5,satisfied,satisfied,0.0037851867,0.008730927,0.98748386
cf430793f2070c1bfa50877347d2e44e,5,satisfied,satisfied,0.010395808,0.031896066,0.9577082
3b9c8b64cc87abf9d443570bedb589e0,3,neutral,not satisfied,0.6634485,0.32813698,0.008414446
3a618f8bfa97f6bfdf0af9fdbc80ef4d,2,not satisfied,not satisfied,0.7796899,0.21340503,0.0069050975
b7897e475f5363b4ae45fd3890b774c8,5,satisfied,satisfied,0.0077025886,0.015344451,0.976953
b6d17fcc201f753a8b47d5896a060f66,5,satisfied,satisfied,0.0044356314,0.0081306,0.98743373
4ab727e4f5e35395db586d1303e2fbd7,5,satisfied,satisfied,0.005264412,0.00915756,0.985578
474b1324f140719007520a679afa8287,5,satisfied,satisfied,0.007341047,0.018756436,0.9739025
e43ab7be65b2e590d1ffeacdd8b8dfb5,5,satisfied,satisfied,0.017493762,0.060604624,0.92190164
e23ee0dabea802c135c1fc12bb79450f,5,satisfied,satisfied,0.004153304,0.00915615,0.9866905
141fbf358cf6d04b1e4af8768da9a1b5,5,satisfied,satisfied,0.006371107,0.019263078,0.97436583
669ecb30276b83e475583476dc7fb94b,4,satisfied,satisfied,0.0046511376,0.014307336,0.9810415
9664ecf6f35235777e6cf4e93c663f6c,2,not satisfied,not satisfied,0.85072154,0.14408338,0.0051950472
27a73a713d30376bcf0dc2b3394ff5ba,3,neutral,neutral,0.34981486,0.6205644,0.029620763
8840cfd5a7ad4b974a1e311f27d995c8,5,satisfied,satisfied,0.01343218,0.02790501,0.9586628
9345cdd7506861c7a5f625030b930ad1,5,satisfied,satisfied,0.0052983733,0.010915048,0.9837865
9d27d05ea811d301f666f3d7af0abcd0,5,satisfied,satisfied,0.0077834604,0.018229334,0.9739872
0a3d333fa56e14cba835dde488f47a7c,5,satisfied,satisfied,0.005512522,0.008109522,0.98637795
07810c05753ac45de392b1f4e6d98166,5,satisfied,satisfied,0.05927839,0.58825386,0.3524678
2c8fbc61dd90faa83c5427908dab9062,5,satisfied,satisfied,0.0054148072,0.011438113,0.9831471
9a9482f4bffe6b45527ec14cd7653677,4,satisfied,satisfied,0.010380004,0.06762107,0.9219989
7f773c40f347f4d9e2b793a4044e3f10,5,satisfied,satisfied,0.008284837,0.020994408,0.97072077
935aadc5454994f39008aba5b3d4c317,5,satisfied,satisfied,0.01144925,0.020271925,0.9682788
075988de6963cc066d0d62d42c80af5f,5,satisfied,satisfied,0.022355184,0.14141734,0.8362274
4ea76941b685264a0c0b8f90c25d79b8,5,satisfied,satisfied,0.005696721,0.015252007,0.97905123
42d443a64bfceb20f649b53a2bbab3e7,5,satisfied,satisfied,0.004476553,0.008855185,0.9866682
82f691cd7770d1e40f96c6923f29bd02,5,satisfied,satisfied,0.0046054274,0.010831434,0.9845632
63e9d7a385eb696c5e15d9bed231ddf6,1,not satisfied,not satisfied,0.908612,0.08690013,0.0044878135
e67d4509de1cfbc7a3c9869aae21405d,5,satisfied,satisfied,0.0046691606,0.00961963,0.98571116
1bdea99f72a1967a91d5562079bf4da9,5,satisfied,satisfied,0.007729153,0.014788358,0.9774825
ffa0390067ba847b6b8bace8aa7c1698,5,satisfied,satisfied,0.0053058597,0.016836548,0.9778576
5e311de2708be1af5178966c6893690f,3,neutral,satisfied,0.04906644,0.46228167,0.48865196
db88bc88ccc3a2168c3ab138fda6eed3,4,satisfied,satisfied,0.039206553,0.5509065,0.409887
d911586a8edb4c970913307ea6fd881f,5,satisfied,satisfied,0.003944006,0.007998206,0.98805785
04696bb61d1f85e44618621bc981c285,4,satisfied,neutral,0.14950103,0.69111353,0.15938543
379cdd86eec51e37aa93231ac595e4f5,5,satisfied,satisfied,0.00961347,0.020745726,0.9696408
bffb32cc8c36b16f60c924ea254a6be2,5,satisfied,satisfied,0.012313268,0.09625996,0.8914268
18f7c62f852052c4efe5fd6f9cefda78,2,not satisfied,neutral,0.12727582,0.7388748,0.13384947
0a55e532499bac40610d7bf9bf445cdd,5,satisfied,satisfied,0.022745017,0.15184186,0.82541317
6b2e9a81f5c43fae521a9575cb4bb4e0,5,satisfied,satisfied,0.00550203,0.01071905,0.9837789
1843c219d8349eef6011f7b55ddd0d40,5,satisfied,satisfied,0.004735891,0.015629014,0.97963506
ca4b2396b3167cf5eb33075447773b85,3,neutral,neutral,0.25256503,0.6453679,0.10206701
f5708d3dbcf60d5ac7feaad1a686f6aa,2,not satisfied,neutral,0.33321324,0.6417216,0.025065094
201a7a5c9e072139bb9872288f926768,5,satisfied,satisfied,0.0073528197,0.014089436,0.97855777
74e6a9cb6a8e411a25d5ebed138b37a6,3,neutral,neutral,0.2412538,0.68083286,0.07791327
12af2ec86ad43c9f07e0723226084226,4,satisfied,neutral,0.14537899,0.7444912,0.11012977
43bbff9c5a62d1643e9215d42b23077f,1,not satisfied,not satisfied,0.9578382,0.037668485,0.004493351
9a504d9717bb8b7d0f6a5f2b9afb04bb,3,neutral,neutral,0.31234446,0.662023,0.025632564
c579181ec8742dbdf680c30f87d5126f,5,satisfied,satisfied,0.0042929915,0.008047747,0.9876593
49e5cf0d10dc99169c31989970edb89e,5,satisfied,satisfied,0.009957535,0.04223848,0.947804
c1bd1260418055ffa5fa0c9addbc5cc6,5,satisfied,satisfied,0.00515172,0.012236419,0.9826119
328647e4396fb95c9dce110204101b92,5,satisfied,satisfied,0.0053516612,0.0132226255,0.98142576
09c54d66f2285ef014952da2ea2a6084,5,satisfied,satisfied,0.0056387833,0.017500326,0.9768609
c8d37727d06cf826e1b195db9acd84f1,3,neutral,satisfied,0.025865465,0.2605403,0.7135942
bab6777070244c4e0f6efb7a075740f6,5,satisfied,satisfied,0.00358172,0.0075424234,0.9888758
c1e41b6666767177e5d7fb0ef0d76cb0,5,satisfied,satisfied,0.0047678733,0.009747587,0.98548454
9b5f6f3d8e832327b7e3bdd1042ef33b,5,satisfied,satisfied,0.0043975455,0.010335459,0.98526704
1733c6e5bdfd9a093fa3066be0616e50,5,satisfied,satisfied,0.0149983475,0.13993455,0.84506714
5ca2c142a85e6b9b1afe5e397ebe0a31,1,not satisfied,not satisfied,0.9456545,0.04989889,0.004446579
a0b7e78a91a6b07f8ef545fb5fd3ac48,5,satisfied,satisfied,0.0043718927,0.0069614737,0.98866665
e7446671cc44c63d28db61561b5c41b0,5,satisfied,satisfied,0.004591816,0.00951084,0.9858973
46973c171d062214b66026fb5eaa3e08,5,satisfied,satisfied,0.0045334734,0.012762645,0.98270386
edaaa219178845181660e22dc9fb0caf,5,satisfied,satisfied,0.046304,0.24238245,0.71131355
03ee35885b1fca9bbab616837d3c83e0,5,satisfied,satisfied,0.008093677,0.036486637,0.9554197
03bd6e182881e8f3284aed3fafec90be,5,satisfied,satisfied,0.005125213,0.011637291,0.9832375
bc113b70d22e3dfbe35e6434f076f81e,5,satisfied,satisfied,0.0036775267,0.00940954,0.98691297
103006428f2a5dff07b27e2b2278a6ef,5,satisfied,neutral,0.1525889,0.7101926,0.1372184
9aab66b96901bcacf758b277a318f0d9,1,not satisfied,not satisfied,0.5406257,0.4441198,0.015254473
04058e0d95e13f8b350511866e649be0,5,satisfied,satisfied,0.008179115,0.013610243,0.9782106
e3bf8e629cf287018b8be1096f757456,5,satisfied,satisfied,0.0049462887,0.010142609,0.9849111
cd7ff883f10722cf88f6591eaeec1f92,3,neutral,neutral,0.17016421,0.76754916,0.062286526
b9efd91f3f97ff86ff746b63fc6d2328,4,satisfied,satisfied,0.0073904283,0.03914224,0.95346737
696e1f55af41e3149561462e3ae22b44,5,satisfied,satisfied,0.016531618,0.13680653,0.84666187
4fc002860b57fe030b84d5b13fcdbc87,4,satisfied,neutral,0.11010337,0.7439467,0.14594996
c410b10b43144c33ead5befeface3fd0,5,satisfied,satisfied,0.0044735735,0.013673445,0.98185295
68b6f79cb3d2caa6c6f5606824f1a1f4,2,not satisfied,not satisfied,0.8653715,0.12986407,0.00476438
a1afeddbb100b3629b3f40474c5ad822,3,neutral,neutral,0.30997375,0.6709301,0.01909616
21c69123a5fc6be065c196ad7c93c7aa,5,satisfied,satisfied,0.0051371474,0.011654544,0.98320824
1e343be41801b362742d096dc427db87,3,neutral,neutral,0.26658946,0.7038539,0.029556697
08334c8674f9896c74949387ebba3806,2,not satisfied,not satisfied,0.93873394,0.05783907,0.003427013
15c41c0629e5b139f21f172085e6b7b3,5,satisfied,satisfied,0.005780543,0.0092964135,0.984923
2571bebec4c08701658019b04d16c8f7,5,satisfied,satisfied,0.0072051515,0.020741034,0.9720538
063ec7c3ce7683dd9d5f8735f25449ec,5,satisfied,satisfied,0.01332766,0.065975145,0.92069715
d0035de793401b79ea9fbe04e3504810,5,satisfied,satisfied,0.005836761,0.011922014,0.9822412
f7f54ff951cd23b29c7e39cfff6e0487,4,satisfied,neutral,0.070680216,0.7404425,0.18887731
a9a68a18a972538356bd06d8c4381774,5,satisfied,satisfied,0.0043196934,0.0064874915,0.9891928
e40b53f0ec4f12b92bbd63ab2baa0db2,2,not satisfied,not satisfied,0.5677226,0.42061785,0.011659521
69122ad80b5020ad548eed17bf713cef,5,satisfied,satisfied,0.005429177,0.01567257,0.9788983
9127043d4b08f22beeff6be5ca00a587,5,satisfied,satisfied,0.0054524876,0.010615251,0.98393226
41069040bbe54ccecbf2eb8d497d9d20,5,satisfied,satisfied,0.005627144,0.017300619,0.97707224
1fdb515260a04bcd0545704be636b018,5,satisfied,satisfied,0.0046313265,0.009000852,0.9863679
93419ace2cbed6ba85d07bf5672e0dab,5,satisfied,satisfied,0.011724768,0.031201126,0.9570741
78f236a45362e28e26cd12087e09d4cb,5,satisfied,satisfied,0.00449828,0.012261901,0.9832398
cf72c464d9729a16a7a794af362ac823,3,neutral,not satisfied,0.66125536,0.32771322,0.011031411
2516fd9b9c8c337823a0848820b6e3c9,5,satisfied,satisfied,0.004712409,0.008828123,0.9864595
d1474a18dd73e130322dcde6eb89037c,5,satisfied,satisfied,0.0062340437,0.008776499,0.9849895
f7956ffa346df335f6d7994f56d6a637,5,satisfied,satisfied,0.006022928,0.012142666,0.9818345
373535011446edc23c62ba18986bb115,1,not satisfied,not satisfied,0.93729883,0.059155583,0.003545576
deced6949cb5ff32993ea1330c661d09,5,satisfied,satisfied,0.005181531,0.011857273,0.98296124
4216fd4d1a52ebac7cc73ee1414747bd,3,neutral,satisfied,0.0050353967,0.011301396,0.9836632
6c0e513b94a45119b8b018fb9d528d92,5,satisfied,satisfied,0.00939418,0.03378881,0.95681703
95beae45e513ed7ad75d029d9c03b917,5,satisfied,satisfied,0.008506456,0.019045858,0.9724477
6b79a089713ebb88c35be12916acfecb,5,satisfied,satisfied,0.0047467523,0.0073220087,0.98793125
042ac3b32a55c459d4eebcc05134420e,5,satisfied,satisfied,0.004086425,0.0071290988,0.98878443
cbd2f6829df393a7c25925ee46e7cf61,5,satisfied,satisfied,0.0040826667,0.0077727363,0.9881445
786b424f0693eb5f2d4aa3621e1743a9,4,satisfied,satisfied,0.05246759,0.6245455,0.3229869
b4505f008e032f275053ceb527d49dd1,3,neutral,neutral,0.4084189,0.5693795,0.022201592
95844d9e2fd14c492584d19098218d83,3,neutral,satisfied,0.06188679,0.70938855,0.22872467
916b50a239da5bea1ff2a04c81069f62,3,neutral,neutral,0.30589792,0.6735736,0.020528346
2ffd978581a63b721ac9da3a1ff57d70,5,satisfied,satisfied,0.007827848,0.04036176,0.9518104
5ad2f953939792ddc0d00fa8e60859f2,3,neutral,neutral,0.15283889,0.7885218,0.058639307
5f9309a84d4660ab0108952e17c2701e,5,satisfied,satisfied,0.005901663,0.014234195,0.9798641
226fc55d896b48222dc377f67deb94f5,5,satisfied,satisfied,0.0046492885,0.0075281127,0.9878226
b1961b2801410a62f3b6b62165ef31db,2,not satisfied,neutral,0.3031385,0.66679955,0.030061975
339837b77037ae066e861b8624bd2c72,4,satisfied,satisfied,0.06707949,0.55220187,0.38071862
7448ae5ae88c848edad60265d5c1b515,5,satisfied,satisfied,0.006234824,0.017690184,0.976075
387293cad16a0363efd3c51c602d4ef2,5,satisfied,satisfied,0.1932769,0.43819258,0.36853048
113519fd6393f5f312c56e2a274832f5,3,neutral,not satisfied,0.92834646,0.067831114,0.0038224126
93e35e93efcdded43f8a4eaaa3886ebd,5,satisfied,satisfied,0.007641674,0.017060379,0.975298
14710995463879b9f0f30c8139a7e8d8,5,satisfied,satisfied,0.006870606,0.013482033,0.9796474
aee80ded57e2ed22662b4a2ec105c16a,5,satisfied,satisfied,0.009362051,0.03799128,0.9526466
9f61030eb5552314fd2ad964ff3f3fac,3,neutral,neutral,0.07584614,0.8399874,0.08416653
a81cc3261b07af1534ed20e5109735c1,5,satisfied,satisfied,0.0036242804,0.0067315437,0.98964417
6472db4189b34f7e9f5d31b86c9c3885,5,satisfied,satisfied,0.0058786883,0.02183836,0.9722829
930e90b2d0b2151c7529780c772132c2,5,satisfied,satisfied,0.00538631,0.0094025545,0.98521113
4753a2a6e3cd2f00dc39b06ec04fbda4,5,satisfied,satisfied,0.007677271,0.03360731,0.9587154
50a15c275c80efdf533fc5b159c1ed6b,5,satisfied,satisfied,0.008899678,0.039310757,0.95178956
e5d58bb262a35f64888e5a4a16419589,5,satisfied,satisfied,0.028009744,0.19401123,0.77797896
ed9e8f37cfbcb78b00058b0faa73a129,5,satisfied,satisfied,0.0075863968,0.017807566,0.9746061
d8acbe2824d7bac1227f9f21ac4e9355,1,not satisfied,neutral,0.25001135,0.720304,0.029684609
dd8f9fef53b2e77569912da5aa1e0fc9,4,satisfied,satisfied,0.012341233,0.069082655,0.9185761
718071a07eef6a243cfc5e50bde4052c,5,satisfied,satisfied,0.003816291,0.0062451344,0.9899386
fdb437ca18154dde65ebc2c627f35cee,5,satisfied,satisfied,0.012930279,0.10041888,0.88665086
e1d9b8b3dcfa318e42a50d10a3aad4c5,5,satisfied,satisfied,0.0051735807,0.008606997,0.98621947
02fca755595d94ca9b7dbe9bf52bcd24,4,satisfied,satisfied,0.07459492,0.46929207,0.45611298
e27439fefa1dfa44271a156e68316d55,5,satisfied,satisfied,0.0042617987,0.007832718,0.9879055
d5b055c513f4f56313e9b989334ee505,5,satisfied,satisfied,0.0035078935,0.0073504066,0.9891417
4c9ba79efb92aba2cff0fbbb429911e5,3,neutral,neutral,0.11917272,0.82474416,0.056083184
d74656dba37178d5814592eb92e39735,5,satisfied,satisfied,0.00886407,0.032164615,0.95897126
70c70b038ccbc87da2df008118b864fb,5,satisfied,satisfied,0.011937795,0.031418234,0.95664394
6b92ac0d4ce1aa16a578a4351c21953d,4,satisfied,satisfied,0.014804183,0.13071203,0.8544838
3f94cee2b95db0303b18711ec205a731,5,satisfied,satisfied,0.13044125,0.47749287,0.39206585
5104ed709e7b0f38c121605dfe7c04da,5,satisfied,satisfied,0.0056473026,0.010123491,0.9842292
49e200cc306f5939630cf91d9cd744cd,5,satisfied,satisfied,0.014605054,0.07397434,0.91142064
ba0fdd8ae41cba2746a2228b79e2fefd,5,satisfied,satisfied,0.003698921,0.007218643,0.98908246
eb39540fb4360f2c224cf8b3ea54ca08,1,not satisfied,not satisfied,0.8861136,0.109888576,0.0039978335
13847e86d13ba8ef9ec826bd9427a8f4,5,satisfied,satisfied,0.0039513926,0.006941408,0.9891072
a829c03bdf11ac54ce1b3934e9787eb6,5,satisfied,satisfied,0.004293726,0.010563089,0.98514324
8ed8f483c9e3aa1f23476b250fd6bf76,5,satisfied,satisfied,0.0050928006,0.013672835,0.9812344
7bfe192ce8db7ead04fd40f3319e8e75,4,satisfied,satisfied,0.020301549,0.19848345,0.78121495
df8058735717e401b0d34ebd8befc0f8,2,not satisfied,neutral,0.2977327,0.66440934,0.03785795
90dd23cd7e2a302c6289f155aff7aaa5,5,satisfied,satisfied,0.003380365,0.0069112475,0.98970836
f7b3dd9fa6f2317a0d69bd01baa52f1f,4,satisfied,satisfied,0.00457996,0.014011971,0.98140806
d7ee0522d1020ff8eceea63a9e08f6ed,2,not satisfied,neutral,0.39454618,0.59273875,0.012715069
99e509a9babe051c6b100a8c72d99e6a,5,satisfied,satisfied,0.004253829,0.00745689,0.98828924
187d06d5ea7b1fd0ea8aae537281fde9,5,satisfied,satisfied,0.0047733732,0.010429058,0.98479754
b025c5204e903b456359c11195644b58,5,satisfied,satisfied,0.0034478272,0.0059032254,0.9906489
3af74edacfa7e32bfce06eb4d500877d,5,satisfied,satisfied,0.008778528,0.019618185,0.9716033
51870c7ec8f66f9bc425d9cd2dd8f113,5,satisfied,satisfied,0.0062448117,0.015444492,0.97831064
86d2d1ad968e9ea1f0d228500eb27819,4,satisfied,neutral,0.40885898,0.53688794,0.05425309
d147cda5f555614f1133eb26d74c6051,5,satisfied,satisfied,0.004312878,0.00803008,0.98765707
012ca2c8d811d31218bda7aa0a57578d,5,satisfied,satisfied,0.0061504846,0.013751033,0.9800985
f39eb9e9a8fb8aa2f0a0fb48efaffb24,5,satisfied,satisfied,0.004788426,0.007964325,0.9872472
5de93a1fe9f4c6729a6e2b217716bb92,5,satisfied,satisfied,0.003934216,0.008017279,0.9880485
ef22335cb81e2cd2697b179b3710e4c5,5,satisfied,satisfied,0.0054397355,0.013753562,0.98080665
f73b3aa201f7f3feaf48a3079ba761d1,5,satisfied,satisfied,0.0065767593,0.024703212,0.96872
369ab586735405598109a0a022a1f445,5,satisfied,satisfied,0.0049270084,0.01079971,0.9842733
0f04bc93c0947a4935547995b1f3064f,5,satisfied,satisfied,0.012488647,0.08272026,0.9047911
31f06ba4b05925adf7683dcfc7c2fbf2,3,neutral,neutral,0.07324789,0.7531951,0.17355706
cd46d9ba52b729e9383f8d70e38bf150,5,satisfied,satisfied,0.0034538752,0.007266021,0.98928016
2a99517ab5b724aefe40f6eef0dd3c64,5,satisfied,satisfied,0.005510834,0.02136553,0.97312367
d3af379cf09cf0f0389a2c2c1e9d8634,4,satisfied,satisfied,0.0044509256,0.009858949,0.98569006
41e96e50af25f8e3bfd57094ad3eec6d,5,satisfied,satisfied,0.005612658,0.010840416,0.983547
ab21baa060ff7ba2ad4a5b4b94c370e6,5,satisfied,satisfied,0.004598967,0.010074155,0.9853269
d21646356a44c67f71d5dbc8ef8e94fa,5,satisfied,satisfied,0.0050716177,0.008270228,0.98665816
a60ef3dde3d14f7ab5676f374065c9f1,1,not satisfied,not satisfied,0.76829743,0.22516423,0.0065382547
cbc496a6dcad13b805035ce5714e23e5,5,satisfied,satisfied,0.0041676005,0.0110993385,0.98473305
33e2cadde75470e87670f4058c27b707,5,satisfied,satisfied,0.0054198555,0.0181498,0.97643036
602f5282f3343b5efd21d5af0d2d764e,5,satisfied,satisfied,0.008412094,0.018261628,0.9733263
cfc39e793fff1ca8599a7741a94b7fdb,5,satisfied,satisfied,0.0045838687,0.0088035455,0.98661256
0b6f3177ce7e3532e065c95e67e2b251,5,satisfied,satisfied,0.0041991402,0.010151522,0.9856493
dd18e85a50b4e267979e1d425829b541,5,satisfied,satisfied,0.0068386355,0.020573942,0.9725874
80bf23846407498c708dc04c0049ec8d,5,satisfied,satisfied,0.005701024,0.008795985,0.98550296
0bf99b9c99d08e2088eacda9abd585d4,5,satisfied,satisfied,0.006659065,0.01285591,0.980485
346ef721ae47b32f7b9107d879edb26a,4,satisfied,satisfied,0.003984573,0.008567692,0.9874477
964eb51da75cdd3580d7bbea7a02b570,5,satisfied,satisfied,0.008841242,0.01571239,0.9754464
cc6e2246dc3ea6a3dbd469a078c009d2,3,neutral,neutral,0.22052766,0.74405867,0.03541363
aab29bb2b9f686d2b6ca4d6ca2dfcffd,5,satisfied,satisfied,0.0042593633,0.00754902,0.98819155
6a66aa7446c6ba46f829385c0eb33b9f,3,neutral,satisfied,0.042072393,0.618648,0.3392796
ffda149d90ae81937571021f8eaffa3e,5,satisfied,satisfied,0.005533056,0.0237488,0.9707181
13174b326bc9583b0496bee2775c247e,4,satisfied,neutral,0.24705848,0.71390754,0.039033957
9463b4b2c92fed80689adf2c0e634986,5,satisfied,satisfied,0.0038383252,0.008765259,0.9873964
5dfef5d1cbc6308ef692d09839fe01ae,5,satisfied,satisfied,0.015484985,0.03274322,0.9517718
7d0d147b0460bf57575bf844a6fa5d3a,5,satisfied,satisfied,0.0046866043,0.009802767,0.9855106
1a91b172d5258a1f5da9d8bdd90dc322,3,neutral,satisfied,0.008568232,0.025381094,0.9660506
3ed2d70feafd58be78082dd632faf89c,5,satisfied,satisfied,0.0045412006,0.012714705,0.98274404
881806f24a229a95d4cda4ab4eaae73b,2,not satisfied,not satisfied,0.73389053,0.2566666,0.00944284
a3729383c775080df42bcda8053cd738,5,satisfied,satisfied,0.004797705,0.010860588,0.9843417
c6d9074b320a7cc796051161eae4a307,5,satisfied,satisfied,0.0060472884,0.013479171,0.9804735
c66568dcee9a15a0fcc7808fd000251a,5,satisfied,satisfied,0.0038142723,0.00880024,0.9873855
650e2f7add1983f0a6de6ac189e3c916,5,satisfied,satisfied,0.056853462,0.67313623,0.2700104
24c3e4979b9c4e79494cef906c7d1ae4,5,satisfied,satisfied,0.008377674,0.018984178,0.97263813
98bd26d14d9eca9fc9293f980ee4477d,5,satisfied,satisfied,0.0044866656,0.0114000235,0.9841133
3ae2b0cf1a7a9ae68c3dd6bf5ffa93f7,5,satisfied,satisfied,0.0056919595,0.012393926,0.9819141
6a6d1e8fbe3cd2fbd119cf9a7b229334,5,satisfied,satisfied,0.005417428,0.009370095,0.98521245
c1ddc9b0627c6752ace4e934ffc8f8ae,5,satisfied,satisfied,0.0046169916,0.00992115,0.98546183
438ca9aa1e0bbb10cf6a6bb3e4b8919d,5,satisfied,satisfied,0.004629685,0.0154014435,0.97996885
484d885ce83bf0dab1265fba2124e5e7,5,satisfied,satisfied,0.0045048688,0.013724388,0.9817708
e0180d0fdbd47981a68b57336d227647,5,satisfied,satisfied,0.0068047685,0.018182788,0.9750124
7954eab9a0f96500b463769b60a952ca,5,satisfied,satisfied,0.005656779,0.012124937,0.9822183
0552563c82f4f9a45a92b5e327b19c36,5,satisfied,satisfied,0.0044921073,0.008368393,0.9871395
3df1fb0784473bbc70316a35dadd8d70,4,satisfied,satisfied,0.013741508,0.03327573,0.9529828
4a136b905cc8aea30926dfef25316287,4,satisfied,satisfied,0.039049994,0.38755557,0.5733944
067da5f04f72166729ed8572f4cc4481,5,satisfied,satisfied,0.0053712465,0.0100996625,0.9845291
7ecca60225e629038e44faca3cb360a7,5,satisfied,satisfied,0.00653906,0.025267247,0.96819365
2a4822614c3ad3a0813529d81f6dddbb,5,satisfied,satisfied,0.008301168,0.02282522,0.9688737
adc50b58e66b6418a062b89dcf80d136,4,satisfied,satisfied,0.036514256,0.1424753,0.8210104
912ed42b3c12337f1ac5d87e4f298c46,5,satisfied,satisfied,0.00442334,0.00900409,0.9865726
b9e2335805eaf04fb5eba15e3ddfaad2,5,satisfied,satisfied,0.0065368195,0.015320898,0.9781423
d35c5aced6598a9bd1d1a56e456e3b76,4,satisfied,satisfied,0.0057671075,0.012300264,0.9819326
6580ad4b804b213136b1b2da22d5c10b,5,satisfied,satisfied,0.0059775985,0.012303674,0.9817187
915162d37bb6cfcc73104a6146d464dd,5,satisfied,satisfied,0.004753104,0.011822935,0.98342395
5ed70a372eea9080c6db3421ff4f1acb,5,satisfied,satisfied,0.008799285,0.011385769,0.9798149
52cd3710b6b73b0205d684bad1ac5410,5,satisfied,satisfied,0.009057157,0.03532071,0.95562214
934f8d92798ddb097ce7047011671467,3,neutral,neutral,0.14042017,0.81654334,0.04303641
c2508f8ad82facd3fcbacd74112f4818,5,satisfied,satisfied,0.008117536,0.02011455,0.97176796
725a4367324125c9e841a65410556695,2,not satisfied,neutral,0.22563095,0.7453543,0.029014735
12f8daa1a045c63a976db872a549ac92,1,not satisfied,not satisfied,0.861432,0.13328709,0.00528088
4a8f5d229ac587b479c13cafd5117ee9,5,satisfied,satisfied,0.004844912,0.01897563,0.9761795
320796173f92ca460cdcfd6e776644d5,5,satisfied,satisfied,0.024818499,0.12146771,0.8537138
64d555093bbc59ff74e81b74e2710d48,5,satisfied,satisfied,0.003514001,0.0074117775,0.9890743
460f302bfff2542586a8a642225cecb5,5,satisfied,satisfied,0.004685394,0.007985302,0.98732924
1556c543540e3cc2778a636d32b0b150,4,satisfied,neutral,0.14746882,0.7664395,0.08609179
a00fcf61f656701286ea11f02fa60d7d,4,satisfied,neutral,0.2379428,0.6812365,0.080820754
5d61b0bc10c4f16883e4bf0e19ea1c95,5,satisfied,satisfied,0.005517234,0.018753283,0.9757295
0aee1d1a9a21394822a9a6facc477082,5,satisfied,satisfied,0.0058490317,0.011349376,0.9828016
1cb4797863b0d3ed73842e8ce72c5656,5,satisfied,satisfied,0.0043761376,0.010240852,0.98538303
bdca5a5a4a4cb5d806ef477a4c93e20d,1,not satisfied,not satisfied,0.9180405,0.07811152,0.0038480328
8c3edfe18f0ad8aa395ae1adcde925ea,5,satisfied,satisfied,0.0044295792,0.009245099,0.9863253
c065dfdb000e8115deb55f205983b91e,1,not satisfied,neutral,0.16959383,0.7750317,0.055374533
7a8fad821bf832ed3351a3144a89d185,5,satisfied,satisfied,0.0066832984,0.020237293,0.9730794
c5486d8cf9eb73d79316b4fbd2d15405,5,satisfied,satisfied,0.0039426857,0.008298124,0.9877592
a482bab4062534146bb452cc72ee0f5d,5,satisfied,satisfied,0.0044220528,0.009764838,0.9858131
6a827ed18343c9972589c6e816b3d39d,5,satisfied,satisfied,0.0124159865,0.059724256,0.9278597
e6865a313c8707a175e0e3a140447d36,5,satisfied,satisfied,0.06342021,0.62856734,0.30801252
5b3ea9cca1d0c41128264d5087f4f6ee,5,satisfied,satisfied,0.007821579,0.020817379,0.97136104
76e4d71b3d2dc5ad6df453919941851a,5,satisfied,satisfied,0.005778219,0.02468844,0.9695333
de55efdc05d27f41c2b25a35dd60549a,4,satisfied,satisfied,0.008154525,0.027551323,0.96429414
7ab8faf55c97d7d4897412650a8e505b,5,satisfied,satisfied,0.0112011,0.05692409,0.93187475
8c1c22c414ccffb97f143628c4a0943e,5,satisfied,satisfied,0.0041620648,0.008612841,0.9872251
0a7a630babf75149dea4efb15efdea00,5,satisfied,satisfied,0.0038382125,0.0075054155,0.9886564
20ac6ebce258bc616ed5f7fd2b2c604e,5,satisfied,satisfied,0.003710407,0.007191502,0.9890981
8696fe7a11d62869bf2ce609ec8e9950,5,satisfied,satisfied,0.022738466,0.1654416,0.81182
e2c484dd7e80e56afb88b3b1c7463b2b,2,not satisfied,neutral,0.39915276,0.57973146,0.021115715
e390e1368594006be7ce6bcbd03af3bf,1,not satisfied,not satisfied,0.89660746,0.09886343,0.004529065
f6252bcf0e4fced2324106d8a55ab348,1,not satisfied,neutral,0.37174705,0.55556273,0.07269026
55ced21c52bf17a3c643e9211159f00b,5,satisfied,satisfied,0.005612503,0.014334863,0.98005265
f7d1b837af4d394203eda04a163c5d97,5,satisfied,satisfied,0.0067836377,0.031772885,0.9614435
5bd2cf4551ded98619fd078e514677c8,3,neutral,neutral,0.3102222,0.65533626,0.034441546
0719d675c1e9aac9574ce4d3fd3f26d3,5,satisfied,satisfied,0.0070498097,0.02526194,0.96768826
cca59d9aef2d8b7747dc541ffae5c2ac,3,neutral,neutral,0.2849413,0.67130536,0.043753427
85285394f4be4cfc7efc5e113f1fdf05,3,neutral,neutral,0.06964753,0.7636535,0.16669893
395a1aa5ffb341fb42c1e544cb8a7381,4,satisfied,neutral,0.40711117,0.5658212,0.027067628
c3d8365094c22f4e3e05ce1a263eb31a,3,neutral,neutral,0.104453325,0.82549244,0.070054226
85e55fad93c7f5bcf6c0939acd6d5270,4,satisfied,satisfied,0.006157665,0.024068903,0.9697734
eeb0963c7017917609255f75f0cd9c0c,5,satisfied,satisfied,0.040782917,0.53910005,0.42011705
2738915ad3c48dc1efa05619b5cade87,5,satisfied,satisfied,0.005083289,0.012548673,0.98236805
e3174edf85aab732eda3bd112730f15b,5,satisfied,satisfied,0.0039048013,0.0073004635,0.9887947
893a748387f4c52f7741006f2535db6f,1,not satisfied,not satisfied,0.8992396,0.09624374,0.004516635
9449216c8f61c336a4ed1fadd4899810,1,not satisfied,not satisfied,0.82257456,0.17102697,0.006398395
f4b75f1b801bc9974f4af0f085236b38,5,satisfied,satisfied,0.0048016477,0.012197309,0.983001
84a708796d10cf2d9d34880e8cafaf3b,4,satisfied,satisfied,0.005191996,0.017421586,0.9773865
afb5b2d4fe76ecbc0264959b4f4bdc03,5,satisfied,satisfied,0.006923892,0.02853862,0.96453756
f353d86bb2e44501035b3dc1802751b9,4,satisfied,satisfied,0.008541174,0.045452937,0.9460059
5d0b7c0a305e0f6636f6cbf7fc874ce5,3,neutral,neutral,0.20201819,0.75065225,0.047329545
b179a9a12f30bd553f78452452bca97c,2,not satisfied,neutral,0.18994991,0.7669111,0.043138932
64b795eb3ca9d984c95ee1689638789a,4,satisfied,satisfied,0.0054050144,0.010972059,0.98362297
e33cb5e25cc1caab852100c86c554001,5,satisfied,satisfied,0.004474469,0.008415656,0.9871099
33d98b273346de1eaf857a808e8824e6,1,not satisfied,not satisfied,0.6589049,0.30097076,0.04012427
072d21be188e939479cdd3c834343a6e,5,satisfied,satisfied,0.008399755,0.034795903,0.95680434
1fe64a9e7b4a63af73af4872f4abed43,5,satisfied,satisfied,0.004453499,0.009314312,0.9862322
82b887c729931d6c6eb0c5fd34bb90cb,3,neutral,satisfied,0.009410427,0.05224377,0.9383458
4d75d9eca969db026cb0a9bb30a26338,5,satisfied,satisfied,0.004766582,0.011938243,0.98329514
a0b2fb2abb50a77c5b0ffd98463d0b81,4,satisfied,satisfied,0.040853623,0.3051515,0.65399486
9db1331fba7020a56844b8c475cf56c2,5,satisfied,satisfied,0.0031925207,0.006146876,0.9906606
4e1b87906b948950c794213fb44e1dc2,5,satisfied,satisfied,0.039505087,0.14543004,0.81506485
f752d8e41ef328c5f2cd93ef55764627,5,satisfied,satisfied,0.009674977,0.020309659,0.9700153
90a55548fdae81b0d4dc7c2eaabe20bb,5,satisfied,satisfied,0.0034644424,0.006238072,0.9902975
d904ec1ce5bb0f439666be73d40561ad,5,satisfied,satisfied,0.01330545,0.03143715,0.95525736
fceb341ef1372c0d44f61d0136f7f428,5,satisfied,satisfied,0.00418186,0.009361024,0.98645705
8e03ff3fbf3afcfc63a94dfe7c194061,4,satisfied,satisfied,0.006238606,0.021745497,0.9720159
a5b212612fc56433dcdae7464ebdb54e,1,not satisfied,not satisfied,0.92054486,0.075849734,0.0036054053
5c231edb338d4b370402c442d3671c07,5,satisfied,satisfied,0.0038374013,0.005794911,0.99036765
a74b88f53d991c87ddfe73a62e4105a9,1,not satisfied,not satisfied,0.8769522,0.11684504,0.0062027667
71fee061d8029c02e9da3357cc61486c,5,satisfied,satisfied,0.0046477974,0.009578179,0.98577404
3797dd5bfdf7825eaefd425ad27a4aa9,5,satisfied,satisfied,0.0051786094,0.0144369425,0.98038447
501d2324b51072f4c2c81df41b908a62,5,satisfied,satisfied,0.004547035,0.008729587,0.98672336
64ce8744d555e0d28dbff7b8ff829197,4,satisfied,neutral,0.12112355,0.74236536,0.13651116
88c434040f45d552e3f534c44afad948,4,satisfied,satisfied,0.0057272553,0.0166776,0.97759515
323d029696d38ab834acfa723054c767,2,not satisfied,neutral,0.15142076,0.8088442,0.039735116
b3f6432ebf320c0e301ae318d43ad80e,3,neutral,neutral,0.13839781,0.8240438,0.037558336
5aa7104eceec4fc60143960b653c6810,5,satisfied,satisfied,0.0047543235,0.011893934,0.98335177
67f1668a917cf76dca447382056d0d04,5,satisfied,satisfied,0.0060239425,0.0109455325,0.9830305
325adc7ca2e96c65fde622d923e88c57,4,satisfied,neutral,0.32392836,0.6424891,0.033582546
a7f05a3ce0c55d17de4a30e036992b22,5,satisfied,satisfied,0.0035368546,0.008472592,0.98799056
0638d98d9c9c98b749c9ffdbab14c33b,1,not satisfied,not satisfied,0.9244656,0.07124557,0.0042887894
9baf34aede8d0ad978e62cee9e4e6bdf,5,satisfied,satisfied,0.0049633835,0.012028813,0.9830078
d0b0c52111e297741da11d4bcea0d8e2,5,satisfied,satisfied,0.0074137324,0.012361382,0.9802249
0696a67f50f5d5cb9237b9ca30099eb0,5,satisfied,satisfied,0.0044424436,0.011206247,0.9843513
2d36623619c3c0fc2469a95987fb0454,5,satisfied,satisfied,0.003936313,0.008997833,0.98706585
4d61d8db483492050269e45ecd3e9da2,3,neutral,neutral,0.19793932,0.7767093,0.02535142
3acd2bcb41889f65dfd7fd53e13dfdbb,5,satisfied,satisfied,0.0043790285,0.009506532,0.9861144
977c8ee12d0fe5abcc84ee4681bb7e3e,5,satisfied,satisfied,0.0044218353,0.0071635987,0.9884145
48a759483eb2e4c93df783770fbfade2,5,satisfied,satisfied,0.0115246065,0.045202687,0.9432727
944c390dddf5a3f824c9c888ce044817,5,satisfied,satisfied,0.025232924,0.05450746,0.9202596
da4f904145b9af5eabb007df6fae67a5,2,not satisfied,neutral,0.1475007,0.7758906,0.07660873
3bf95bb79518bdff01eac5d82ab53d0f,5,satisfied,satisfied,0.0040023555,0.0073521202,0.98864555
c6cb509d489534576801c40df985af8b,5,satisfied,satisfied,0.0049579935,0.012885346,0.9821567
fca2dcf53a0bdba7c58889ce2261063b,5,satisfied,satisfied,0.0038587477,0.007131056,0.98901016
248dcee174860ea628595a6c96f6a09f,4,satisfied,neutral,0.06765217,0.7750877,0.15726003
d1b04d4afa96d72f2f175cefc0b31b8e,5,satisfied,satisfied,0.0051091537,0.012172573,0.9827183
db11d45ccac452317c6a46dc2433a0b6,5,satisfied,satisfied,0.004074946,0.008482292,0.9874428
33230238cbaaa90332862ff36d4aed1f,2,not satisfied,not satisfied,0.59375906,0.395425,0.010815956
7bc0dc2f8dc9087603cc8e547eb4e71d,4,satisfied,satisfied,0.061960448,0.6577455,0.28029406
679659786a6839848722c6dcada82edc,1,not satisfied,not satisfied,0.95772064,0.0369521,0.005327197
b7e493e0296fc69d00693a6ea9129fc2,3,neutral,neutral,0.16618879,0.76753986,0.06627141
5387a2d6c53352ddc5e6b4d2c681a25a,5,satisfied,satisfied,0.005653431,0.012864493,0.98148215
e3bfd17931a5f1742fd45eba5670efdf,5,satisfied,satisfied,0.004974765,0.0141050955,0.9809201
9d1f569edcdb497c5004f6d4e322b981,4,satisfied,satisfied,0.05720069,0.61393154,0.32886776
7b2ca0a997f03f1b1e90a5694ede2bff,3,neutral,satisfied,0.008001112,0.018608546,0.97339034
0d261d40212b86cc8942bd36c8cc2bfe,3,neutral,neutral,0.1513032,0.70884514,0.13985169
62ee6fe9d3395c78ed4135f69c213e54,3,neutral,neutral,0.3130287,0.6633798,0.023591535
ac373cdda578dca94602e7829e3f7179,4,satisfied,satisfied,0.010818627,0.04594325,0.94323814
a41299c416c0069cb18f626b148c67ee,5,satisfied,satisfied,0.005327333,0.00825826,0.9864144
881504933e435a4f70acb476ffb07af0,2,not satisfied,not satisfied,0.91612315,0.07817448,0.0057023917
a22302e677cba83f2fb8b3ae9b00738a,1,not satisfied,not satisfied,0.878756,0.11620232,0.005041737
0a554e8734f296d353b7b292fcaf19bc,5,satisfied,satisfied,0.009451133,0.03463215,0.9559167
a96923d5144678a9872e2a60916f800a,2,not satisfied,neutral,0.07430961,0.77868235,0.1470081
b9930c7552a41773a9bc29ad72db0515,5,satisfied,satisfied,0.004486353,0.008111528,0.98740214
544501b02676ced8be4909baaa6ead88,3,neutral,not satisfied,0.6230304,0.3678254,0.009144208
d0516f0fde7928a13a004ae4b27df790,5,satisfied,satisfied,0.010770193,0.03307588,0.9561539
9128b445700ebe2049718069a6012cd8,5,satisfied,satisfied,0.004015328,0.009577093,0.9864075
fad1c0d33c5c13fd4bbda7101d66ef61,2,not satisfied,not satisfied,0.61171883,0.3765951,0.011686073
7aef6400b5c8ee3ac5f6b37948b16fa0,5,satisfied,satisfied,0.0044012493,0.008085453,0.98751324
33b4900f6fd22f6c102937f77110b5bf,5,satisfied,satisfied,0.05408046,0.20259032,0.74332917
bfc06a261c156dab16f1b1812ebf3419,4,satisfied,neutral,0.18568692,0.743843,0.07047
24837a59bee0d34cee4c5bbec622b271,3,neutral,neutral,0.35270107,0.63021046,0.017088471
36644bc3f92f4926e9086bb26e59e3cb,5,satisfied,satisfied,0.006121837,0.011746452,0.9821317
9f56be80a8d4214966d646367beaedd8,1,not satisfied,neutral,0.29961386,0.67076504,0.02962103
040d60558c432f9fea0d73902c90a991,5,satisfied,satisfied,0.006015227,0.012018867,0.98196596
74acf9880f0c293fbac57289fba01ba1,5,satisfied,satisfied,0.0053932006,0.009321939,0.98528486
b007a0ca933eb785d34d0eaaad601637,3,neutral,not satisfied,0.8917239,0.10173252,0.0065436596
ad15eef80635a13cda18bfccb8dc8479,5,satisfied,satisfied,0.0053210463,0.008622171,0.9860568
179b5eb8cac945987fd3f999b96d4840,1,not satisfied,not satisfied,0.95811117,0.037992854,0.0038959926
ebbf82c6d4db28a85d2d3fb35af444cf,5,satisfied,satisfied,0.0043631378,0.008669138,0.98696774
bc89d950aa3342094ae5a209371da275,1,not satisfied,neutral,0.28203347,0.6813246,0.03664196
6f8c5d4d42964bd2780dcfb864dabe03,5,satisfied,satisfied,0.004151357,0.010506203,0.9853424
699dc7ac452bc8c3e7e9fd3c3a02fb61,2,not satisfied,not satisfied,0.77399385,0.21598649,0.010019668
d3434652beca91069e4c816d621ab97e,5,satisfied,satisfied,0.0057260045,0.012777808,0.98149616
8cb64a08c30a1236c5629e8f6b55fc2c,4,satisfied,satisfied,0.0049979324,0.014563218,0.9804388
03dfa8ce143a453a2a94a4fd297ad826,1,not satisfied,neutral,0.32293698,0.6476155,0.029447524
413b757b0c3db04bf919ea2fc1e27919,5,satisfied,satisfied,0.009413117,0.017651109,0.97293586
e80669d24e35ac4a5657734d2cb9234e,5,satisfied,satisfied,0.005160327,0.010232607,0.98460704
51b81210437bedffcbce06fba7376632,5,satisfied,satisfied,0.00695327,0.014935257,0.9781115
907889458ad4712a527df6b696aa0d3c,5,satisfied,satisfied,0.0055640447,0.011775967,0.98266
34c305da4367fad3b1576c1a3ea3b645,5,satisfied,satisfied,0.3900516,0.26678437,0.34316403
aada65de410635a630b353a25dfa14cf,5,satisfied,neutral,0.09690906,0.7657541,0.13733678
61044aa94eb6c6116b502e8389640ab3,5,satisfied,satisfied,0.00399395,0.008540772,0.98746526
f77578d6adb2a6056681dc10e76b5cc8,5,satisfied,satisfied,0.005567212,0.009432129,0.9850006
ff606f6c05f676107578a4b59b165700,5,satisfied,satisfied,0.044514995,0.49923775,0.45624724
f227ebce33b676874307242c4bda6e28,2,not satisfied,neutral,0.40595317,0.58143127,0.012615643
b28cb0dc768451a0ee0a1f46052d59ab,5,satisfied,satisfied,0.004529364,0.0118961455,0.9835745
08a8aac366430e74fb1c6e89f33b2e31,5,satisfied,satisfied,0.0077963835,0.026796358,0.96540725
563c2d5bb4723eb25b0cc0ee21bb5c70,4,satisfied,satisfied,0.05592943,0.6621012,0.28196937
f5f694612ed445bfe7b908a1dc5112a6,3,neutral,not satisfied,0.83273196,0.16217366,0.0050944337
fbaff7e951deb0ff6c208ee07fb55c79,3,neutral,neutral,0.40984517,0.5614584,0.028696405
2cc185753ff5531be0904d1caefe5db9,3,neutral,neutral,0.074738115,0.7965961,0.12866572
0eddfbcbbdcf4c1e0f1f40527a7ef119,4,satisfied,satisfied,0.0055594207,0.015559733,0.9788809
3de1ae49337782e278b5dfdde4572869,5,satisfied,satisfied,0.008794745,0.02858913,0.9626162
c90719bf81983b6982af57d6fdf7f922,3,neutral,not satisfied,0.54099816,0.44890022,0.010101663
73072665b1cbcdcd1ffb8dc511b5f2ac,5,satisfied,satisfied,0.0094936695,0.031199872,0.9593064
98564d3f5dec0d7756f4836bf81db102,1,not satisfied,not satisfied,0.9448918,0.051444083,0.0036641185
b67d9a0478d8f9546a7b4a6c941553ed,5,satisfied,satisfied,0.0068455157,0.023883509,0.969271
e72b240ffba19ec38bc78bdec7c975ba,4,satisfied,satisfied,0.10120695,0.594962,0.30383107
04793c2328b4044acd263e6b6c49628b,5,satisfied,satisfied,0.0054408936,0.018180085,0.976379
08e23f07b27dd4f2e52cf8a98bd6626e,5,satisfied,satisfied,0.012554111,0.032836124,0.9546098
18f99e9df256bdd00653c1cfd7f1580e,4,satisfied,satisfied,0.018311622,0.093154214,0.8885341
ca62453537c1eea421a257b61ef94d73,5,satisfied,satisfied,0.0038268028,0.008915683,0.98725754
059fb5908d73f477b066fe22b71847c8,5,satisfied,satisfied,0.0062345024,0.012938157,0.98082733
f7cf503661908aee0cae34d61db385f4,5,satisfied,satisfied,0.010623004,0.026197514,0.9631794
a85539e2cec04ec15d9f678ee8fee225,2,not satisfied,not satisfied,0.85327065,0.14209597,0.004633342
20a5ca756ef92d62b3ccc07f4d0f284c,2,not satisfied,not satisfied,0.89624214,0.09933158,0.0044262456
f98d11a8bfd1f991eacae04eb14946db,4,satisfied,not satisfied,0.45205027,0.53128177,0.016667917
7c60047cca9e484fe010bd63d27d59d8,5,satisfied,satisfied,0.004499631,0.009147289,0.98635304
8369a7be9d16da577d20ed7b8b9cbdfb,5,satisfied,satisfied,0.0041299947,0.010343155,0.9855268
7c669e2b0da7765c863a64733e05c6eb,5,satisfied,satisfied,0.0054496643,0.009949875,0.9846005
c6c1dd2085b669fd8cf013be3d766a62,5,satisfied,satisfied,0.013493609,0.1129898,0.8735166
4119896b710414bb0ea880394a7f4949,2,not satisfied,neutral,0.22030836,0.7345183,0.045173332
4edfd0359a9ca70af8f56417514b57c0,2,not satisfied,not satisfied,0.44898325,0.52023345,0.030783271
aeb1a361503e6641a19c453f971b92ac,5,satisfied,satisfied,0.0041356436,0.010868194,0.9849962
aab92f65efdca127df4e70eee6699563,5,satisfied,satisfied,0.0045958166,0.010883382,0.98452085
3c545096cb1ccabd397e6a331d394d20,3,neutral,satisfied,0.06740564,0.54840916,0.38418517
889322869fc0bd9927353cb0c38f2fca,3,neutral,satisfied,0.049269855,0.54327947,0.4074507
bca9f553b091926fcf163b247006c493,5,satisfied,satisfied,0.019713009,0.07169539,0.90859157
ddd4efa37eeca66d2f9e6d4dba9d071f,5,satisfied,satisfied,0.004777834,0.010187484,0.9850347
df4e03025918805bbeafdb5fd31ef685,5,satisfied,satisfied,0.0055978587,0.008930452,0.98547167
358e51ed071e20d8ce01f450dbf71cd1,5,satisfied,satisfied,0.0053399713,0.01602926,0.9786308
3ee386adc46acf98c4d52b16cce7fc79,5,satisfied,satisfied,0.0039364332,0.008505294,0.98755825
832bfe0d3c4d930b1ec8b6b5c64848f6,2,not satisfied,not satisfied,0.6007582,0.38912252,0.01011934
c29a3cd66d26bf2d3a5ba7c9ed84d1c7,5,satisfied,satisfied,0.006930709,0.0121865645,0.9808827
047f695bf1fe4454822f99a905d57ec7,5,satisfied,satisfied,0.05722747,0.18464331,0.75812924
fd00051625c20f0cb74963b1b0932c0a,4,satisfied,neutral,0.07233371,0.85419255,0.07347378
6759dbbb54ef05b41aa9be1b4e41be01,5,satisfied,satisfied,0.009504644,0.039964303,0.95053107
a2b1c0750b72318404bb6b0327422d74,2,not satisfied,not satisfied,0.8615305,0.13373198,0.0047376063
fe5dc8e6edceb98e8f64aa78e61f0439,1,not satisfied,not satisfied,0.8306893,0.1619765,0.0073341634
5730fd879dcda23a640c0bb17f7ae031,5,satisfied,satisfied,0.005082119,0.010001375,0.9849165
48a7323990d630f1ba0ebddb67ba78cc,3,neutral,satisfied,0.08039729,0.44980732,0.4697955
390eba2da2c27a83d6661352a5a12d0c,5,satisfied,satisfied,0.0071806232,0.01894572,0.9738737
fb84a165520a446ad9cb3d8705ad8826,5,satisfied,satisfied,0.0041935975,0.007579255,0.9882272
1ba34e0fdb9c85cc3d249334c3d8597c,5,satisfied,satisfied,0.024819396,0.11769375,0.85748684
ee6b0f04287302ecdd0ad2b5741586bf,4,satisfied,neutral,0.14909795,0.7631373,0.08776478
86143e8fbd7d2c25ff90e93239a18096,5,satisfied,satisfied,0.006600978,0.013447225,0.9799518
164c00ee07f6360cb9709378deb684a5,4,satisfied,satisfied,0.005422393,0.016859643,0.977718
1397d44ddaf27649b9ebe18db63097de,5,satisfied,satisfied,0.007749562,0.0205703,0.97168016
56bc0c15a80c933ac2e14541a795ecac,5,satisfied,satisfied,0.004097152,0.00874338,0.9871595
0e58ad80bd9ce4e5fbda648963a97497,5,satisfied,satisfied,0.004966589,0.013194774,0.9818386
8daf3b70e842b7bcdce26a271e67c1d5,5,satisfied,satisfied,0.0147665115,0.068753764,0.91647977
48b39ac4a3e82afd0b03c13d65f7edba,5,satisfied,satisfied,0.010253833,0.028067315,0.9616788
81fa7590742d47f0c3d9c7048dcccec6,4,satisfied,satisfied,0.005221051,0.02358609,0.97119284
bdfdd05fe494f0418ec2197fc6f98a52,4,satisfied,satisfied,0.004246417,0.009046703,0.9867069
55c6519dd2ca591b331c0ac999ad127e,5,satisfied,satisfied,0.005818271,0.009197712,0.9849841
f9aa83d4445b2a9bb7888638540761cb,3,neutral,neutral,0.18750596,0.7127919,0.09970212
382ae28d921cbf54481d83d9f3e931e9,5,satisfied,satisfied,0.0040337103,0.0131476475,0.98281866
f8ecc1d5f669e345008adb579541abf4,5,satisfied,satisfied,0.0065934644,0.023670556,0.969736
29eca0aabd27963b30b475ad20f5f63c,5,satisfied,satisfied,0.0059900517,0.011948242,0.9820617
b0cf1f1180869f71ce4551f76e05dede,5,satisfied,satisfied,0.005493927,0.009234307,0.9852718
7b08d8aadae268f46431f685a904c558,4,satisfied,satisfied,0.073734455,0.5648903,0.3613752
e28f6768a371a250e91d18746c783ba4,5,satisfied,satisfied,0.00440836,0.011310134,0.9842815
b99be0046984fd3a50821fca5b4e7cb9,5,satisfied,satisfied,0.0047480655,0.01027795,0.984974
e566f1d8fe21b260f775ffcfcaa668dd,5,satisfied,satisfied,0.006346004,0.011939896,0.9817141
988e68f5dcf48c313aa88c5fde33af81,1,not satisfied,not satisfied,0.55018836,0.43865526,0.011156364
b65e5075566b0f6b18999b2e340e96bf,5,satisfied,satisfied,0.0046982574,0.012121051,0.9831807
f7dfc1c566f839024d9e41e3b003a7cd,5,satisfied,satisfied,0.0040777577,0.008647227,0.987275
ddb1f4468db93649d293a73d31219b92,5,satisfied,satisfied,0.0048387465,0.011416143,0.9837451
7605302ea770d21351fcfeadb109afd6,5,satisfied,satisfied,0.0036038505,0.007568042,0.9888282
db20538e2455c26d55b0a604b04ef2ef,4,satisfied,neutral,0.11076496,0.7403854,0.14884968
4fed655221e6b238e6f252cda183c500,5,satisfied,satisfied,0.010025175,0.038550567,0.9514243
bc13fd432140faa1d471944a0570e92e,5,satisfied,satisfied,0.0038511993,0.0071968366,0.988952
a36626216fc4bd1e31086863fe5c8460,3,neutral,not satisfied,0.48333487,0.50026053,0.016404584
3edfa37d2649d98534a033e17641eb5c,1,not satisfied,not satisfied,0.95438814,0.04070887,0.004902977
c350d77b1a8f4193167594ef3983f8ab,5,satisfied,satisfied,0.005164208,0.012645297,0.9821905
ef81834a1a5f431ffba89a3673d8a9aa,1,not satisfied,neutral,0.31134376,0.6515036,0.037152626
c027a10a6bbe7977861268fdcb6896c6,3,neutral,neutral,0.14264397,0.7130384,0.14431755
62ae2cfc8876cfedfe2d3b8a73fa190d,5,satisfied,satisfied,0.0099659255,0.06817609,0.92185795
0483c89114f489cab7ce0302509a3174,5,satisfied,satisfied,0.003950826,0.006834323,0.98921484
2495bcd863f838d2c1fe4bb4f4dc3377,5,satisfied,satisfied,0.0042830342,0.011360514,0.98435646
8e06c3d86ebe6a9a3ed9dcc20dc8aa71,3,neutral,not satisfied,0.92005026,0.07618164,0.0037681316
091f1ec4b12c5f9b827ce46275390e92,5,satisfied,satisfied,0.012536088,0.07140636,0.9160575
7693e3d2a601b36e02b8c2602fd1c6fe,4,satisfied,satisfied,0.018628562,0.15281639,0.82855505
42c47479dfc828526b232d1fd0794051,1,not satisfied,not satisfied,0.6583399,0.33023772,0.011422359
4fdc426847588e7a796c7ed9a4b70544,5,satisfied,satisfied,0.0077742967,0.026921775,0.96530396
66fef1f85344604248ec7af981eb02ac,5,satisfied,satisfied,0.0049264315,0.009883921,0.9851896
bdb9bf8a38b57624052a465d8ed0d223,4,satisfied,satisfied,0.0040397244,0.008748801,0.9872114
a775836fbd976d37c96d0ee844597c33,3,neutral,neutral,0.37872362,0.59944713,0.021829186
ee18529df385e2faf37221fe27085eef,5,satisfied,satisfied,0.0045925397,0.011319109,0.9840883
77611a68e1a3b140216e506e29a34569,5,satisfied,satisfied,0.0050038304,0.007967409,0.9870287
772a90f5743679ce129bf35f7e7ef137,5,satisfied,satisfied,0.004033631,0.008350281,0.9876161
839ac371ff2ce93cf989fdc889a08921,5,satisfied,satisfied,0.005714079,0.0104057,0.9838802
5ef8fc64fdbde4976b51c75d0254c9df,2,not satisfied,not satisfied,0.85007364,0.14481033,0.005116048
076da11a73f8c4ba85f9d49a5a674e05,5,satisfied,satisfied,0.009499725,0.017601768,0.9728985
634f5e198576cd51808b8f51b1df9bae,1,not satisfied,not satisfied,0.95963126,0.03606452,0.0043041883
42af1948d131514ee4696cd0b01e109a,2,not satisfied,not satisfied,0.95800555,0.037412133,0.004582268
3f32dd433e190db26b25f527d6c86281,5,satisfied,satisfied,0.007503102,0.021835344,0.9706616
88f09fc7b855a283ff657129905d4fdc,5,satisfied,satisfied,0.0058326097,0.011806317,0.9823611
66e3a39a7adea9dfb725cf762a9920d2,5,satisfied,satisfied,0.0059521603,0.013866488,0.9801814
383001a33c980a3a8dd9dcc761e09e36,3,neutral,neutral,0.08573732,0.8248502,0.08941244
566b284443951d05c1522eb66069d95d,5,satisfied,satisfied,0.0034035058,0.006398814,0.99019766
c5c260122df8da68cfe973a28b4948ab,5,satisfied,satisfied,0.0063944473,0.015763985,0.9778416
1ac1056eb9ebac3b2466f16b5afe57ab,5,satisfied,satisfied,0.006148141,0.012692962,0.98115885
f69d132db2a4bcec574178b18449c14f,5,satisfied,satisfied,0.005649747,0.01189091,0.9824593
c7fa90b864e72411185c6f191b21bc3a,3,neutral,neutral,0.06772382,0.7826967,0.14957939
e3e18c44d2b78c1ad904c8a8718da15f,5,satisfied,satisfied,0.0050839935,0.011897131,0.9830188
35f74bc1ece45c74a57bf760641ae277,5,satisfied,satisfied,0.016180953,0.099748634,0.8840704
a40863a46796a06497f5abccfcbc559c,3,neutral,satisfied,0.040297013,0.29055786,0.6691451
11e522ac784265fc0fa629b75d742850,5,satisfied,satisfied,0.0067461603,0.009860919,0.9833929
78481ce66199ea0edb65b073de6831d3,2,not satisfied,not satisfied,0.5501342,0.43659964,0.013266221
b6afbef4a50f3df19749b468daf9f382,5,satisfied,satisfied,0.094955266,0.63824683,0.26679796
98775436d256fe3e65f962463e417681,2,not satisfied,not satisfied,0.85478556,0.13994879,0.005265661
df77d046cbac72b77c857757be28bd2d,5,satisfied,satisfied,0.0062470417,0.009260589,0.9844923
b09091372bb8419605486fec17965d08,5,satisfied,satisfied,0.004156628,0.0068711056,0.98897225
4f473a66f48a3fdcda557dd4af9cebe8,4,satisfied,satisfied,0.02045728,0.16281597,0.81672674
3c42ff782a7fc594bd495869b0cefff3,3,neutral,satisfied,0.066066235,0.56534594,0.3685878
4b81e174132cef0f9b184fd56e4f7553,5,satisfied,satisfied,0.004246132,0.008787196,0.9869667
955fffaf49fbb7df944b7b14c9e02359,5,satisfied,satisfied,0.004059763,0.007049235,0.988891
744ba05b21435d4a72a13ec75020f9d9,5,satisfied,satisfied,0.005268869,0.013933707,0.9807974
2470cc8b8ff976c8eb016e741bc24532,5,satisfied,satisfied,0.0050221994,0.014556309,0.9804215
8113d52c527c73b276afad55607d8eb9,1,not satisfied,not satisfied,0.9625118,0.031971674,0.005516513
b31858d6b34c905c5de9d4da3ef0699f,5,satisfied,satisfied,0.0040554972,0.010026073,0.9859184
b3966ffec16aa49dc939fa69ac3e8632,5,satisfied,satisfied,0.003978064,0.006457284,0.98956466
c3d6b4ea88c36889e67e6be3cfda05b5,4,satisfied,satisfied,0.015790451,0.051219963,0.93298954
f55c9246e31215101fdb4a04cab8f117,5,satisfied,satisfied,0.004532521,0.011415146,0.9840523
20e0690bb9a2d213ea39bf98e58d0d25,4,satisfied,neutral,0.06862374,0.7904397,0.14093655
406632b892209f7c1d713cc21ddb324c,5,satisfied,satisfied,0.10737457,0.60101676,0.29160863
b95f22a7a0b7e86308cf4c02782966b3,4,satisfied,satisfied,0.0091341995,0.017346209,0.97351956
d723d329d0012467f060516cf50add6a,5,satisfied,satisfied,0.005810908,0.016596504,0.97759265
8dea864d9736a633b60d98b0505cc0ce,5,satisfied,satisfied,0.0049250005,0.013757278,0.9813177
d150da3181282f77afe90b2243b1229b,5,satisfied,satisfied,0.0056674806,0.011256732,0.98307574
611f2deb765779d323dbbc851d1ad39f,5,satisfied,satisfied,0.004160127,0.007760253,0.9880796
7ae1428b51d68aa1e5170b5cf00e9cfe,5,satisfied,satisfied,0.004504862,0.008857323,0.98663783
acfe72f04cb136cd8762645bdbb7c20e,5,satisfied,satisfied,0.0037961018,0.006723062,0.98948085
2f7ff4df15a7de6ea50af8ce0aa0fe64,1,not satisfied,not satisfied,0.93201214,0.064287156,0.0037006575
079c32116b588c8f4d7eae0f3f209f89,5,satisfied,satisfied,0.007048267,0.017616743,0.97533506
2251e43fd19a2ad89874619e0eb4fdcb,5,satisfied,satisfied,0.010637156,0.041156422,0.9482064
ede717b279b87564a6d63e17f75473d0,4,satisfied,satisfied,0.009246059,0.039350823,0.95140314
ceccee5229a466a0b93e02ed833d0837,5,satisfied,satisfied,0.004438623,0.009647395,0.985914
a5f1a7508f51b560c0526e95d479519f,5,satisfied,satisfied,0.010018101,0.04117315,0.9488087
11e43d589af6e80c633edc12f91b4010,5,satisfied,satisfied,0.006847761,0.02230541,0.97084683
0da041064182615d1bc5c2eb4a93d2f8,4,satisfied,satisfied,0.06551107,0.71817183,0.21631715
6f9f57489f53016bda84e70fc813fd66,5,satisfied,satisfied,0.0051617925,0.009618167,0.9852201
5b9a7815ed61c2a25607541abd9183d1,5,satisfied,satisfied,0.055552624,0.6418139,0.3026335
940b40cf815a1355ddf89dc779b6fc26,5,satisfied,satisfied,0.0049648914,0.00769273,0.98734236
a07e550837bd1f870649541cea6b7dcf,4,satisfied,neutral,0.10057489,0.7536015,0.14582358
7b6df64206d9d21889cf04ff259dc0cf,5,satisfied,satisfied,0.0046933014,0.011064737,0.984242
cf535af3cf868d3226051333c190ee33,5,satisfied,satisfied,0.0042150803,0.007360862,0.9884241
fe1fa0c641355dfb641f600bd66de957,3,neutral,not satisfied,0.6734848,0.31807864,0.008436543
fa45e6cb0e2f729449f1266e66d463c6,5,satisfied,satisfied,0.004125282,0.006566788,0.98930794
26532583e96fc6cfab5d2a34ddcfe2c1,4,satisfied,satisfied,0.029176872,0.31568846,0.6551347
ffe3e2396cac2ff3de76a0dc589b1cc6,5,satisfied,satisfied,0.006710622,0.025548695,0.96774065
c616b7317927ad4fd24ec307814ef9b8,2,not satisfied,not satisfied,0.8838648,0.109774984,0.0063602948
8bb1504f425444284a89f8bad4148ed0,5,satisfied,satisfied,0.0042622243,0.0067632496,0.9889746
60f7a3aab3d69a67253442e8a7a386a7,5,satisfied,satisfied,0.0044253077,0.009096645,0.9864781
a9ed8ee0e9ebf3f5b328176ef0b94834,4,satisfied,satisfied,0.042109385,0.5623176,0.395573
08e043126a5794b2f6ec133e58658309,5,satisfied,satisfied,0.0072824596,0.015765263,0.9769523
7bb0f1c94aa56e8d76aa3dac73058a04,5,satisfied,satisfied,0.0054900725,0.014941465,0.9795685
7297e431a767fc9b4bcbb22a9cc07d23,5,satisfied,satisfied,0.0052137044,0.009638684,0.98514766
b7a921fe943ff8c20971dbceef5da361,5,satisfied,satisfied,0.0038972904,0.008701614,0.98740107
19d6463fa86a9e0e6c9e03649b3b52ce,4,satisfied,satisfied,0.006315871,0.01656492,0.97711927
f32af577d9abda76d47e3aebf7933dbc,5,satisfied,satisfied,0.003936669,0.009438446,0.98662484
27e16a59ea50da2959470c2cc13d7784,5,satisfied,satisfied,0.005970023,0.009600623,0.98442936
9cc3e8b4cffda8fdbb2fdc47522dc586,4,satisfied,satisfied,0.04820284,0.6579019,0.2938954
082cc98a96b9311680697a96cbc74ef2,5,satisfied,satisfied,0.0039428505,0.008092453,0.98796475
15739e0418958a6456b5c7352274c94e,5,satisfied,satisfied,0.0050132405,0.014014084,0.98097265
331db06ab62333eca0ce9f50eaa087ca,1,not satisfied,not satisfied,0.95180804,0.043969087,0.0042227763
4f016765d440c46dcd5b0841f0024b4e,5,satisfied,satisfied,0.034488417,0.15881051,0.8067011
d29506f533d133260c48a1821bb1700f,5,satisfied,satisfied,0.00757153,0.024405072,0.96802336
502611371ad27b3aae51bd60149b02e8,4,satisfied,satisfied,0.0051238504,0.02360029,0.9712758
11439f4e660d9ef16771ad3312a418f9,5,satisfied,satisfied,0.004641821,0.010734208,0.9846239
2c2a5381a4c5abee181579ef75d0e4d8,5,satisfied,satisfied,0.0039860164,0.0067426073,0.9892714
d1310de7ea903527ec121c3ea6899e8c,2,not satisfied,not satisfied,0.9169207,0.07923712,0.0038421755
031a1d266a13525d2212896d2195e12f,5,satisfied,satisfied,0.005621277,0.013314713,0.98106396
7def2c118fd715f65865c72d04df297c,5,satisfied,satisfied,0.007951235,0.029696349,0.96235245
911054e356b4687638cfcdfb0ba56079,2,not satisfied,not satisfied,0.7492527,0.24338517,0.007362183
88344b57d6e2583b953387ef3075ae52,5,satisfied,satisfied,0.0050898097,0.012333368,0.9825768
f92261d67d5aca2203ff8e7cd4d44ad8,5,satisfied,satisfied,0.004218581,0.01124496,0.98453647
f53c45f6706c24d9eadb06b018f04ec4,5,satisfied,satisfied,0.005326217,0.013795644,0.9808781
ba49f7e17907947461bf2a44697c8dd7,5,satisfied,satisfied,0.0063216244,0.011666973,0.9820113
3d0952d02f31cc52fd89e843b698c958,5,satisfied,satisfied,0.0042881267,0.009417739,0.9862941
82cd6f9ed8b1d9637b3622645491e3af,4,satisfied,satisfied,0.0040536574,0.010448525,0.98549783
16bcd37fdcdc3f602a6c19e7e4b46967,5,satisfied,satisfied,0.0066471524,0.012568545,0.9807843
bdafab4c7e1b402c75fb91623fe3753a,4,satisfied,neutral,0.13620391,0.773028,0.09076806
0d39415f5e967ecfb2971454b5ed6b0a,5,satisfied,satisfied,0.004322849,0.009619997,0.98605716
50d26c0a70ed7dd7a6c1469a65bd7b9c,5,satisfied,satisfied,0.0049342457,0.010455351,0.98461044
c318a9f489a19cfca290b65478384e91,5,satisfied,satisfied,0.004347519,0.009303241,0.9863492
5eb3c75dbe7e81b8364ad8339aa9f8d5,4,satisfied,satisfied,0.030085426,0.22197022,0.7479444
1b664da8a2d2f73a9c2320ab4ef6816c,5,satisfied,satisfied,0.005045946,0.012031142,0.9829229
c018491190b6df8fdca99c0febf93773,5,satisfied,satisfied,0.008187038,0.035448685,0.95636433
a6ab3365aebbb89830069a4a73b8ea90,4,satisfied,satisfied,0.05664162,0.6862472,0.2571111
94cbc7111be972c92d8b33e255a710cc,5,satisfied,satisfied,0.006273021,0.019758666,0.9739683
ff5facd6201b4d88d3339a3cdfd91965,5,satisfied,satisfied,0.031073395,0.13655804,0.83236855
58907a2ef4cb4b0088c769c723267980,5,satisfied,satisfied,0.0054374756,0.009703083,0.9848594
b13b386b8e6e1790f118f6f08417ab9b,3,neutral,satisfied,0.108053535,0.36031517,0.53163135
af47dedfc03f177253e53edd667d1046,5,satisfied,satisfied,0.0050444137,0.012677387,0.9822782
d63e8f45eda248eb53f2e8cc11b006df,5,satisfied,satisfied,0.012452627,0.029632129,0.9579153
3524bcd4efcea60c68eb5618ca73ddba,3,neutral,neutral,0.158434,0.77350456,0.068061456
92d9174e6ca2187264fa2295003d706d,5,satisfied,satisfied,0.005190503,0.013267015,0.9815425
330b1be05d86ce943985e1f5d9e1bd66,1,not satisfied,not satisfied,0.9627386,0.031691875,0.0055695656
b42e15308a96f444dc5e1a58bf0b2093,1,not satisfied,not satisfied,0.7329718,0.24294418,0.024084017
95c8780218e6a8c4deab1ab0d2994e03,5,satisfied,satisfied,0.004951354,0.008540125,0.9865085
664dfb2d49f5d9c70de0ae4ad5af8c52,5,satisfied,satisfied,0.0058351927,0.023075685,0.9710892
e6e837e51c313c2b084315db1ca8826e,5,satisfied,satisfied,0.004613924,0.011427676,0.98395836
88ee68bd789380282adb9a3cb4a112e0,5,satisfied,satisfied,0.0045447526,0.008412978,0.9870423
7b7e79cd118ee893e57604793779b5fb,5,satisfied,satisfied,0.0088608265,0.018749338,0.9723899
47c01a895153f21125151e7f007964c5,5,satisfied,satisfied,0.0105354125,0.04258588,0.94687873
cec172895a69650961d0fbb3478d3ec9,5,satisfied,satisfied,0.0077305115,0.014388661,0.97788084
25773a8f7795456038d1826abedf1140,5,satisfied,satisfied,0.010510897,0.04655226,0.9429369
e10b507fd1070cae58e40da0e70bcec6,5,satisfied,neutral,0.08861526,0.72463685,0.18674785
989d738d7f4852a46643de6fa80afd9d,1,not satisfied,not satisfied,0.91410697,0.08145323,0.0044397623
26123b4574d87060300a01d7060d0c3e,5,satisfied,satisfied,0.0055978955,0.012999965,0.9814021
d2577ac52de65ff68d85062ed8902185,5,satisfied,satisfied,0.005073873,0.008384472,0.9865416
4795d1c019245bedcf9942e4bf6da501,5,satisfied,satisfied,0.005234398,0.009838651,0.98492694
e5af73962544e5daee0f4d61314c88eb,4,satisfied,satisfied,0.0044291583,0.014130071,0.9814408
78e472797885d02b1f5f4d0e37a677f3,5,satisfied,satisfied,0.004530998,0.011491418,0.9839776
d12d63f5f1b5e9c86c283e94836eba74,5,satisfied,satisfied,0.003954824,0.0077402536,0.988305
0327dad8723630bee10c99b535df5028,4,satisfied,satisfied,0.004841368,0.01640842,0.9787502
0729291dc963744cd9dae56c85a34b3c,5,satisfied,satisfied,0.0040199915,0.008124824,0.98785514
95ad1ce484221957ab0468bb63bdec36,5,satisfied,satisfied,0.044818956,0.64560014,0.30958092
e31a4c7bfb0718e8e61a518e4ab75bae,5,satisfied,satisfied,0.010745876,0.034321178,0.954933
89d33ceebf53be50355cdd3f7b4cdc9b,5,satisfied,satisfied,0.005085199,0.009496362,0.98541844
cd73499538a357b932256bfe6463eb4f,5,satisfied,satisfied,0.010736801,0.025730643,0.96353257
1ef85d5116c4965ead75037b33829776,1,not satisfied,not satisfied,0.8938037,0.10186286,0.0043333783
bf6cf1067c580438d6963b939ea22e6a,5,satisfied,satisfied,0.008754582,0.021323115,0.9699223
1c530ceefef54a80c72a9533264d4bbf,5,satisfied,satisfied,0.0052253134,0.010936179,0.98383856
b1e0a59da554932bdf9209402bd5dbf6,5,satisfied,satisfied,0.0041594137,0.009398061,0.98644257
39c8cf4ffd7d8357b0cab0ca09ebcc3c,5,satisfied,satisfied,0.004630753,0.0112315435,0.9841377
35d1b8f294e284552bf502175b2ef952,4,satisfied,satisfied,0.015277733,0.11055199,0.8741703
025f42b942e009dbb78932bc77f73ed4,1,not satisfied,not satisfied,0.8090128,0.1852417,0.005745489
3caa48e69546efd958d997533aa9843c,3,neutral,not satisfied,0.6417858,0.34653756,0.011676591
e64bcea1bc67da7be3986cc4268be82d,5,satisfied,satisfied,0.005447939,0.01569736,0.9788548
e44e753f129aa8ccb02e6ff6ced27065,5,satisfied,satisfied,0.0037458003,0.009139415,0.9871148
ae518123f4e6abbd4e011916dbe726db,4,satisfied,neutral,0.15679733,0.75597835,0.08722427
7c687dca5a95c4351bcfbb66f1dc8ce9,5,satisfied,satisfied,0.012891714,0.025218628,0.9618897
0b230b5deac585fee938d762af76114c,5,satisfied,satisfied,0.0074170767,0.020333648,0.9722493
95512d442c2fe2e93d5841e7ae162a6e,4,satisfied,satisfied,0.01345145,0.049656976,0.9368916
d291278542a4b04898e62f4f2a0c2f98,5,satisfied,satisfied,0.006297116,0.01093093,0.98277193
a26d9511be2f7265054ac34d692f225a,5,satisfied,satisfied,0.007489892,0.027754763,0.9647554
422eced6a4c212ed34d81a7bf237bcd4,1,not satisfied,not satisfied,0.95314,0.043175202,0.00368475
41d1fd3c4c1380ed4386ab297433d577,2,not satisfied,neutral,0.43761614,0.54947335,0.012910537
b0ab1cedd2e3b1085d3ea523a0f81c27,5,satisfied,satisfied,0.012027028,0.030086733,0.9578862
e3b854ea34faadad783a51bdc67cd8e8,5,satisfied,satisfied,0.023296438,0.058835782,0.9178677
b8a1338c7e1a2c3fdbddae2088b8cc3a,3,neutral,neutral,0.25618467,0.6955417,0.048273712
f25579186b72973d7d2bc132d3e74344,2,not satisfied,not satisfied,0.77443194,0.21978268,0.0057853996
e4778177b95956c666ff159690340023,5,satisfied,neutral,0.30771437,0.59891886,0.09336684
81eb5601dbaec3dc9a137a6fdb62a898,5,satisfied,satisfied,0.009984469,0.023727596,0.9662879
bbd05fae5ea516608700877016f6d0ab,5,satisfied,satisfied,0.0046140533,0.00918085,0.98620504
1901f59e79890dff8498cb0f4f786fec,2,not satisfied,not satisfied,0.72307694,0.26515684,0.011766249
b2b822f033f11a1a94562fb8ca4e5390,5,satisfied,satisfied,0.004226027,0.009590096,0.9861838
641d8f6930824afd9877a065fc937bac,5,satisfied,satisfied,0.036254022,0.12814881,0.8355972
ecee028a1a76e7d2dc297f6e771c2885,2,not satisfied,not satisfied,0.7734126,0.21986125,0.006726141
0b9f8d7fb3a91fd23ba814afe33ad9ef,5,satisfied,satisfied,0.0055441926,0.011075836,0.98338
f35f8ba2af42416add9db330909b5d2d,5,satisfied,satisfied,0.0041026864,0.008932257,0.98696506
684ea5c14f58ddd27d2d72800ad7e312,5,satisfied,satisfied,0.0063537313,0.01077428,0.982872
a7ae7f07de0ad681893860ddc63f8700,5,satisfied,satisfied,0.00451154,0.010155386,0.985333
43faa8ab61dde3958bc6d5f2c3e4fcba,5,satisfied,satisfied,0.017755706,0.15649536,0.8257489
12e078c294aac9781abea2430abf5801,5,satisfied,satisfied,0.0047124433,0.0079036,0.98738396
bed700de84021ebfad275f2310f2dbfc,1,not satisfied,not satisfied,0.95212567,0.04425042,0.003623863
82c12cb278aa0cb42f3a1118fdbd0038,5,satisfied,satisfied,0.007184665,0.015730195,0.9770851
440270158070cc7c727692e7d4bbd3e5,5,satisfied,satisfied,0.0045879413,0.00974496,0.98566717
17ef17352323f98d08182d8a9de4b4a4,5,satisfied,satisfied,0.005004935,0.010270468,0.9847246
6ddb75f967a68264f7c436c055d0bdba,5,satisfied,satisfied,0.0042849006,0.0077689635,0.9879461
ba719a23b63cebda17e49bd4749234e1,4,satisfied,satisfied,0.008688169,0.04170531,0.9496066
fc083c4bc9aa038c8a80e5ad8d61c376,5,satisfied,satisfied,0.004513151,0.009705578,0.98578125
875964f760142e6cf00223b595945208,5,satisfied,satisfied,0.004060999,0.00968583,0.9862532
3c31414929aa92471a3c00348142162e,5,satisfied,satisfied,0.0104799755,0.081031024,0.90848905
731f5499a544306bd061419139917897,1,not satisfied,not satisfied,0.8970042,0.09849625,0.004499553
68646756832b2ec95d5e3b4e9d195d45,4,satisfied,satisfied,0.008982582,0.052926876,0.9380905
5be8010178a9872265531300f7bee88a,5,satisfied,satisfied,0.004792433,0.010348867,0.9848587
0be93b81d4c81364ac6b6d74d136f4fa,5,satisfied,satisfied,0.003823643,0.008038678,0.98813766
19cfdf45e9dbbe36b6626f01bd1bccd0,4,satisfied,satisfied,0.040935524,0.43125942,0.5278051
1b93a7a410a06e45e8b43bfa7fd94b8e,3,neutral,neutral,0.11158414,0.81243825,0.07597757
561d0166764c41a8d1af8f60c8cb4317,4,satisfied,satisfied,0.040688187,0.5005112,0.45880064
a6a24606d804738a576072c502c451e5,3,neutral,neutral,0.20949978,0.71490866,0.07559157
aa577de564c4276c2194ffb5c713fe28,5,satisfied,satisfied,0.008211486,0.018854743,0.9729338
c1be0c4c6df549a336ebb12a6022a7c4,1,not satisfied,not satisfied,0.49473006,0.48160356,0.023666374
60f4bf92ae58d652c8ef87807f300ac5,5,satisfied,satisfied,0.0057365405,0.014571523,0.9796919
b85181fd5494a483d86ff246ec1084d5,5,satisfied,satisfied,0.0044510686,0.009931919,0.985617
12e8d5de3f443f8da1fdc2d89045ed15,5,satisfied,satisfied,0.0050438996,0.00858457,0.9863716
e90bb542c1398b72b58fef841ac181e1,5,satisfied,satisfied,0.0044531096,0.0114930365,0.9840538
2292d40782327dbcb21faaef4967b21a,4,satisfied,satisfied,0.035088185,0.47657868,0.48833314
71613700a70f3ee91c12e72b49af2bb8,5,satisfied,satisfied,0.0048894803,0.011466384,0.9836442
d12fb7d7b00cabb13302cb81c380f14c,5,satisfied,satisfied,0.0039816783,0.009111115,0.98690724
53b2d2e9286dcae5ad483508ffc35691,5,satisfied,satisfied,0.00894288,0.015415768,0.9756413
6650d42a11fff0bb78a34f70d119c785,3,neutral,neutral,0.14752811,0.7657391,0.08673287
fda535eb0963799e70632b8bb4b257ce,2,not satisfied,not satisfied,0.91953534,0.07593521,0.004529477
c77122b55935d212e23b36624b9a5c46,5,satisfied,satisfied,0.004015269,0.008307236,0.9876775
c6888c6d33fb56a77e9b0e4ba464c4c8,5,satisfied,satisfied,0.01578156,0.10979844,0.87442
3acfe5fe967f94d768460803d498210d,4,satisfied,satisfied,0.062341515,0.61380273,0.32385573
3ec29de504f3b16ff962a446decad1ac,1,not satisfied,not satisfied,0.5877036,0.4015376,0.01075883
8bc76ff6d113ef98f1e2232e33b59645,5,satisfied,satisfied,0.0062817675,0.014116431,0.97960174
c11e1a8d54860eff72d4f2e19e198612,1,not satisfied,not satisfied,0.9044652,0.091204725,0.0043300553
babda165d0a165f7cbcb316569ae5164,5,satisfied,satisfied,0.0046700235,0.011288111,0.9840419
99f8a0241eb2c420f582615ceee97f6d,4,satisfied,satisfied,0.0048631392,0.009281278,0.98585564
73ba52f666bf2a7f4edcd97508177751,5,satisfied,satisfied,0.0041625146,0.011082713,0.9847548
d7b376169d52640719d8222d9d172665,5,satisfied,satisfied,0.014034627,0.067453556,0.91851187
2a80635174045a28d59688c50a62815f,5,satisfied,satisfied,0.0048872395,0.011621187,0.9834916
479b5dcb3fa734f3f1a728d75e68fce7,5,satisfied,satisfied,0.007021614,0.024903221,0.9680752
a0f57d1589895c52732b8f105e83f88c,3,neutral,neutral,0.07765922,0.8085623,0.11377847
09d6e491070afd31c423757f973a8d00,5,satisfied,satisfied,0.011196362,0.031237163,0.9575665
32fdb7502bfbef1051ecd46a391f55f3,1,not satisfied,neutral,0.38677037,0.5944104,0.018819204
78bc8e6f5b2d33e8721ffd6ad66467e9,5,satisfied,satisfied,0.004487727,0.00913361,0.98637867
a3060c7ab098ec8a487d2e9cdd3f64cb,4,satisfied,satisfied,0.0052647833,0.013691356,0.9810439
a190b2d77a9be9139a932d6da836c374,2,not satisfied,not satisfied,0.87512034,0.12019179,0.004687805
e375ae218193ffa354472088b8027786,1,not satisfied,not satisfied,0.66354674,0.32707018,0.00938303
6bce013ea7cad9aecda522f9dc1da7aa,5,satisfied,satisfied,0.005742876,0.017902145,0.976355
1da7027df5de564263f9597b0568da60,5,satisfied,satisfied,0.023955457,0.14579792,0.8302467
aedd9926a716cf90ad506da49c2f0da8,5,satisfied,satisfied,0.005007716,0.008862301,0.98612994
377b4a6c6b5ee494c7b15b0eecace50d,5,satisfied,satisfied,0.004284616,0.0065796734,0.98913574
0008da7d43d015c3adde8869f3077dcd,4,satisfied,satisfied,0.005012788,0.01404937,0.9809379
6bbc945d247de9ef8cc6a83707ac81c5,5,satisfied,satisfied,0.0053172866,0.008099292,0.9865834
49394ff0138f3a281d5db48010f31969,5,satisfied,satisfied,0.04856492,0.45068175,0.5007534
09302bf2563a131367d3073b862cab5a,5,satisfied,satisfied,0.0049571525,0.010980511,0.9840624
c19fa69d8c3d10fbfa6a291ab3c890e8,5,satisfied,satisfied,0.0055329055,0.00851223,0.98595494
e01fe85b4496d6996ca3b4bccaaf7e9e,1,not satisfied,not satisfied,0.8298798,0.16205657,0.008063524
c134c95b037b02fdb1f1009732f4a00a,3,neutral,neutral,0.10613893,0.8120092,0.081851915
ba13196688ad974c3e483dff94bc3511,5,satisfied,satisfied,0.0066460473,0.011643049,0.9817109
a0a70b68164f399a89304f29ae104fc6,5,satisfied,satisfied,0.006622139,0.016002461,0.97737545
be6dbe5deaeadedb01fbdb5e6b1a026b,2,not satisfied,not satisfied,0.7110131,0.27888522,0.0101015875
467276fb805523ff5c7dad064c55691a,5,satisfied,satisfied,0.0060814084,0.018422091,0.9754964
772e7216949cf4817fde809e90922f43,5,satisfied,satisfied,0.011152611,0.027251463,0.9615959
282a7d9a3f31f1d8a77794a1f9dffde2,5,satisfied,satisfied,0.0053216475,0.00931484,0.9853635
628515fe4b9f3b1486dff94562c31764,5,satisfied,satisfied,0.0046490105,0.010814625,0.98453635
cfe797994ae68fd9dcf299fed3175f19,5,satisfied,satisfied,0.006507582,0.013561252,0.97993124
05d0f94339b291262b93f977d81e5d21,4,satisfied,not satisfied,0.5626188,0.42697144,0.010409739
73d351daaa2347d5103e555e0d015b55,5,satisfied,satisfied,0.010473292,0.051062662,0.93846405
d77ee7e81226c2147a009d73318310ba,5,satisfied,satisfied,0.0059507126,0.015920924,0.9781284
bd691cb400ac8901023a222cf1960576,3,neutral,neutral,0.38480535,0.58350015,0.031694535
da0a366c7334d629364e8aaeb2d1bb0f,5,satisfied,satisfied,0.0038925123,0.007114002,0.98899347
245af38cb9d6892cffac954a20450836,5,satisfied,satisfied,0.0062350594,0.014116333,0.97964865
34e0d6385e1b61a9588037da29677ff4,5,satisfied,satisfied,0.005072453,0.0070772422,0.98785025
837945a15a93328587e28cb3b8601f69,4,satisfied,neutral,0.082336105,0.8391846,0.07847936
a07f046c3e62508e4fae7ae9bae921e0,2,not satisfied,not satisfied,0.86305076,0.13185689,0.005092281
9aeba51ecaa752b86cb17ccae3104b8d,5,satisfied,satisfied,0.013117245,0.025594214,0.9612886
1f36d184508bb5fa00cba0ebfb12478a,3,neutral,neutral,0.103686295,0.81838137,0.07793227
bb4c701575adf76f734746327712ee35,5,satisfied,satisfied,0.011574649,0.06180851,0.9266168
5555b1147ac55676b1460b3fa13b38d5,5,satisfied,satisfied,0.0048146877,0.011973144,0.9832122
30fe7b1611538ead05ee37913e7d2462,5,satisfied,satisfied,0.005074959,0.008297033,0.986628
ec89005b205d8282940b964034990ddf,4,satisfied,satisfied,0.05339897,0.64556587,0.30103514
61112245b101836cb925dc3b198eda0d,3,neutral,neutral,0.17256153,0.792428,0.035010476
30fe12b7767553de0ae53a64492ed767,2,not satisfied,not satisfied,0.5515905,0.43572786,0.012681585
a585423e234303e6e34d66c58d2ab17b,5,satisfied,satisfied,0.004381369,0.0071105007,0.98850816
f11d49e3e136d78f2a40a495d87072ee,5,satisfied,satisfied,0.0044178576,0.011444662,0.98413754
b3e6dd137554da89497f781b319d8387,4,satisfied,satisfied,0.01327038,0.08687288,0.8998567
b243e9c9f9cfaf0f117d066c1ff8ed44,5,satisfied,satisfied,0.0038820219,0.0070040016,0.9891139
c7e9179cd1c74c2a0bbeb1fb4422b35e,4,satisfied,satisfied,0.012325352,0.028737295,0.9589373
5b28761079035238dae8157802df370d,5,satisfied,satisfied,0.00535192,0.012324035,0.982324
0b23a49d60ee7caf2d5d1fbd3eb431fb,1,not satisfied,neutral,0.098685615,0.78448415,0.11683027
3b555931cc7608444589281531f307f5,5,satisfied,satisfied,0.007608728,0.018698758,0.9736925
9f18e543bb53bd9b3c1e25c8f473125a,5,satisfied,satisfied,0.007748616,0.013529526,0.9787218
db4bd11adc37bde0eb607fe2d293ea1b,5,satisfied,satisfied,0.005490746,0.009878706,0.9846305
dbe19f6e4c7d44ec51c4afa739333152,5,satisfied,satisfied,0.009182223,0.033248153,0.95756966
bcde53914951bc3609ee7d8ae6b46429,5,satisfied,satisfied,0.0045556794,0.00952757,0.9859168
5e00d9a51e3bb58f61d80ea32aa6e39c,1,not satisfied,neutral,0.27192992,0.63557595,0.09249413
9370a81a6c5b3d812e83710f74170eea,1,not satisfied,not satisfied,0.950258,0.045527183,0.0042148386
73e04f2036273d7b51a9f21b330974f2,5,satisfied,satisfied,0.0054720487,0.015546528,0.97898144
ae6b884a9f51a24dc969cb8a109798fd,5,satisfied,satisfied,0.012809168,0.018089948,0.9691009
598301f84b2a0b511d220cb447f1936e,3,neutral,not satisfied,0.90448713,0.09143688,0.00407598
3180bb7b37461d26f03ceeaeae4046db,5,satisfied,satisfied,0.0064543895,0.010648931,0.9828966
91dff3df5f9c24eb2f9b134b1145a161,5,satisfied,satisfied,0.0041260747,0.0068395175,0.9890344
fb0f13aea7349810cb8e205b6c6c0ecf,2,not satisfied,neutral,0.14910279,0.7758145,0.075082764
ae0397f766af32e1cfed17993b492180,5,satisfied,satisfied,0.006837761,0.015135113,0.9780271
7306a17d05733d629d0899fc08d97840,5,satisfied,satisfied,0.006885594,0.014786183,0.9783282
fe522a99271678dc93efe73fc49e9045,4,satisfied,satisfied,0.007000286,0.016198518,0.97680116
4513619073f3757c1af03b4d3c90cbc0,3,neutral,neutral,0.075618565,0.75741965,0.16696179
8ead758753eb75d814c5c0529c876b1d,5,satisfied,satisfied,0.0060363547,0.01015017,0.9838135
48b69a1733c9f79ed8b6a90180651aeb,1,not satisfied,not satisfied,0.9038211,0.09216922,0.0040096417
28a6dd3160b9ccd433a4c87d01f8b336,5,satisfied,satisfied,0.0050695147,0.009974444,0.9849561
b1d21062311ebe1d4a9b290e06746241,5,satisfied,neutral,0.082017034,0.70816845,0.20981452
1daa7786a42768fb6bc951952b2e15b3,5,satisfied,satisfied,0.005016961,0.009728634,0.9852544
a2173675f7affa58b3df4fa5c731d7b7,5,satisfied,neutral,0.23552364,0.6503848,0.114091635
0635672a40f7e16b46a17a1622471291,5,satisfied,satisfied,0.003425199,0.006356978,0.99021775
08a3a77b02b1a40249b9829c5f3db32e,2,not satisfied,neutral,0.11983899,0.795211,0.08495001
0fca4e29b89f14b5f50f8c4055875640,5,satisfied,satisfied,0.004708249,0.009751398,0.98554033
f59829f7bc55417cbf30fcdd36e6a303,2,not satisfied,not satisfied,0.9343558,0.060698275,0.004945931
110bbd21fa23cf4c205979832ef848cd,5,satisfied,satisfied,0.06023831,0.6347305,0.3050312
959d4977c2a5dea9048aeedf1a4499ae,5,satisfied,satisfied,0.006180586,0.016164066,0.9776553
b8786ad0a5233af75338d32fb062d6d1,5,satisfied,satisfied,0.069518924,0.5350098,0.39547122
5027031121846bd8be9b91bcdcade2bd,1,not satisfied,not satisfied,0.63364565,0.35154498,0.014809408
b97660c52ada9c3b6a8d69a45435a183,5,satisfied,satisfied,0.0036577627,0.0074682212,0.98887396
e3b61704a197e65a7480fb7bdc9d6fa6,5,satisfied,satisfied,0.0046518645,0.007658953,0.98768914
a4470edb75ab8a0b024b954d9d013fa1,5,satisfied,satisfied,0.007716795,0.02389321,0.96839005
2e9ec0b390f68d1aae849ea0a4218488,5,satisfied,satisfied,0.0056368774,0.008718959,0.9856442
62d553ceec1ea546644a54dcb3a465ac,5,satisfied,satisfied,0.004160471,0.00914767,0.9866919
e07bf907e850d328650ddcb762910c65,5,satisfied,satisfied,0.0073809647,0.018353896,0.97426516
0f06c08cf3fa245f546cb5de0d6d9ae6,1,not satisfied,not satisfied,0.95214695,0.044092417,0.0037606547
828d7024edac134f287923fb85c9bbaf,4,satisfied,satisfied,0.034758598,0.29578733,0.6694541
69a6bfc8280c06095f85f5573f92e2e3,5,satisfied,satisfied,0.0064364024,0.009456754,0.9841068
cafbdfd085ec2ce4387edc023cee6cda,1,not satisfied,not satisfied,0.8734784,0.1215953,0.0049263076
e11d5bcef4ac5788be55520048dcfa29,5,satisfied,satisfied,0.008063536,0.030109081,0.96182734
67e9fa0eeac3e951a6ec568da663c8b7,5,satisfied,satisfied,0.006183973,0.011190289,0.9826257
73779a8025637cc515604ceda83940db,5,satisfied,satisfied,0.0060456013,0.013990045,0.9799644
add363610a67eca089dd773f337e4819,5,satisfied,satisfied,0.01756248,0.082509734,0.89992785
8542913006b34ee9751462f96534acaa,1,not satisfied,not satisfied,0.9369358,0.059374552,0.003689757
77fb0889b34375d1307a6431e69a750a,5,satisfied,satisfied,0.005331081,0.017671674,0.97699726
553ef446fd622747e5ceb3cf361b6957,5,satisfied,satisfied,0.0042279935,0.007881741,0.98789024
a3866d36e4e7b975ec27368e8c3d4a31,5,satisfied,satisfied,0.0121473335,0.04082749,0.9470252
8450d078f6a85e1c40704f76fb776023,5,satisfied,satisfied,0.0069001215,0.013001173,0.9800987
22d0ba5a6f541d53f203a32875c8670d,4,satisfied,neutral,0.14564037,0.71658987,0.13776982
5dd2ff5ab1fbdbc7c831f985386bf0a0,5,satisfied,satisfied,0.0066887564,0.016613374,0.97669786
295a7920fb7a599b251dbe810a8d439e,4,satisfied,satisfied,0.009767998,0.023572685,0.96665937
c492c779e187093c2e5733c27d4ed11f,2,not satisfied,not satisfied,0.7966317,0.19763261,0.0057357806
d0c355e87a7206c7ca12014b6b6b6c03,5,satisfied,satisfied,0.010233711,0.01869228,0.971074
96ca2365828c32135b2fb75c63ddcd84,5,satisfied,neutral,0.16462387,0.69020706,0.14516912
49e22a2f32bf5e0676ad807fe5c55ed4,5,satisfied,satisfied,0.005151105,0.013050698,0.98179823
0144e13655b585f9e969fdc563cff52e,5,satisfied,satisfied,0.0058652526,0.013582924,0.98055184
026a059bd5e7114a5c611b8ee08af0e1,5,satisfied,satisfied,0.0040158588,0.007896723,0.9880874
0df28bd8ef23c316d791adf3b1367cc6,3,neutral,neutral,0.27896053,0.6799719,0.041067548
14fdd8c4076100522710017369f5a430,5,satisfied,satisfied,0.005304202,0.009924204,0.98477155
622661f3cd7241378348de81ce7f0534,5,satisfied,satisfied,0.005730664,0.017841816,0.97642756
8e895862477efae2d1f1fe1cbd4b7e2b,3,neutral,not satisfied,0.951791,0.04389462,0.0043144007
23b01a68772e3b06cb392d04f569d7b8,5,satisfied,neutral,0.28038722,0.61388403,0.10572873
d22ef362f2954122df6433b999685e67,5,satisfied,satisfied,0.004811903,0.0073400163,0.98784804
06b3e026fd985fdd49606db12751c95b,4,satisfied,satisfied,0.008004569,0.012037593,0.9799579
6e4fc02bacda040a6cedf786301c4bed,5,satisfied,satisfied,0.0056078588,0.012923791,0.9814683
1c394e7a3c56cb14bad11e16f4c9f3fe,5,satisfied,satisfied,0.1773813,0.4163951,0.40622365
a0d8b34024f9604bd03db30ead48ea62,5,satisfied,satisfied,0.0035564092,0.007533565,0.98891
c35e757c13e91d8e182957e5f80e4507,5,satisfied,satisfied,0.0047041224,0.008846276,0.98644966
b3e4e85e45da1a5f06ce87d6d9115566,1,not satisfied,not satisfied,0.8246105,0.16951893,0.005870686
a1bb66e883220d589a179c2c69da0168,5,satisfied,satisfied,0.005421718,0.013783064,0.9807952
bd7e79b7bd906677996429547d38824d,5,satisfied,satisfied,0.0036769283,0.0061057988,0.99021727
fa913434a883e451113541ab328fbd40,5,satisfied,satisfied,0.0075930846,0.020172248,0.97223467
e850a1cfd4d3ce9e5724f27a441ed2df,1,not satisfied,not satisfied,0.9254215,0.07067859,0.0038998704
efe5746706fa14359fa025c4e8ada3ab,1,not satisfied,neutral,0.39756233,0.5267066,0.07573116
6e9c8dc2ce10e800f74ee0099acbd8f8,5,satisfied,satisfied,0.00404186,0.0083143525,0.98764384
bb5693f5270291d2a90c05ae259fc06f,5,satisfied,satisfied,0.0065077427,0.02647786,0.9670144
161f2f7d5d30e69b5089fd0a76fdb1de,4,satisfied,satisfied,0.011537303,0.057353504,0.93110913
0496b7cd22435698028467e8f438346f,2,not satisfied,not satisfied,0.7590505,0.23506851,0.0058809854
6985909ad0ad5767a44286f13aece785,3,neutral,neutral,0.09174425,0.8539013,0.054354373
459a6bfd9fe14ee1848a5abce83c0fba,5,satisfied,satisfied,0.005440526,0.010930689,0.9836288
9c6af9d6d490762fdff5a8e444b1b732,5,satisfied,satisfied,0.0054445276,0.021889703,0.9726658
2f72fd46afddd656acd293720a879d70,5,satisfied,satisfied,0.005507392,0.022438947,0.97205365
cc9a99575ff7943c4769127ea5eb69b4,5,satisfied,satisfied,0.00471359,0.012086166,0.9832002
cc6440b4865293c2972e6618a7005f25,5,satisfied,satisfied,0.0045645777,0.0074412497,0.9879942
fcfc9baa2ff3ce80833be51a509cf1ec,5,satisfied,satisfied,0.007280081,0.01720329,0.9755166
66feb597a5f333c6d164afb403ed2711,5,satisfied,satisfied,0.006894781,0.015178149,0.97792715
f95652d1a4ddf300751861f1dc597293,5,satisfied,satisfied,0.004578948,0.008955865,0.9864652
1059c6f4db0159beb5aae46a5b82e667,1,not satisfied,not satisfied,0.8812139,0.11336466,0.005421514
2f54b438cb7f9f96a180b24dadd16594,5,satisfied,satisfied,0.052228462,0.35644487,0.5913267
7957a2baf898ec4d5cc136e28d0a15ed,5,satisfied,satisfied,0.07612897,0.3595567,0.56431437
6700aeec23d9567048cc6d1fe665926e,1,not satisfied,not satisfied,0.8973271,0.09638724,0.0062856446
4a4fbc2da1724f08f7784fa85274b109,5,satisfied,satisfied,0.004509153,0.0078110215,0.98767984
1cf13a79605e56caeff247150949c883,5,satisfied,satisfied,0.00846163,0.020652398,0.97088593
8541b127500e617971088c8bde2778a1,4,satisfied,neutral,0.06042554,0.73643255,0.20314188
f61b26faf4027f1d874a95cbf7d75ff5,5,satisfied,satisfied,0.004677069,0.0075052767,0.9878177
9b40113db30fc8158b301c34d384af6f,3,neutral,neutral,0.3510262,0.63126665,0.01770715
3cca5a552f5b87f2c2948151c66e642a,5,satisfied,satisfied,0.0039387145,0.0070821103,0.9889791
c721289492c23e448c59f5ffb9e1d92f,5,satisfied,satisfied,0.0043441574,0.010798912,0.98485696
3127e79d8373b2e68d67e324e92c9adf,4,satisfied,satisfied,0.0049979175,0.010723184,0.98427886
3175bfec903b3cced6649b5147105f0d,5,satisfied,satisfied,0.005089983,0.014867841,0.98004216
3e16a76ef452931b7a7ec497353da2bc,5,satisfied,neutral,0.08094379,0.73783165,0.18122457
e14ed2eebd873fc4a1fb3ade2cbad64b,5,satisfied,satisfied,0.0061696796,0.012340636,0.9814897
22e85b7c5dcc7d4f35df20ab26836ab6,5,satisfied,satisfied,0.0063059987,0.029918548,0.96377546
17eff02aeba2e28163ccb8b31abb05e4,5,satisfied,satisfied,0.0042749597,0.0087832585,0.98694175
49905080608375972323138a57cd79f8,3,neutral,neutral,0.09139353,0.76274455,0.14586191
588c6e70f2998b9ddfbf295bd8937090,5,satisfied,satisfied,0.004144684,0.010283463,0.98557186
93aa4528d51f21d52eeb1f882c397863,5,satisfied,satisfied,0.0052171657,0.009822717,0.98496014
b28a8915247982dc2931c372d2172f00,5,satisfied,satisfied,0.0049564866,0.008023626,0.9870199
8767c115e591ed2f369e5bad82dfbf44,4,satisfied,satisfied,0.0042833504,0.006442506,0.9892741
0997f8be09e95769772133c8c3a29dd2,5,satisfied,satisfied,0.0038057705,0.007714664,0.98847955
24ebb223f8dceb9b3df4c68a56fbd0c1,3,neutral,neutral,0.07054056,0.8539459,0.07551357
4ab0b798bc1da8384d6546a60445b73f,5,satisfied,satisfied,0.00528658,0.011620148,0.98309326
d88e3e81a18c864306be76b45a617c26,5,satisfied,satisfied,0.010350768,0.051083848,0.9385654
50dc614471fcf025fa03c417eeb305a5,5,satisfied,satisfied,0.003849293,0.010812971,0.98533773
dc51411e9cfb6f94e71f2e7f6ff7848f,5,satisfied,satisfied,0.00427867,0.008070271,0.987651
8ebb1143aaedd8f96c6feb1e81b8ba22,4,satisfied,satisfied,0.034517244,0.32863557,0.6368472
c47242c4fa125d93222e32667446fb60,5,satisfied,satisfied,0.034234706,0.16152005,0.8042453
15cea7a13652a80f66b42e3e8dd37f18,5,satisfied,satisfied,0.004941173,0.011923255,0.9831355
def51ffb5049746882e9897ce9b27f89,5,satisfied,satisfied,0.005234134,0.009946357,0.98481953
e43e70c27484b937fd6653ceaaa5e3ca,4,satisfied,satisfied,0.015604953,0.13616756,0.84822744
2bef442110dbb015586ac0ca7407a50c,5,satisfied,satisfied,0.004639475,0.010526785,0.9848337
cbead615746f22d3ee6cfd47c49310c1,4,satisfied,satisfied,0.012558524,0.06326191,0.92417955
d9b3e1870c07c78ba41db7fa88d17a3a,5,satisfied,satisfied,0.005830223,0.008092773,0.98607695
8981fbaab2183796da7ce3f88d907d73,5,satisfied,satisfied,0.0051753162,0.010996367,0.9838283
513ddd7cf163f003cadda374662c3a9a,2,not satisfied,not satisfied,0.8932211,0.10250894,0.004269943
f970dc670a6c3ebf48086b15ad76c66e,5,satisfied,satisfied,0.005059193,0.009558714,0.9853821
ffafbf54e1c82c500d955a3469363767,3,neutral,satisfied,0.051873,0.5829761,0.36515093
4dd6f9b155f0fec21971c4eb81670cfa,3,neutral,neutral,0.11597346,0.82923764,0.054788902
2bb16f40c8e644a73c9b50cb73e831fc,2,not satisfied,neutral,0.33614644,0.64389884,0.01995471
484d4be48f493dc5cdaededa9905bfd5,4,satisfied,satisfied,0.0049734283,0.018119635,0.97690696
cccbb1655cdb8807bbbabbaca78a90a9,4,satisfied,satisfied,0.004486047,0.0074500507,0.9880639
c498a33a163286cee2cd4070845b8b99,5,satisfied,satisfied,0.004529376,0.010477579,0.9849931
4489f2582ac5c6af0c208077b6730508,5,satisfied,satisfied,0.015936563,0.03274265,0.9513208
f09a8590abcac31c8ee69de5f4a3b203,5,satisfied,satisfied,0.0079572005,0.045690417,0.9463524
d5081170300b9860e32f6a264a3d422f,3,neutral,satisfied,0.04728608,0.41322094,0.53949296
2b198f30400668deca462462a47c3adc,5,satisfied,satisfied,0.004674218,0.0076416987,0.9876841
eb648d52ee00c2cea21ee77cee1908b0,1,not satisfied,not satisfied,0.78239363,0.2116947,0.005911618
7aab98e1e3816eb67d66b5ace08ff3ca,5,satisfied,satisfied,0.004456587,0.014535283,0.9810081
fd3a2124ca527f4ca9d0bc9e3d9ae853,5,satisfied,satisfied,0.0043508518,0.009352608,0.98629653
c8e0842d0d32467643a5c1da17b8311c,3,neutral,neutral,0.35971865,0.6060509,0.03423043
c3b346244a4366b15750fcc98ed30d0d,4,satisfied,satisfied,0.0064383084,0.011122167,0.9824395
25b03a8838c12de663c2b2e0ffa1ee2f,2,not satisfied,not satisfied,0.8913285,0.10415929,0.004512232
076403646b7b57da816f0c590242d5f8,5,satisfied,satisfied,0.004288481,0.0076223956,0.98808914
321b22262dd6a3ca6664dcd26c50d989,2,not satisfied,satisfied,0.034314383,0.16492061,0.80076504
edbf4633a0ac7337a348d186031e678f,5,satisfied,satisfied,0.0051170345,0.010290147,0.98459285
faaefddb6b6bb13eedab79783bf13f98,5,satisfied,satisfied,0.035377648,0.38159886,0.58302355
0957462b2e6c1edf82c9b60e8f2ceced,5,satisfied,satisfied,0.005428888,0.010566911,0.9840042
86b9bd95835c98e410288603894d1e7d,5,satisfied,satisfied,0.0067275977,0.018735927,0.9745364
dc328b59c4b079122e0e20f22e4c46ad,2,not satisfied,not satisfied,0.8173029,0.17656709,0.006130049
bba5c8d545b3d24d177d967820fb8ec9,5,satisfied,satisfied,0.0042479876,0.00817975,0.9875723
61a1a416810d26e4dcb395ac843741c1,5,satisfied,satisfied,0.004986336,0.011057797,0.9839559
457332a648ecef4e63a7260defa4daae,5,satisfied,satisfied,0.00823216,0.015488426,0.97627944
bd43291b29928190f839ab079c92d0d2,3,neutral,neutral,0.07501761,0.85954064,0.06544162
e5de1cf8e7b0d9dbec45fd69bf708244,5,satisfied,satisfied,0.0042623975,0.010019505,0.98571813
28b831d6f09b7de3e8c904549ae6c8ab,5,satisfied,satisfied,0.0049248165,0.010226821,0.9848483
6f6b888b310bbdee5fc95670ff169664,5,satisfied,satisfied,0.005055506,0.0103383325,0.98460615
f94bd4a8beb4fb41c10a8feddd9f4381,4,satisfied,satisfied,0.014151955,0.06903044,0.9168176
cee6048bfa18445ef0241431c56bbd89,2,not satisfied,neutral,0.16863403,0.8013596,0.030006368
113e78ae4cf1195786425f1a506784dd,3,neutral,not satisfied,0.4467809,0.5394328,0.013786326
a87e7d39d4fb7c9fb1b103abb4c451c4,5,satisfied,satisfied,0.029712742,0.16004987,0.8102374
c17bdbac814b56ead20ed24385f78798,4,satisfied,satisfied,0.005963713,0.022972323,0.971064
87ebbe492f3715f9d7dfb4421a5b2c93,5,satisfied,satisfied,0.0068013133,0.024133926,0.9690647
886b04af353f7ea4ef34265b3422e379,4,satisfied,satisfied,0.0053914753,0.014426781,0.98018175
8d86c3550b3d7678c4de05709855e8b7,5,satisfied,satisfied,0.006435612,0.014617307,0.97894704
237d9f96a72de746f67f6be2f2bd25ea,4,satisfied,neutral,0.12296766,0.73019254,0.14683981
6ae0283eefdf03d1edf91a0d6df2c1cf,5,satisfied,satisfied,0.004045816,0.008352399,0.9876018
ca02b9572421a4830d65830fbfcd8853,5,satisfied,satisfied,0.005091372,0.014145371,0.9807632
663edcf588690f4ec5d484180def5d81,5,satisfied,satisfied,0.0052116485,0.008363155,0.98642516
304e0dd5242185dad5fd23ee36f656de,5,satisfied,satisfied,0.0045958143,0.009548625,0.9858555
6bb997f24397e349dd597077fbc6ecab,3,neutral,neutral,0.13276447,0.74999964,0.11723588
77cd7632e715a41b0af40da7f83a772e,5,satisfied,satisfied,0.0091842925,0.052228972,0.9385868
d4fa0c3716ade6216f62e39895008fc4,4,satisfied,satisfied,0.005467302,0.015299598,0.9792331
111bdf1fbf033d724137b7a4ac0c8b46,5,satisfied,satisfied,0.006603565,0.019507512,0.97388893
80ddc653c743df1d2545348e35fe0894,5,satisfied,satisfied,0.022627112,0.107728705,0.8696442
d91f9a02cbb126bd960771b87a5bc6b2,5,satisfied,satisfied,0.0062121595,0.013297352,0.9804905
b03132430e12fa1078c8d5ea272027cf,5,satisfied,satisfied,0.0042504626,0.0075551523,0.98819435
387540a28364b4ea89573bd025e1681c,5,satisfied,satisfied,0.0062009157,0.014349359,0.97944975
a464da92f12274a11fe8ff4e6123aaac,5,satisfied,satisfied,0.0038181755,0.009043514,0.98713833
6ca78b23e3b6044e6138374b4f9d81a0,4,satisfied,satisfied,0.008032748,0.016465718,0.97550154
065f857c8e12b631bea841d41566a7b7,1,not satisfied,not satisfied,0.94346184,0.052670635,0.0038674532
dc25d1576ec37b39989c5631f03d6fee,4,satisfied,satisfied,0.005436698,0.013623468,0.9809398
6f405b8dac951a512512e3fa8a7d04e8,5,satisfied,satisfied,0.008186841,0.016008679,0.9758045
239f784987330b6a47f971b422f84dff,4,satisfied,satisfied,0.08785176,0.5752819,0.3368663
405ec55fbe4ae74cf476a34ca22787fe,5,satisfied,satisfied,0.004645206,0.012012877,0.98334193
f0c635ab3ed246f238cab79bd09cae94,5,satisfied,satisfied,0.0043544304,0.0078084525,0.98783714
1e3653dacc6b2841ab7c201e5166790a,2,not satisfied,not satisfied,0.77427346,0.2184004,0.007326155
a296c79b8d1660c135dba12ad58f9a38,5,satisfied,satisfied,0.0065843016,0.015961897,0.97745377
f2b185bc643593d162bcce410ec89413,5,satisfied,satisfied,0.0068135946,0.012327188,0.9808592
24b1731ffa9faf78b718a08b61250ded,5,satisfied,satisfied,0.0046257023,0.015995342,0.97937894
4c19d0e82fab87a04cd9f3e3ee88faf9,5,satisfied,satisfied,0.0039153383,0.009650584,0.9864341
3ff4fdea7abcd33657d850012a519138,5,satisfied,satisfied,0.0053132474,0.010658105,0.98402864
da15563872be28fee0fae0cc2052abcd,5,satisfied,satisfied,0.00795208,0.01925857,0.9727894
f16de0c7558968775ced9149cc55836b,4,satisfied,satisfied,0.0060856533,0.021278871,0.97263545
e59b1a0c05526874dd9e0632d221bb6b,5,satisfied,satisfied,0.006814578,0.012279056,0.9809063
d453283def6d1aa334864c3b0bc4fc82,4,satisfied,satisfied,0.0040076,0.008857921,0.9871345
d1a97d30b9ac70e5abbc0fbc8c04cf10,5,satisfied,satisfied,0.0056232275,0.014281814,0.9800949
1c24c380c22398d9bf120cf59297d95d,4,satisfied,satisfied,0.0043198555,0.010023516,0.9856566
edd9c029ba60f5e7c6c9f395903f79e4,5,satisfied,satisfied,0.00572033,0.009815246,0.98446447
b1991a0270e58b92391279c17d0ddd9e,5,satisfied,satisfied,0.0051808935,0.014682916,0.98013616
05d134806644f0ce1cf88109552c1909,3,neutral,neutral,0.13809353,0.7871119,0.074794576
82c036bafb9e30bb4863f8ab79cf99f6,3,neutral,satisfied,0.05521708,0.6861828,0.2586001
ce85dd81ae9a51dd9f8af296e70112f6,5,satisfied,satisfied,0.004033424,0.006829036,0.9891375
bffef9b14cbe5f47e61ef20a57638f7b,4,satisfied,neutral,0.12591462,0.7760827,0.09800271
61cad22e902be51b60668e730fd86c67,5,satisfied,satisfied,0.004920165,0.0073931008,0.9876867
e7bc956fdccc73541b50b534527c7b42,1,not satisfied,neutral,0.10513007,0.7886335,0.10623641
32c0bba7718acff1d614b7868131ab6b,5,satisfied,satisfied,0.02590254,0.23046158,0.74363583
fa9d5920972a5180e5a104ca2cb4d06b,4,satisfied,satisfied,0.0055634794,0.014796565,0.97963995
49dbe7af32a53572e9b4a01df654d818,4,satisfied,neutral,0.17331795,0.69671464,0.12996736
e62d9b5159a8011869ff6bfe4defe135,4,satisfied,satisfied,0.007284105,0.029127434,0.9635885
4b582a258879cfb0819b450a14908863,4,satisfied,satisfied,0.005415139,0.013378717,0.9812061
e4d54ee0790e706037a7c9a429a09634,2,not satisfied,neutral,0.31820682,0.66066474,0.021128459
7162f3cb8b79e89d043ce3fc46801dfe,5,satisfied,satisfied,0.0053179455,0.018404962,0.97627705
aa9f0b31e19c7c03f9240f0228fa5d64,1,not satisfied,not satisfied,0.62090313,0.37075827,0.0083385995
acf38097c8405370827f8bc2f106d4c9,4,satisfied,neutral,0.24225587,0.711534,0.046210136
b0df57d022e20c0d554286ef3f9ec865,5,satisfied,satisfied,0.008763936,0.035925824,0.9553102
45c8acdbf9e8f8f828a7efa2ef50895c,5,satisfied,satisfied,0.008478252,0.019034645,0.97248715
2bc390ac70cb07fcd217f8123c252aab,4,satisfied,satisfied,0.004510536,0.00909013,0.9863993
8cf257549660d6f76b5a9a8166581466,5,satisfied,neutral,0.103516184,0.7022497,0.19423404
c60d1aac5db261af2a5bf38ed41ab64a,4,satisfied,neutral,0.07453927,0.82367074,0.10179
137a86292ee350559eeec558d34dfe4b,1,not satisfied,neutral,0.24562097,0.72320414,0.031174885
f8d51faf578228982c3c84162bc6df0e,5,satisfied,satisfied,0.0077181305,0.033049364,0.9592325
a7c8bc5535d44c3e8df7758a3e90cf63,3,neutral,neutral,0.288893,0.63104564,0.08006137
ef22aea2afd339373768285e3ba59006,5,satisfied,satisfied,0.009749279,0.037901394,0.9523493
58ae9ecba2227866d976760a8c5bf8ad,5,satisfied,satisfied,0.0047149067,0.010375021,0.9849101
5cad59ef90b58bc57d0d89a78482ee18,5,satisfied,satisfied,0.014208233,0.11129062,0.87450117
b0c1192f6dc469f2b953664a0bf5ac12,5,satisfied,satisfied,0.0047495826,0.010620102,0.9846303
92291ec21889c41560056f9a0c309333,2,not satisfied,not satisfied,0.9565245,0.039253253,0.004222318
53d9b8c659aeb2a886df5e4a82d01548,2,not satisfied,not satisfied,0.64207196,0.3473122,0.01061581
41ea42d6b12ac3a45442d48462a9ecb7,5,satisfied,satisfied,0.0063620163,0.015914008,0.977724
02b0abfe25d768aa2f023359c899f81b,5,satisfied,satisfied,0.008264534,0.034247503,0.957488
f56e8d8032512fcbb7f2e0adf04a50c9,5,satisfied,satisfied,0.0047577787,0.008688543,0.9865537
d1d5f1f81f6837cb445c9eec672c4adb,5,satisfied,satisfied,0.0046568788,0.011213937,0.9841292
aa8dc8642145df6523d34174572e8b84,2,not satisfied,satisfied,0.060636394,0.67422616,0.26513743
4dda102a149dc3c2221c96153ca7a6b8,5,satisfied,satisfied,0.0044853427,0.008816776,0.98669785
55ac6970816ceb9b2a1b6fd49e18dc9a,2,not satisfied,not satisfied,0.56256676,0.42832518,0.009108038
bd7830f1b2b96dcbd7fc730748eb8dd8,5,satisfied,satisfied,0.0034348136,0.0065253144,0.9900399
007249e9e26a969f083d7408d19028fa,5,satisfied,satisfied,0.0061632944,0.011313402,0.9825233
a4c7b5b5d2a58ac589a119440b70d5c3,4,satisfied,satisfied,0.016178085,0.1476774,0.8361445
f3d9db9dc5b2ad2792a943fbf0869d2c,2,not satisfied,neutral,0.17646916,0.7929862,0.030544624
14d6fd7d4e32c9cf30811388cd9e79d2,4,satisfied,satisfied,0.0055740937,0.0094334455,0.9849925
495b6164821c0bbd2a703a9a6b5eaccc,5,satisfied,satisfied,0.00564233,0.011091811,0.9832659
59a02bfc2448d6084fa15cf73a86f0fe,4,satisfied,satisfied,0.00806163,0.023718588,0.9682198
5f2e391a869738310d146bd45b0ef7c3,5,satisfied,satisfied,0.006385189,0.014333529,0.9792813
0445984a7e3ab7d74bca28d47c88bfdb,3,neutral,satisfied,0.043226194,0.3802615,0.5765123
cd0e356df787c99e7997f3c64b441bb2,4,satisfied,neutral,0.075721234,0.7509092,0.17336962
329cdb6958d11132753d758971cf24b7,5,satisfied,satisfied,0.0052936543,0.015238172,0.97946817
d9225f171ca98d21476bd352f2eb3aad,5,satisfied,satisfied,0.0044116746,0.008537122,0.98705125
a658a78bf28fd2fcdca1f9c41f1a3296,5,satisfied,satisfied,0.006386264,0.014582589,0.97903115
39a56226bcb7c3b6ae4444f5dcad0b96,3,neutral,not satisfied,0.87452406,0.12071783,0.00475817
f920aa5f119886b73d5044ded726e107,5,satisfied,satisfied,0.0037439908,0.006935555,0.9893204
ca2439be258650a9f239d6b1cb9e12eb,5,satisfied,satisfied,0.0053164074,0.014405892,0.9802777
d7a8d58264420a9f733adc13b3c93e26,5,satisfied,satisfied,0.009466585,0.05868252,0.93185085
26fd9c0d9042063c833108b24ba3e1f4,4,satisfied,satisfied,0.043337166,0.51598495,0.44067788
32f65294a3fdfe31048ca4e298485e55,5,satisfied,satisfied,0.0036075942,0.006211757,0.9901806
51f1e00d09ec8017069b4c4e98e60d07,5,satisfied,satisfied,0.008820681,0.02463544,0.96654385
88a8aab78a8d31846cb4dbfd2b951b4a,5,satisfied,satisfied,0.030147381,0.18549521,0.78435737
ec3f47c27c401e9684c2e61f7d42effd,5,satisfied,satisfied,0.008170596,0.013050593,0.9787788
6960780b82c6baf65de1846df3ed4c59,5,satisfied,satisfied,0.013045758,0.04915119,0.93780303
671bade2fd216285793a73402c6c3854,1,not satisfied,not satisfied,0.5871061,0.4010522,0.011841707
cff416120df2c0ef1935f53beb2cd5f1,4,satisfied,neutral,0.2979641,0.6502759,0.051760007
41a99ca464aab58567066d38e1e412f8,5,satisfied,satisfied,0.006406841,0.010609678,0.98298347
9e4ffbdb1ca710663426b2c4b92e83f9,5,satisfied,satisfied,0.004249647,0.00797076,0.9877796
e7367b4d5ab38bae232117fff414faaf,5,satisfied,satisfied,0.0064955014,0.013721776,0.97978276
f047c7697cc80629e38ab31af8c42d1a,5,satisfied,satisfied,0.006966468,0.014927245,0.97810626
9e5034fb8d17835d1d4992c1a684ba87,5,satisfied,satisfied,0.005158544,0.009961027,0.98488045
ebe9ed5041f09b6cac297bda32613e66,5,satisfied,satisfied,0.005215302,0.012383365,0.9824013
122f87313df13f5ddcde765fd805b614,5,satisfied,satisfied,0.0042381263,0.011713599,0.98404825
d256438f3cc7b0940f48bfea43435fd5,4,satisfied,neutral,0.075178616,0.7703291,0.15449236
2bc5d644a01de7bfcdac9c7a85615bc3,5,satisfied,not satisfied,0.5709929,0.41005054,0.018956603
01c819aaf459496cb81637390a658180,5,satisfied,satisfied,0.0035339273,0.0062259524,0.9902401
c1cbb12f892be68eba80a03c1e2837da,2,not satisfied,not satisfied,0.6383,0.35148096,0.010219093
c8305daafb22143dd2ab835a99a8bbf9,5,satisfied,satisfied,0.0071850275,0.012375748,0.98043925
d31c0a0f9cadf51804ee54b8900c7a5f,5,satisfied,satisfied,0.03776542,0.24162795,0.7206066
adb97a1be1d432e8515cea83887928d3,5,satisfied,satisfied,0.004468991,0.008506717,0.9870243
dc64fb545a1458a2d9787447aa5be1fb,5,satisfied,satisfied,0.020348456,0.15813947,0.8215121
7a1cec86ae1e5b1386480cfcf916f1e6,3,neutral,neutral,0.08516916,0.8461336,0.0686973
ab8eff15f90f458d4b2072b90ddc270a,5,satisfied,satisfied,0.010516908,0.027345425,0.9621377
136aa8aa9bd19b96d5e61fe9838252aa,1,not satisfied,not satisfied,0.9266655,0.06969374,0.0036407688
9ae2385e79b44c3ed0d9149d3d2759c9,5,satisfied,satisfied,0.0053504985,0.013513731,0.9811358
4c315f5e678f0a1d274d6df41c79a02e,5,satisfied,satisfied,0.005400246,0.015892388,0.9787073
4d2a297bd5cda554d802e51057c506b4,2,not satisfied,not satisfied,0.8281565,0.16647579,0.0053677154
6594a939e6a0c03cfa06663fbe131221,4,satisfied,satisfied,0.01738092,0.12257758,0.86004156
0fb74ed8b14d837d41fb540743db59bf,5,satisfied,satisfied,0.004235963,0.010126145,0.98563784
9d54a4d1fbfed1e89ee262405e8ed9b1,5,satisfied,satisfied,0.010965856,0.068252854,0.9207813
8dd06945d4b13fb9027833d3a523ec02,2,not satisfied,not satisfied,0.4880723,0.49899837,0.012929271
92d6d526cc32d33acdff6e89e1742c79,2,not satisfied,neutral,0.26052263,0.7184588,0.021018628
d23a5656f90a0b1ab75ff0240dfe9426,5,satisfied,satisfied,0.005216846,0.009564474,0.9852187
635139b7c43f463bf09ca5b22015b5fe,3,neutral,neutral,0.1698156,0.77580494,0.054379407
6b0e557707de0368c343cf1a4a41fcf1,2,not satisfied,not satisfied,0.75640875,0.23608811,0.007503169
8a7c0a3532e0831843169673e6b376a5,5,satisfied,satisfied,0.0056200475,0.011031678,0.9833483
f6899c29c4220854d379187b30e82d3a,5,satisfied,satisfied,0.017979695,0.12713577,0.85488456
8dffd01c93a1d8c1b168abb0dd825301,5,satisfied,satisfied,0.006966259,0.023151614,0.9698821
605520a480ac7ea3301555698715141a,5,satisfied,satisfied,0.04551998,0.5179273,0.43655282
fd858c164079814d5a19c6a5cdf778f7,4,satisfied,satisfied,0.04072689,0.3827973,0.57647586
4842e9cfff439583678004a960fd9427,5,satisfied,satisfied,0.0039734473,0.00771284,0.9883137
bdc47a196f9cf8f61b9fae808792f68f,5,satisfied,satisfied,0.0157325,0.054786183,0.9294813
335ca99a8dfa130b91516cc4a9c3e9da,5,satisfied,satisfied,0.0039234865,0.0077817393,0.9882947
350912242efbe330671a9eaf7d38532a,5,satisfied,satisfied,0.0066013844,0.011514034,0.98188454
b9f496780d56f2b47d29781dd3e49aac,5,satisfied,satisfied,0.011760937,0.035288814,0.9529503
5b4333cbfa11df49a25431ba23d16ff1,5,satisfied,satisfied,0.004633243,0.013614469,0.9817523
f89c3bbfd0295070eba458e85b88b695,5,satisfied,satisfied,0.004775104,0.00867729,0.9865476
4ac6c8cac149e05918564d4c42d00d4b,4,satisfied,neutral,0.12789877,0.7750767,0.09702444
c88c546b58164c107bab5f94eccdbe88,5,satisfied,satisfied,0.004636861,0.009723356,0.9856398
b6aa3213ae2dd4003180f885e057b80e,5,satisfied,satisfied,0.014296075,0.07283388,0.9128701
a11e9df7aaa99a281ea3c4b0202838c3,5,satisfied,satisfied,0.004756703,0.00875501,0.9864883
96e92d42540dadd59152591e7cd0d773,4,satisfied,neutral,0.41983196,0.55480146,0.025366649
6da9fd7527522c78781292e8fe196e56,5,satisfied,not satisfied,0.86317986,0.13228609,0.0045340103
ba80ee12ea7712b7895f8f53701ec82b,5,satisfied,satisfied,0.005264433,0.01161028,0.98312527
d425e28299917c47508dd4b383b1f5bb,5,satisfied,satisfied,0.0041761296,0.007727992,0.9880959
6b35ac71d0af59326e1e346559df06a8,3,neutral,neutral,0.16596204,0.802076,0.031961996
13b79e5801b3b48ad01034eaf2fa3126,4,satisfied,satisfied,0.038397647,0.3734754,0.58812696
a8d3585e72899f83c3c2d388e1abd47e,5,satisfied,satisfied,0.004436135,0.008733268,0.98683065
2e7bee64b701eae61e65fcba671fd80d,5,satisfied,satisfied,0.0056719384,0.016950551,0.9773775
c29eee244ba5a66cd82a37a7e56de436,5,satisfied,satisfied,0.0052692704,0.019639313,0.9750914
9f3cbd8c33b5c93b4cc4e18ec4e1ace6,2,not satisfied,neutral,0.2952402,0.66905963,0.03570018
50836beaf15e72772b255789f825f021,5,satisfied,satisfied,0.005270058,0.0111600915,0.9835699
500e0982951488792defea128f211450,3,neutral,neutral,0.13729866,0.827738,0.034963332
5c5dce67619b7a3110375b18f9165bef,2,not satisfied,not satisfied,0.94692576,0.04924155,0.0038326816
8f939665597e69a3ebac8ce7e6a1e2a6,5,satisfied,satisfied,0.005623557,0.01206519,0.98231125
4b6e04855468e9c900b8722e5c5983fc,3,neutral,neutral,0.15124589,0.8130667,0.03568729
1b0253344a1d81b8694d5335ceee3fa2,5,satisfied,satisfied,0.005750433,0.027285144,0.9669644
69de6797d7b17e7f8a3a8b527a7d1ad7,5,satisfied,satisfied,0.006445057,0.015123788,0.97843117
fe264554630d9229f05b3a1a8acea95a,4,satisfied,neutral,0.06341811,0.8081211,0.12846081
6aee1d40feb6cce742fd3749c34453b7,5,satisfied,satisfied,0.013090886,0.06861299,0.91829616
d06e8b943e65771808f21e9eecb77efc,5,satisfied,satisfied,0.004169683,0.009340216,0.98649013
bf1c00ee72a9560ce5cf7a4f5fe5a321,5,satisfied,satisfied,0.009640527,0.03225972,0.9580998
50c3af637ba39b3ba0a291834f898b78,5,satisfied,satisfied,0.047223404,0.34264317,0.6101334
a1b56eb777ef516be8d905238cd005e1,5,satisfied,satisfied,0.0043096743,0.0067695025,0.9889208
620cb233b187e046377ec9f88fbdd3b9,1,not satisfied,not satisfied,0.9403838,0.055736247,0.0038799413
be964e6761c4f3e2f3cda55a7678bb5b,5,satisfied,satisfied,0.0044412822,0.008562813,0.9869959
e99a8a8cef7cb965abf9f766f3a5f5ba,4,satisfied,satisfied,0.033354282,0.45026612,0.5163796
6d0e9c75daf6489d13e4b4249252685f,4,satisfied,satisfied,0.007054972,0.018393682,0.9745514
dc6f73c8d1d691ad8710f815e0f82e2f,3,neutral,not satisfied,0.6214286,0.3653689,0.013202445
9b5b44c3db03c4d3f5aa70eb561e5dfc,1,not satisfied,not satisfied,0.9616064,0.03333541,0.0050581982
2155e376161afcaacb96b410b66fe8de,5,satisfied,satisfied,0.00401085,0.00634079,0.9896484
959a2a02eab400bf5bedd4203dc99da5,5,satisfied,satisfied,0.004143701,0.009848834,0.9860074
ed6e329ab2159d2363ee20768baca32a,5,satisfied,satisfied,0.02987525,0.23986067,0.7302641
9b082cb2730a66a37fe48923dc0200e7,5,satisfied,satisfied,0.021636043,0.10413744,0.8742265
da79dab003e3396538bb58e5d297a9ce,5,satisfied,satisfied,0.006423569,0.009348408,0.984228
7afec7bb1affe591468d8b2263cc3718,3,neutral,neutral,0.12400403,0.74319005,0.132806
76f842e84b8451628e9bdc4dea1c6923,2,not satisfied,not satisfied,0.59858257,0.38240942,0.019007957
8d2f7de365c9ac6fdc8a4dedec8e7124,5,satisfied,satisfied,0.00473634,0.008566112,0.9866976
d80db64c2b0d4c4110d5d098cc546d72,5,satisfied,satisfied,0.014895744,0.05454395,0.93056023
fb534e8be4b1230a7838ebb4f9870223,5,satisfied,satisfied,0.004776271,0.0098076025,0.9854161
ec012cd34dcb1b2670e07c7bc651a7f1,5,satisfied,satisfied,0.010018622,0.015037228,0.9749442
2c969e8e6b091aae503c82d35d582ba6,1,not satisfied,not satisfied,0.8787368,0.1163816,0.004881568
94f3522574e2968918fcbe3116f0cd83,5,satisfied,satisfied,0.004335852,0.008818917,0.98684525
0c5bdaf00521755ef3b7c9910d2bcbe3,5,satisfied,neutral,0.1077344,0.7623985,0.12986708
4c2142d6db8b2c7fd12ac53d2d692de2,1,not satisfied,not satisfied,0.9487386,0.047528896,0.0037324487
37f3cb2ce46b48161f98b2d218899aa5,5,satisfied,satisfied,0.0044827284,0.011913136,0.98360413
d0552f823b4f43ab42e529935633999d,5,satisfied,satisfied,0.00537464,0.01668198,0.9779434
dba6bf4d28ef23f58915ad50deea6745,1,not satisfied,not satisfied,0.9498415,0.045758154,0.0044003506
5de1c077b4c2f5c9a2cc9f7405cb4c5e,4,satisfied,satisfied,0.0077003078,0.028599648,0.96370006
f549df10eace94244f5b59c37cbdebbf,5,satisfied,neutral,0.10404874,0.84663725,0.04931401
1ed43b6a75fdabc22f54bb4c81457768,3,neutral,neutral,0.07090042,0.75626284,0.17283669
e5d52017a867463a72ef2a4030daba19,5,satisfied,satisfied,0.007233116,0.014430041,0.9783368
6ac9ac896f09e2d859c8ddb9cfda8a5d,5,satisfied,satisfied,0.007393758,0.020148529,0.9724577
8308a6ab71f1354715b558c03c035851,3,neutral,not satisfied,0.61217487,0.37684956,0.010975675
a48fecb086009c3eb2352645e763ed0f,5,satisfied,satisfied,0.0064215166,0.026730848,0.96684766
9016a88a18d9391e5f9efeaa56e7e14a,5,satisfied,satisfied,0.0037359693,0.0078187715,0.9884453
f35ffcd191f61b247df1b7491ea40be9,5,satisfied,satisfied,0.0041820128,0.010011975,0.98580605
fb89335c656a789c2b94bb2b03770f0b,5,satisfied,satisfied,0.0046166517,0.008161638,0.98722166
47e044ee6cc1ff91143f07bfd8ac8400,5,satisfied,satisfied,0.005040395,0.008325413,0.98663425
5b5be7f8efd9157d25fac433028ab78d,4,satisfied,neutral,0.1292854,0.78180265,0.088911965
bea5fc41e4e69015adbe4af417e289e4,5,satisfied,satisfied,0.0061748074,0.017678563,0.97614664
e5356798c36f2d8f3c94fd479abc121f,4,satisfied,satisfied,0.06543558,0.5516571,0.38290736
b173bd1951a0ae871279f6a258365e37,5,satisfied,satisfied,0.008302705,0.02695048,0.96474683
b76581819c404a0bd8c0314a27d372de,5,satisfied,satisfied,0.0045594363,0.007933119,0.9875074
a544c22714cc1320f7387bb65df27dad,5,satisfied,satisfied,0.004282063,0.008259419,0.98745847
f36ac1d38178977dd7a2503a1aa319ab,2,not satisfied,not satisfied,0.49555936,0.48221004,0.022230579
a4f07632fb6d84080857721116d8e8a2,5,satisfied,satisfied,0.004824946,0.013922706,0.9812524
43238ceab5c9f92a52b4d0eb11bb84f7,5,satisfied,satisfied,0.003942951,0.008975937,0.9870811
ac004461eaba16a0e3b0ca96ea0c2a88,4,satisfied,satisfied,0.009092117,0.072777145,0.91813076
3ea7cf5257b7c3b37627fe37d7320062,5,satisfied,satisfied,0.025351265,0.0833163,0.89133245
4a6c18d063e559804c64f9e953b4d57c,5,satisfied,satisfied,0.0046809586,0.01091302,0.984406
f744b660f3677f68b8c96cecaa53438f,5,satisfied,satisfied,0.0052658143,0.01501014,0.97972405
b839d32d0ff4d761e2d53932c3f46213,1,not satisfied,not satisfied,0.9540841,0.041190427,0.004725444
be297316fa2e58a0c2b8f9774b5fc5ed,4,satisfied,satisfied,0.008809303,0.045522913,0.94566786
313702e05322d046e5c604699a00ca86,1,not satisfied,not satisfied,0.83317935,0.1607416,0.0060790754
69178ad0822378ca107a0eb8c63b6578,5,satisfied,satisfied,0.0041769096,0.0073583852,0.9884647
9dd0a1a009d688d4ef6671ddf7fac044,3,neutral,not satisfied,0.6028726,0.38487464,0.0122527955
345f12202386a587cfc0269cd42722b5,5,satisfied,neutral,0.23166977,0.6361745,0.13215566
80376b8f3711fa0c4852cf0f37d7a975,5,satisfied,satisfied,0.0064211423,0.009430429,0.9841485
3947e752c050a394e2b66c2355609a40,5,satisfied,satisfied,0.0085548265,0.04541836,0.9460268
585d5f0fe24a963876d9500827a4de46,5,satisfied,satisfied,0.00467707,0.012599093,0.9827238
76deb2b446f9ab9dbedbd20ff47a9bb8,5,satisfied,satisfied,0.14346203,0.3283358,0.52820224
da576fe1f8d7cc71e38aeba0a1afb1e6,5,satisfied,satisfied,0.009591315,0.017740084,0.9726686
e7ce2004d0cd283a029e537788005ffe,5,satisfied,satisfied,0.0044237045,0.012416451,0.98315984
67c3d4c051e3755642e513d95d9ceadb,2,not satisfied,not satisfied,0.92246914,0.07211899,0.005411788
9c249e6622a2a129d93383853996c00f,5,satisfied,satisfied,0.0071609067,0.010473792,0.9823653
bbf69bea34297cd8554c6abaddebedb6,3,neutral,neutral,0.16673933,0.74122304,0.09203762
b19251d61ca2f7ee6fe6f6d592ad5cac,5,satisfied,satisfied,0.004445392,0.009141713,0.9864129
072b02798e807f99e1e67e007ea780e3,5,satisfied,satisfied,0.005302758,0.00755251,0.98714477
4ab982e2732ee20b6a5c75642442fc00,5,satisfied,satisfied,0.0045456663,0.010002509,0.98545176
76adcdb9a6e53f3eafc76f0794b86218,5,satisfied,satisfied,0.006319256,0.01824872,0.97543204
5cd8763d434ee2fec2994462f2c02deb,5,satisfied,satisfied,0.0054056277,0.009024381,0.98557
313959c800de7d2bb30b707d97edcbc0,3,neutral,satisfied,0.018687658,0.15487547,0.8264368
fd32fe35a5ec2807463e576e3d7fd17f,5,satisfied,satisfied,0.006131385,0.014589408,0.9792793
10ca676e3001925c5d6caa78ff75816e,5,satisfied,satisfied,0.0038518026,0.007813968,0.9883342
8c1b93ac59a7bd9513218390420bbd38,5,satisfied,satisfied,0.0074983686,0.031519327,0.9609823
65021a69621024533374d824949e0c7c,5,satisfied,satisfied,0.0045405743,0.009412327,0.986047
2c4eb32d8733610f768e4a2581ad1763,4,satisfied,satisfied,0.025910176,0.09209748,0.88199234
d0ebf234cb461db7693a0adaf21f8d34,5,satisfied,satisfied,0.0035414994,0.0073704585,0.98908806
f4fca79e285b822a80ed4fa865dfa95f,5,satisfied,satisfied,0.0075444165,0.034346953,0.9581086
84f3413d267db0af4e933b7a074d9497,4,satisfied,satisfied,0.00473189,0.011273737,0.98399436
92d46bd32bc9600ab03fc6f5bfb72e0e,5,satisfied,satisfied,0.0043220744,0.0077914796,0.9878864
258f89da32f7cde5a62c7539fa403227,5,satisfied,satisfied,0.006738886,0.01502302,0.9782381
83ff05025f76886a92773a98f06b73c6,5,satisfied,satisfied,0.005735786,0.010333395,0.98393077
75dc427f921f2894635fcf63720b28bc,3,neutral,neutral,0.06527427,0.78062916,0.15409653
ff361e23e2ff33e5e8e22990daa5be49,4,satisfied,satisfied,0.062163625,0.6520493,0.2857871
8aee24d6e4905572d9c2a2b50183614a,5,satisfied,satisfied,0.024147984,0.14533192,0.83052015
8488abb48b7f2686d3e9bf6ff9292995,5,satisfied,satisfied,0.004910013,0.013584412,0.9815056
afc69ec321a9c4dd39c15832f8cb96c0,4,satisfied,neutral,0.24423555,0.7268969,0.028867507
9da68765f52cc289ccfeabaaa187d889,4,satisfied,neutral,0.21308568,0.7425206,0.04439385
f48557637e66d160413041affc8799e0,5,satisfied,satisfied,0.004995607,0.009139143,0.98586524
b76337c8308ff4e9b86fe763e711c127,5,satisfied,satisfied,0.004465873,0.008054971,0.9874792
6b405b044647a7077e2ff37ca515559f,5,satisfied,satisfied,0.006140144,0.016068686,0.97779113
ee939bf86ba1b69caae6b8267cc17a89,5,satisfied,satisfied,0.0062853033,0.022854865,0.9708599
a6267304d23523fe132179a86345559a,5,satisfied,satisfied,0.0074347705,0.035688147,0.95687705
cfc952e881f251424e9f9d01f7eaa754,5,satisfied,satisfied,0.03166333,0.21220048,0.7561362
ec86d992b07d0f197515dee39bacff78,5,satisfied,satisfied,0.0051795137,0.018105868,0.9767146
7bc7a4e2e012d533b7366ade4e20f5c7,5,satisfied,satisfied,0.003833413,0.00760073,0.98856586
772cb38d79cf29e991909b693ec733c9,5,satisfied,satisfied,0.0046672,0.007995809,0.98733705
00234972efbc0677c4106e0785b7b141,3,neutral,not satisfied,0.71088374,0.28041425,0.008702001
f8a69982d767aa605896e5bde39ee6dc,5,satisfied,satisfied,0.003947017,0.0074124173,0.98864055
7b5a2fd06dace68bcb151b6933a221f5,5,satisfied,satisfied,0.0070425314,0.013157288,0.97980016
e1c25b4c7e0164cee9b12ef5e408d0ad,5,satisfied,satisfied,0.008316166,0.02097735,0.9707065
454b580fab1c32c49696ed82b8db9d48,5,satisfied,satisfied,0.011723692,0.050596546,0.93767977
42ebc02a8010417f5630dc913c0b4b90,3,neutral,not satisfied,0.46683303,0.4701765,0.06299047
d2ad7261e570bee32b488250524fe040,1,not satisfied,not satisfied,0.91434,0.081668966,0.003990958
66d205f9cd35e5c8b75488466a15feb7,5,satisfied,satisfied,0.005197924,0.01069723,0.9841048
56d3bfa290364df1dc177293d000c204,5,satisfied,satisfied,0.006136607,0.0131282415,0.9807351
a07900376ab49d29fb0b16600a923c3f,3,neutral,neutral,0.2968708,0.6305515,0.07257773
c07e105866fd439d1104580ddef758f4,5,satisfied,satisfied,0.0062006884,0.018429738,0.9753695
767607b43470f55b1c936854db2f5d8c,5,satisfied,satisfied,0.005880282,0.013247578,0.98087215
9349101d8ccfd3332b681a99067f0a63,5,satisfied,satisfied,0.006134734,0.010883455,0.98298186
f6fda906eb2b93a79af2c81eeb521f20,5,satisfied,satisfied,0.003863761,0.0073792743,0.98875695
0bbac720ac6e6354e370f3bc500b2832,5,satisfied,satisfied,0.0050554746,0.008438372,0.98650616
dc15d4e98ae045fb0bdb26c3bc4648ec,5,satisfied,satisfied,0.007706832,0.020533863,0.97175926
2f59cee34bec1faaa967f18a556170a1,5,satisfied,satisfied,0.003957251,0.008074824,0.98796785
cd785d961592bdeb798ef4bb9a24231c,5,satisfied,satisfied,0.004255859,0.009653327,0.9860908
17444cfa1f822172e466f4423232f821,3,neutral,neutral,0.17444104,0.734178,0.09138093
398a108b2eede4c5713e3b5c4b91f3dc,5,satisfied,satisfied,0.0054578735,0.012674631,0.98186755
5973a47c67fee6a245f20b6454ef8e58,5,satisfied,satisfied,0.0040747337,0.007975355,0.98794997
c2c8cef70122b663fcda30e8ebbea957,3,neutral,not satisfied,0.637989,0.35361758,0.008393439
7c67f0245cb1ddae684208121a4cdd59,5,satisfied,satisfied,0.0046217768,0.011800145,0.9835781
4a94e98d1c3cd3369e4d8806c9523574,5,satisfied,satisfied,0.004001877,0.008177596,0.98782045
e80a68411feaf44bac776366dce9883f,4,satisfied,satisfied,0.013390294,0.10704377,0.87956595
96a8adcd002e88c185b34580cfbedfe0,5,satisfied,satisfied,0.0064424607,0.013863976,0.97969353
6a9dc0e42f89a237e89d0220230c8d36,5,satisfied,satisfied,0.0048479536,0.010471405,0.9846807
31b4471ca4dfde486fdb1e136e75101d,1,not satisfied,neutral,0.36885607,0.5901068,0.041037165
42b724bcb041498baee4dc00653b6c64,5,satisfied,satisfied,0.0037313453,0.0067049116,0.98956376
3ed00fde828828849872f69bddf99d23,5,satisfied,satisfied,0.008315093,0.018874055,0.9728108
84cc9039854baee6ce362039f1e908a9,5,satisfied,satisfied,0.009155111,0.042703703,0.94814116
5875212197100b4717c818cb8c424988,3,neutral,satisfied,0.13164169,0.64145786,0.22690047
2a50224b2d4bd6964eabd8a75faeb432,5,satisfied,satisfied,0.01860815,0.1961587,0.78523314
d2346c73640367e4753a13ba3a302843,5,satisfied,satisfied,0.006177388,0.011137048,0.98268557
b953ed6e7968869c17d8798c97cc904b,3,neutral,neutral,0.19648486,0.74314976,0.060365353
d0b58727cefa66dff643c76a72379f7c,5,satisfied,satisfied,0.004611358,0.009892195,0.98549646
1c34ee164f50c23b67a15ab82c61f9a5,5,satisfied,satisfied,0.011123928,0.09396134,0.89491475
11ad8e326edb9c1f8dff49c08a3302dc,5,satisfied,satisfied,0.00605821,0.010918316,0.98302346
78b38e63034e8fb0e18612106e9045a4,5,satisfied,satisfied,0.0042849937,0.008880178,0.9868348
355740ba821a37b58f8c16712462753f,3,neutral,neutral,0.19433793,0.6656992,0.13996285
47b0d4f67a8ee792f0d1531b6329b9f0,2,not satisfied,not satisfied,0.579295,0.41093484,0.0097702015
75fbccab60504604e4b24a5742ee21ca,4,satisfied,satisfied,0.00540774,0.016418766,0.97817355
01b43e48bd1bf1640c5a01e7e3232351,5,satisfied,satisfied,0.0039685788,0.0068230415,0.9892084
d75e0481084498fa0c641ced20f979f9,5,satisfied,satisfied,0.0275926,0.293534,0.6788734
35eb83317875d82adf7091368f6f894a,4,satisfied,satisfied,0.0041312557,0.011914816,0.98395395
cc8745d4fe4f7c9783625bda48bf98dc,5,satisfied,satisfied,0.0119784735,0.059425946,0.92859554
e1ab2c47d733f932b98c669dfb569f86,3,neutral,neutral,0.111139454,0.8162842,0.072576396
9d1d98c135a75de4b8924db9ff03f146,2,not satisfied,not satisfied,0.81244975,0.18037346,0.0071767867
94bfdb639519110a4f41da61a6aa2206,4,satisfied,satisfied,0.060102507,0.71679395,0.22310355
a658dd649aedee513f382823484c34d1,5,satisfied,satisfied,0.012508158,0.020781783,0.96671003
66225292b7a7cec7bbff76323fa2fc18,5,satisfied,satisfied,0.006053818,0.019909326,0.9740369
0e4a0b53278a2ac3ce2eb6d45e9bf737,5,satisfied,satisfied,0.008226824,0.015149045,0.9766242
bdd471439902b19f7e360c5a5398e064,5,satisfied,satisfied,0.0050259344,0.013161716,0.9818124
f06aa026551ae38bf0d3aaad8350aa90,5,satisfied,satisfied,0.013760027,0.077605605,0.90863436
cfdd2ce142a5f3f0323a8e7dd5c3adba,5,satisfied,satisfied,0.0066061392,0.01387819,0.9795156
98a5476d2cb79888573aaed891ddd4b3,4,satisfied,satisfied,0.12547012,0.6716758,0.20285402
2d9968a9f6d571b75223d6367960bfab,4,satisfied,neutral,0.09128712,0.7514533,0.15725954
67780512db6558de9a59f41d371a8650,3,neutral,neutral,0.38313058,0.59536725,0.021502133
d748791019387cdaf915c2e73ea8d951,4,satisfied,satisfied,0.011943458,0.024437467,0.9636191
9b35d6aa52acbae8e9a33f74d5b9d229,1,not satisfied,not satisfied,0.9621957,0.032684993,0.005119338
a85034be8009f9b0afb126210e0b9669,4,satisfied,satisfied,0.13317496,0.5922064,0.27461866
a8fb6033c2a485e716f715cd6d4ee3c7,5,satisfied,satisfied,0.0051388806,0.009895264,0.9849658
a87a033a24389bbe4be67f318b6e05dc,5,satisfied,satisfied,0.0061047445,0.009087918,0.9848074
039d6c3b7fe24b8a1257bbf0b487556c,3,neutral,not satisfied,0.58217454,0.40668085,0.011144529
d82e4c9f46551b039e8c35bc948ce27f,5,satisfied,satisfied,0.0039061902,0.0072539574,0.9888398
3d672264622acd4cb31fa458f8fb899e,3,neutral,neutral,0.2100766,0.68738264,0.102540724
66af39101b4247641021d11d878efd4e,5,satisfied,satisfied,0.0063211024,0.01598995,0.9776889
0c7077f631e59253a02b6c17bbd91c71,5,satisfied,satisfied,0.005377014,0.011048859,0.98357415
786faf23bd7df3ce6eb8d7b28c7f0cd0,2,not satisfied,neutral,0.31652898,0.66325456,0.020216454
a00af526a84a8aef64c98d493109e200,4,satisfied,satisfied,0.006517657,0.015404749,0.97807765
6d9053c4998191eb26ea128ff62d8662,4,satisfied,neutral,0.28187588,0.6907134,0.027410755
6bfbfebe7a404fb83deb2877b8ab16be,5,satisfied,satisfied,0.0076571098,0.031723753,0.9606192
18e5a26e852eef3e83dfe8313eae3fc6,5,satisfied,satisfied,0.005909543,0.01325205,0.9808384
18a262a83ac01b44035367309de57101,5,satisfied,satisfied,0.018961657,0.14560074,0.8354376
6a691f1313135fe64ee290609cb730c5,5,satisfied,satisfied,0.006039612,0.017632416,0.97632796
942e161ded51af35f10a89c67f144b96,2,not satisfied,not satisfied,0.9347987,0.061441734,0.0037595062
53952aca9e65dd0fe885932fde65d29e,5,satisfied,satisfied,0.015250998,0.02911625,0.9556327
fd206731a7e480bb01ae0a1b6651e40c,3,neutral,neutral,0.14477085,0.82473254,0.030496566
accfbc39124b22fe2ea5fefb4c8ec5a9,5,satisfied,satisfied,0.008170587,0.024670707,0.9671587
7dd14526b7743e23eb2a1f6eba6c8f1e,5,satisfied,satisfied,0.00465157,0.009534068,0.9858144
b23a43726d7dcfb135718f14e2ca3957,5,satisfied,satisfied,0.026819369,0.32700026,0.6461804
5ac16bfda1f10056f35ef6c3b1e05db9,5,satisfied,satisfied,0.0042834673,0.0073801214,0.9883364
e457ae6d4b783d7870ec4d566d22437e,5,satisfied,satisfied,0.0053135627,0.0164928,0.97819364
e2ee0898fa277056264b4eb6df7d42ab,1,not satisfied,neutral,0.09388487,0.8329279,0.073187254
194b84aad9c1e6a0249dac3dcd8db887,1,not satisfied,satisfied,0.064943664,0.5909025,0.34415382
d536dfd86db83346508a479a23f13218,5,satisfied,satisfied,0.011532865,0.021189263,0.9672779
43247a56a311b49731800dc09c526c38,4,satisfied,satisfied,0.010705112,0.049415786,0.9398791
c04085c9a0a1cfd9d7c51bc64a2d6711,4,satisfied,satisfied,0.019951643,0.18896513,0.79108316
83c718558deb6fe2db2a2e56ea26b92f,5,satisfied,satisfied,0.003909991,0.00736295,0.9887271
0ab3e26b860e3c57bf37726aac76fdf5,1,not satisfied,neutral,0.28847456,0.69232094,0.01920453
d2aab0b510152b4bb4878f728296404f,5,satisfied,satisfied,0.0050829668,0.008120308,0.98679674
8f81ce2d676ad658251d4cbcd4306b12,5,satisfied,satisfied,0.006630061,0.0103790965,0.98299086
8c35bf3911240d5e90542860c7a1d595,5,satisfied,satisfied,0.06545884,0.20043965,0.7341016
52721a23c6353c380965d31d9ad94f24,4,satisfied,satisfied,0.07699199,0.23745607,0.685552
96c2c862f05d66602edde8e0d632bb1f,1,not satisfied,not satisfied,0.84348637,0.15095897,0.0055546933
a49eea810502fe7fa4b105c33ca65fdf,3,neutral,neutral,0.14028262,0.80027366,0.05944363
457699eac6323e9c45f1d38afcb1a68b,5,satisfied,satisfied,0.005633177,0.019565912,0.9748009
5416d73c56200f293613b3c9ac471b79,5,satisfied,satisfied,0.0043749986,0.0090765655,0.9865485
ce662378809c4195e1e24a926e501df8,1,not satisfied,not satisfied,0.47016478,0.514878,0.014957247
f4b990a20ddcfe6fb409c7c3f814c413,4,satisfied,satisfied,0.021915138,0.21618222,0.7619027
d3796a6884db8f0aa70ec3ccc7b557f7,5,satisfied,satisfied,0.005245057,0.017631946,0.977123
48905a246d62b98ff94a84b9f32be25c,3,neutral,neutral,0.39518312,0.5811265,0.02369043
d8404e5b93cec989c92475950e211d60,5,satisfied,satisfied,0.004178895,0.009187875,0.9866332
31d8fea8a75df167547c2d653f907869,4,satisfied,neutral,0.07564361,0.843624,0.080732435
2c1b8d71a6aa108a4e7a4cf565603eb1,5,satisfied,satisfied,0.004256644,0.007942135,0.98780125
9e5754c3528fd5018e1a3f4ebee97188,5,satisfied,satisfied,0.0405633,0.3822471,0.57718956
d797a14fd1a49093fa9052c4b99901a7,5,satisfied,satisfied,0.004717444,0.0066490374,0.9886335
12cfbaa313bf8df3c66000e2b5f2888e,3,neutral,neutral,0.20763883,0.66925126,0.123109914
b6aa903e9b0b1e8d96a8c72bd9c9754d,5,satisfied,satisfied,0.0093748635,0.05994453,0.93068063
b88ede1125f59a278045ca01254de436,5,satisfied,satisfied,0.004488625,0.00833432,0.987177
4a3a7c767956ad55ca9cfc9a7d0aac23,3,neutral,neutral,0.10824319,0.7354629,0.15629394
2dca6e4b52f2d636fbecc61a5bc61245,5,satisfied,satisfied,0.004917479,0.014578746,0.9805038
b654ff8227dad98922a701d3ef564d6c,5,satisfied,satisfied,0.005853529,0.0150448745,0.97910166
f0899ec66c67a781a9f4a9d739574c8a,5,satisfied,satisfied,0.0454409,0.60515946,0.3493997
c1b514a20bb8206f2d84f3359d9d3673,5,satisfied,satisfied,0.004885488,0.012607022,0.9825075
e528aab580be6b00babe2ea64d5a4235,5,satisfied,satisfied,0.07147715,0.69897705,0.22954579
849e5ab51505de97cee9aca2b9d853ff,5,satisfied,satisfied,0.0052088043,0.008038535,0.9867526
4782d76a700e5c48536eece038ee43ed,4,satisfied,satisfied,0.005984354,0.016845547,0.97717017
8d362f3e75cd6c1fef9d9be7c663c497,5,satisfied,satisfied,0.005177613,0.011256535,0.98356587
b0e18c8ee7c3c567b659af3c55ed605e,5,satisfied,satisfied,0.0042129573,0.010386305,0.98540074
f296160e9719e3b1eb23c7e2d2f4c994,5,satisfied,satisfied,0.032683685,0.20524645,0.76206994
3ef4e82eee67bb8f299015db5d5f4343,5,satisfied,satisfied,0.0042002117,0.0069357776,0.98886406
031e20cdb470cb46eddb8035c368f807,3,neutral,neutral,0.16705507,0.7936499,0.03929501
7e8048019681d59b18a45964b49823e8,3,neutral,neutral,0.17490564,0.768365,0.056729402
33445cbcaade96f24e3b421e6974123f,1,not satisfied,not satisfied,0.955602,0.03980688,0.004591102
cc3ce6895b333260c1e3feb9f36989a9,5,satisfied,satisfied,0.004322482,0.009482632,0.98619485
60d6e1005b021d904ca1e8c1bacae65c,1,not satisfied,not satisfied,0.9323754,0.06305829,0.004566407
c5ccd5c3752719bf47b36237db87e8f1,3,neutral,not satisfied,0.9249753,0.07114447,0.0038802316
1d462efd50de4e3fc908596ad48408a0,4,satisfied,satisfied,0.060712527,0.68721884,0.25206867
cf0dd1d6c17b174fef3a8e989c31b4ed,5,satisfied,satisfied,0.0053218105,0.0136901215,0.98098814
ab3a621734498d5dfe9feccc2e4d9b5e,5,satisfied,satisfied,0.0067755114,0.026343534,0.966881
3b148d281efa7cbf21559606c304d9be,5,satisfied,satisfied,0.0050113085,0.011096286,0.98389244
b149d081cab5869dbbe6aeb9c33043da,5,satisfied,satisfied,0.005876605,0.016986115,0.97713727
e420be794ca45d3d6692043abd4ef3c8,3,neutral,neutral,0.10119123,0.71350145,0.18530732
91596fbdddd91dc6919d63d6dc0f2316,5,satisfied,satisfied,0.006018204,0.014277711,0.979704
efa14b55d546203cf7a7b70c623e5e9e,5,satisfied,satisfied,0.005746575,0.018891277,0.9753621
f12b14e1400c469ddc2be9ec89d01bd2,5,satisfied,satisfied,0.0044121854,0.0076881372,0.9878997
dc1870547c7d2d9bed06001c65614502,3,neutral,neutral,0.2514515,0.7198338,0.028714716
4ee03f796fc779af40c4e7595382a8cf,5,satisfied,satisfied,0.0043494357,0.008049415,0.98760116
1fb00f1edfba5aecd2738be2fc303090,5,satisfied,satisfied,0.005824577,0.011268953,0.9829064
8b6516ad454127ca45c57a91ba4fb113,5,satisfied,satisfied,0.005676081,0.009631024,0.98469293
a816a228504198c33265e6be7388e11b,5,satisfied,satisfied,0.004944564,0.0150681725,0.9799873
163f8116d7f12f938e22f28572a2a095,4,satisfied,neutral,0.11143289,0.82801855,0.060548577
48c275ab60eaec00091dce60a59e2871,5,satisfied,satisfied,0.0054050526,0.01863368,0.9759613
336d7ea8e43f245e705c68f69c1a0b3d,5,satisfied,satisfied,0.0037548235,0.00826216,0.987983
0fab53aad84e2c05bc2cc74cdbf1d316,5,satisfied,satisfied,0.016167648,0.06657769,0.9172547
46a15d21d3d3827c7fd08a8bc042e0cf,4,satisfied,not satisfied,0.64437735,0.3382726,0.0173501
7e3789fb3232d8ec54b12813cd64170e,5,satisfied,satisfied,0.005104596,0.00784223,0.9870532
895a26e8f34463093f3437497e3eccb1,5,satisfied,satisfied,0.0115031805,0.048593026,0.93990374
413f7961f845a4c1d4ff89c95e4cb10a,2,not satisfied,not satisfied,0.9291659,0.066728346,0.0041056913
0926e57c11475d78583f3d6087383451,5,satisfied,satisfied,0.014201984,0.050799463,0.9349986
c1fe5f4d6b71d9daea06367de153d2a5,5,satisfied,satisfied,0.006440341,0.015147178,0.97841245
854355e618d2370d8093389ba8955ff6,5,satisfied,satisfied,0.0049909926,0.010485496,0.98452353
0bc2b89de4f99fba94622bef5df2de8a,5,satisfied,satisfied,0.011468187,0.03789222,0.95063955
82c2a217025e6aaf514ac7058d78e266,5,satisfied,satisfied,0.006056464,0.021314701,0.9726289
42bd8d9bcd592cb60c8f6f9274106bf9,5,satisfied,satisfied,0.020665705,0.08684798,0.8924863
ab2e7dbafe18bfe3d898205183f1b682,2,not satisfied,neutral,0.19766144,0.76049435,0.041844204
33f830ac44b7aa2da0ffef554b343474,5,satisfied,satisfied,0.0055060936,0.016099393,0.9783945
04cec014656e144ab8d196a993be0864,4,satisfied,satisfied,0.009915843,0.055357352,0.93472683
d59e35c416e9fec6f1bf4418c49e1aa7,2,not satisfied,neutral,0.30767354,0.66815567,0.024170764
ef668da82f4acb15cd3418c08b8d42ab,5,satisfied,satisfied,0.0056097405,0.012617343,0.98177284
9234f9e20771ac1e721c5fcf90e4a01c,5,satisfied,satisfied,0.004344142,0.009512498,0.9861434
5e34c397a9389675c9b899d8f07712cf,4,satisfied,satisfied,0.006172752,0.011823551,0.98200375
88b4eb01887f0435097515daae70ee31,4,satisfied,satisfied,0.05984078,0.55915445,0.38100484
8a5a1891d430a560b97a615509ddf2e4,1,not satisfied,not satisfied,0.95563215,0.037722938,0.006644814
5672ab6838dac19bfb1bd78ddeab29c8,5,satisfied,satisfied,0.0044500646,0.010505244,0.98504466
15c54eab356964fd2e09551d3965e44b,5,satisfied,satisfied,0.004778081,0.012391673,0.9828303
d982dbf2482cbc8e927ebfef10a03ed7,5,satisfied,satisfied,0.004557859,0.007968372,0.9874737
050de8e76e86fbe28913b869ba577d6a,5,satisfied,satisfied,0.008070237,0.012612104,0.97931767
d00174848856a12620023cbcead0a53a,5,satisfied,satisfied,0.005890637,0.0096991025,0.9844103
d4692491a0826551c0122e353f32bb36,3,neutral,neutral,0.16115633,0.6454127,0.19343096
ae73e5e8121944cb017b0dd07d9d21a4,5,satisfied,satisfied,0.005314373,0.014044463,0.9806411
f9ac28cf3fcc5ae852f2d56389e8562f,5,satisfied,satisfied,0.0056150244,0.009380646,0.9850043
e3dfaace2e4dd7617140f16d1f6f6fb3,4,satisfied,satisfied,0.004954225,0.013438127,0.9816077
d9b49bc5b2cf14f52be4bf0aca382bda,1,not satisfied,not satisfied,0.4722624,0.50973815,0.01799943
d76be845e3a6bd1aabc6ed8161a82a9d,5,satisfied,satisfied,0.03357725,0.18660928,0.77981347
d53915be9cb8f80570942e92f99b34f0,3,neutral,neutral,0.072298504,0.81466067,0.11304086
1bfe11a03b1b80d024f57529b2cd3cfc,5,satisfied,satisfied,0.0036841263,0.0070324684,0.98928344
1d78148441f69d4e183169bdc6a6320d,3,neutral,neutral,0.14596005,0.7206873,0.13335267
ae15385330e57b33256eecdab3277bf7,4,satisfied,neutral,0.098194465,0.72559416,0.1762114
be5c66b22661d0b6654050eff31ccaa8,5,satisfied,satisfied,0.005289288,0.010009975,0.9847007
ce849f52214cebc32916559b875c99b3,1,not satisfied,not satisfied,0.6525474,0.33549297,0.011959598
1dcb09cdf520832d043ead7ff4a66451,5,satisfied,satisfied,0.0048810653,0.010580001,0.9845389
39e382abf70f8542bcd4734fd32a915f,2,not satisfied,neutral,0.0880957,0.7485543,0.16334999
73869d46c0246f05437332af2877e5c8,5,satisfied,satisfied,0.0065686917,0.010229141,0.98320216
d03e8a6f11db10e9aac5d49212ecbb4f,3,neutral,neutral,0.07826427,0.81906605,0.10266972
1b6483f7bd74e9510f6302bee6c9a456,4,satisfied,neutral,0.10453609,0.79421014,0.10125384
bf1ef250469fcb50aed1783ef18eb804,5,satisfied,satisfied,0.0038839658,0.006910157,0.98920584
9c358b3d6048952e8e961a7599dc9fc2,5,satisfied,satisfied,0.0048164,0.008908114,0.98627543
b2c42efb02c3491c7382a862f5dde914,5,satisfied,satisfied,0.0071932464,0.022687064,0.97011966
db406ef6bbc4950316972844b5b28c61,5,satisfied,satisfied,0.040854704,0.20885077,0.7502945
043d220b890d3d8847b89c32edb4d1cb,5,satisfied,satisfied,0.0056270557,0.01203631,0.98233664
669aefb8fb65afa39a4fa5daadb508ad,5,satisfied,not satisfied,0.53811485,0.44324005,0.018645143
c910645771e847450fb7abc9a469b9ce,5,satisfied,satisfied,0.0058983625,0.0131965,0.9809052
0a8777004e86b1ddafcd8e780578f01e,5,satisfied,satisfied,0.0044684377,0.010674854,0.9848567
e7b9d326bbe52d58241483a1a3106c79,5,satisfied,satisfied,0.004188295,0.008987875,0.9868238
cbf6c37986afe42cd3a8e5ab405d4e4f,1,not satisfied,not satisfied,0.9173296,0.07880141,0.0038689673
c932b5066e9db25e6caab0e0ffdd9455,1,not satisfied,not satisfied,0.4557647,0.52981824,0.014417092
b9fa21513e0b49d0e99ec72768127ad2,5,satisfied,satisfied,0.0054296856,0.013000157,0.9815702
a8cd1e6e52e31bebe66154a8421190bd,4,satisfied,satisfied,0.010017868,0.0293874,0.9605948
90bd4d97116c75edf2bd956bb3eee4ca,5,satisfied,satisfied,0.004274706,0.009387882,0.98633736
a0d65508d8c8d59b7b0e943c4e6809f6,4,satisfied,neutral,0.080613114,0.8146271,0.10475982
5c2534d39dc459bc3a30f0197290df30,4,satisfied,not satisfied,0.4899736,0.48974878,0.020277634
244e0dc70460c2f1459a57da1aaf2be0,5,satisfied,satisfied,0.012555756,0.064017646,0.92342657
7f502fcb89cb5852f9d2b10c81cd16b8,5,satisfied,satisfied,0.0050272397,0.01500101,0.9799717
d1d9511f879eeeab5e63d9a03ec065dc,5,satisfied,satisfied,0.010914296,0.027745122,0.9613406
f258725fd770236d0255b3d22f0249be,1,not satisfied,not satisfied,0.95463425,0.041573737,0.0037919744
3073f0bbf20424b3ca3af9385eba68b2,5,satisfied,satisfied,0.003956624,0.008042721,0.9880007
148c544f71ea79afd2fed089d6d2be31,5,satisfied,satisfied,0.007818437,0.029302413,0.9628792
8cb8f73c54a7eb8c0cb7f02633c433b4,1,not satisfied,not satisfied,0.81486315,0.17920025,0.005936603
6a5211410f1eb479b9c5b0491e7a6053,5,satisfied,satisfied,0.0041473582,0.0076281917,0.9882244
2eaaa61f3fa897124ba9966644cde319,2,not satisfied,neutral,0.41192842,0.5713158,0.016755769
815e6409bcc6eb1c62dea1fc3c9214ef,2,not satisfied,neutral,0.051935304,0.7951205,0.1529442
a11fbaa84a4b89ce20390f4d4e5de9f3,5,satisfied,satisfied,0.006494295,0.018581701,0.974924
c2ed3cd370d33c06faba7c1d10abd573,3,neutral,not satisfied,0.47813615,0.4987461,0.023117766
0a829921ec2bbc2b68eefd6d4d8bd002,5,satisfied,satisfied,0.004934376,0.011500022,0.9835656
2666054d2d6a19f7f1b2cfd4998d79bc,5,satisfied,satisfied,0.0047921743,0.009076568,0.9861312
13d37a69b1eb17905102f4a54846e9f9,5,satisfied,satisfied,0.007941421,0.014823092,0.9772355
83daf68081c57de6f07ad58595c03a9e,1,not satisfied,satisfied,0.066604465,0.3321226,0.60127294
481c890d49e6264982ac0157a74071da,5,satisfied,satisfied,0.0047667213,0.009069373,0.9861639
ca697a1272473ac410197bddfb851a9f,5,satisfied,satisfied,0.00451201,0.010983164,0.9845048
95ae9e26b389013ba570c78ab4a4ba72,5,satisfied,neutral,0.20711125,0.6998231,0.09306561
2bb272106f83f6640741034b6bacb31a,5,satisfied,satisfied,0.011723543,0.06522005,0.92305636
c36caa565d30fdd32a90b0ca1bfd1a9e,5,satisfied,satisfied,0.004257128,0.008879126,0.98686373
bcf7b82b7519971576549c627353c754,1,not satisfied,not satisfied,0.9508723,0.04559876,0.0035288597
1defac470198dee1b2a35309e0e39558,2,not satisfied,neutral,0.34311432,0.6397802,0.017105468
22e946d71a84dc52c4949d865ad61cea,5,satisfied,satisfied,0.12471112,0.43429682,0.44099206
009180bc79e8089915b92f170c3b90c5,5,satisfied,satisfied,0.0064872354,0.010321274,0.98319155
8a84ae9d76525025d75d46536df8f29a,5,satisfied,satisfied,0.004761783,0.011070838,0.9841674
8224a0d2375957abacb4eea416d01b76,5,satisfied,satisfied,0.005661371,0.013469736,0.98086894
90c928bb91414f1d3c6911cf64f8213e,5,satisfied,satisfied,0.008942733,0.03240116,0.9586561
1d2d6884c6cd97ef3707d5ce8801c0c5,5,satisfied,satisfied,0.0037405596,0.008081428,0.9881781
624318a955558554c1f48ff39d510efd,5,satisfied,satisfied,0.0057505923,0.021577612,0.97267187
d909e574d498b18203bf61777c0cc61e,2,not satisfied,not satisfied,0.50584364,0.48323172,0.010924685
53a39b7adc1724539693e98a85190b06,5,satisfied,satisfied,0.00787446,0.034923248,0.9572023
a1d8f3729c119f5d864731d6cba772a6,5,satisfied,satisfied,0.0071365293,0.018739242,0.9741242
5c5edafcf666cb0b4c8c39880c000231,5,satisfied,satisfied,0.01625028,0.05249531,0.9312544
2bea0820b0d132f9eb3b639c7ecf3ad5,5,satisfied,satisfied,0.0061993683,0.020986507,0.9728141
8bb9d942ae74862799716205cd0f65cb,5,satisfied,satisfied,0.0070279846,0.017785482,0.9751865
42fbf17ab785549a66ab9d77133fa85f,3,neutral,satisfied,0.119124845,0.66811055,0.21276459
6a2abd0e352f07260693f6e69d70a154,5,satisfied,satisfied,0.0040508527,0.00706734,0.98888177
d5cbb66a266cfcd23662c5a870180631,1,not satisfied,not satisfied,0.9603991,0.03422774,0.0053732092
b0cb8eca86561c6ba4e44e4b86158be9,4,satisfied,satisfied,0.008509063,0.020566847,0.970924
f1bcc405c85090ec66be71b9900b6daf,4,satisfied,satisfied,0.04088077,0.43249086,0.5266283
0ce76f0fb281eaab6260cda49ce962c9,3,neutral,neutral,0.27225137,0.7071945,0.020554215
6d86d499a07a535432aa126f2a276f89,5,satisfied,satisfied,0.0040107183,0.009490804,0.9864985
a379f3551863e2fb0d19fb8e3928ce77,5,satisfied,satisfied,0.0066286908,0.015537669,0.9778336
a7684af68a18d038abdd88df60dcf1f5,5,satisfied,satisfied,0.0053640543,0.012160969,0.982475
4e57b05544f0eff5d3fbf0e2319dd8b9,5,satisfied,satisfied,0.089268655,0.23358735,0.67714405
b88cd37830c148cbe78a473000b9e176,5,satisfied,satisfied,0.010908961,0.041804567,0.9472864
7c3bb05b2ad556e9ef577708784d3a3a,5,satisfied,satisfied,0.005030751,0.008386385,0.9865828
5b42d4a553f3084a817e08c11c7c6866,1,not satisfied,not satisfied,0.6745739,0.3131762,0.012249858
0dbc934a109532144662875c7b5d97ee,5,satisfied,satisfied,0.0063895164,0.012247647,0.9813628
2c41a2e67ee30d22d6b451c07b28a281,5,satisfied,satisfied,0.017019846,0.08774315,0.895237
1e20903054adbbc194bf65322a95284d,5,satisfied,satisfied,0.0065150857,0.024860345,0.96862453
3f57fee7c94764d948bb7de4d0f477f0,5,satisfied,satisfied,0.008989134,0.027697645,0.9633133
60bbd5dd280005f0ac20538ce5b8c7a6,5,satisfied,satisfied,0.0064623626,0.00984487,0.9836927
fab2fed119b30b7f9628208311488170,5,satisfied,satisfied,0.003762517,0.008232616,0.98800486
e5d8121fe366a046188fcc16bbc27775,5,satisfied,satisfied,0.004664392,0.011817851,0.98351777
68b0db5d5df4504f9f2d4512ccc93003,4,satisfied,satisfied,0.013034642,0.07841151,0.9085539
f7255c8a8f4031b38a580da9bfdbce66,4,satisfied,neutral,0.0681788,0.7754188,0.15640236
6c8121f5fbf50b7e103a01d370c43623,3,neutral,neutral,0.082747385,0.81668836,0.10056423
5503c7ea6cb509e5add9c7a458c3dcac,5,satisfied,satisfied,0.004673562,0.008724151,0.9866023
4e1931dcf412a369a8529098d566443f,1,not satisfied,not satisfied,0.6524459,0.33674902,0.0108050285
2366c84bb637c4cf397e16e61d027e9f,3,neutral,neutral,0.30273756,0.66436076,0.03290161
3b69ddf9cd1ae24142165fa27e02ae08,5,satisfied,satisfied,0.004032315,0.008310807,0.98765683
a5dfbc20c2bba8813e9895327dae827a,5,satisfied,satisfied,0.014288101,0.088110656,0.89760125
a5e848c302f1383901f1627c17d542ad,3,neutral,not satisfied,0.45447138,0.51773846,0.027790138
ce1940583bf72029787dc49715a97120,5,satisfied,satisfied,0.005824149,0.014520526,0.97965527
ce3413ea2889506b78077ac064c2c328,5,satisfied,satisfied,0.0035186773,0.006998613,0.98948276
61edd100280347deac256e03f0df0ce8,3,neutral,neutral,0.24550213,0.73432386,0.020173935
4599b842fe3e6c4a01cce055c323499f,3,neutral,satisfied,0.050354335,0.6454064,0.30423924
6e0e12733f698bfb8e186e1c1aff614f,5,satisfied,satisfied,0.004923058,0.011316908,0.98376
214dc9e3392f196fb70b0c314b7f271b,5,satisfied,satisfied,0.0062049464,0.011271213,0.98252386
7e1f160804324edd325f4496105382af,5,satisfied,satisfied,0.14467756,0.5815374,0.2737849
ce2343cd4f8d8ac249b6daa4b1b67989,5,satisfied,satisfied,0.0061082346,0.01342306,0.98046875
d8738aa88bf6253908763c7801a3f8cf,5,satisfied,satisfied,0.0048167165,0.008880606,0.9863027
0dc5015d0ba56153336f8e83c669928f,4,satisfied,satisfied,0.0084904535,0.04179144,0.94971806
13368842dce5a5000624555e4dae622a,5,satisfied,satisfied,0.00477668,0.012031608,0.98319167
9246bea911ebc31c783fed00251d99ea,5,satisfied,satisfied,0.015585108,0.044898465,0.9395165
d22a6f1868b18ba0479beef81834ebe0,3,neutral,neutral,0.13410373,0.75659025,0.109306015
4bb125a709e15e6002a55b316601d930,5,satisfied,satisfied,0.0056006243,0.0095722545,0.98482716
b6cfd1a9ab43b239d4246b986edd9e7f,2,not satisfied,not satisfied,0.74781084,0.24463104,0.0075580506
8b2aa620e14271bfe54183c307b975ca,5,satisfied,satisfied,0.003957069,0.009647473,0.9863955
ef89b410017913f4e0fc8c61af6d6af5,4,satisfied,not satisfied,0.8880636,0.10697906,0.0049573914
accd6098e35d7ddb964636923bc276f1,4,satisfied,satisfied,0.031867724,0.39713138,0.5710009
74ef56b72a598884ca1b611ed3dc3bd7,2,not satisfied,not satisfied,0.6072665,0.38407588,0.008657591
f644828f83b88117191183a834e1c886,5,satisfied,satisfied,0.006165407,0.010486451,0.9833482
0504cb583fd4b90b9edf8d3fa6c9175f,1,not satisfied,not satisfied,0.6564798,0.33150294,0.012017301
4476fcb90a5aba853e130f9f7369cf79,5,satisfied,satisfied,0.0063210824,0.010211035,0.9834678
3cb9e38e02c6fcf57f382e6623de23e6,5,satisfied,satisfied,0.082335725,0.638538,0.27912623
d7dd8101869dd672bdccbb0793596d97,5,satisfied,satisfied,0.005485826,0.011977341,0.98253685
7bc95c7207bb206125bcb8e51fc0ef2a,4,satisfied,satisfied,0.0076626567,0.040266316,0.952071
7bf64008128a3434f144d301b32db439,5,satisfied,satisfied,0.0044436576,0.0091348225,0.9864216
a6ade5dbc9c31ce40edef10d2af6efc9,2,not satisfied,neutral,0.25653633,0.68998367,0.05347995
b2c031778f811d4c7bd523037bab9dc5,4,satisfied,satisfied,0.0186573,0.18255524,0.7987875
42790d8e36e427dfab2e03a0e13f2e88,2,not satisfied,not satisfied,0.5386909,0.4503806,0.010928507
6693a5f1207bbc0d449df4af585da665,5,satisfied,satisfied,0.005394447,0.011841403,0.9827641
05793f67daf0ffcc9b061d1835c74cdb,5,satisfied,satisfied,0.0840191,0.5405207,0.3754602
69e2a246eb036c29f284a6e4026e99f4,5,satisfied,satisfied,0.0058801305,0.01628408,0.97783583
70a1730c9968837cdcbb8602ebcc3caf,5,satisfied,satisfied,0.0047327206,0.007728553,0.9875387
1cd0aeac1fa1b9ec534e679ce6e1ec92,5,satisfied,satisfied,0.0057707718,0.009601562,0.98462766
dc135404cb1ac1b9377877dc5342d996,5,satisfied,satisfied,0.005727184,0.011954549,0.9823183
4f22aed7fd35710199ad1c4dab6bd58d,1,not satisfied,not satisfied,0.7282798,0.26432562,0.0073946356
c7cc9447bbb3337e356fa76855ab0e02,5,satisfied,satisfied,0.0040705986,0.010614241,0.9853152
aa9d8f90f87b2f488c10ecefde2d7e3b,5,satisfied,satisfied,0.04722422,0.42457935,0.5281964
0d4598870751dd0318293bf8e0c5b9cd,3,neutral,neutral,0.058181487,0.81348455,0.12833402
9c8a3ba6e5597ea4929a54a991ba6a42,3,neutral,not satisfied,0.6744818,0.31659555,0.008922641
6316f56632b20b1f6678198816851efa,5,satisfied,satisfied,0.004841698,0.008988076,0.9861703
38106ac688a5bb96419b5c94408430d0,5,satisfied,satisfied,0.005319707,0.008190743,0.98648953
e2646d796320ae14390489efc7f22089,5,satisfied,satisfied,0.006687915,0.019436488,0.9738756
bf6b3c6bd0a62892be0bf8b814848ed6,5,satisfied,satisfied,0.0038910026,0.0075358874,0.9885731
46696e34d2b85ee7b49aaaf355a60568,5,satisfied,satisfied,0.005197915,0.014882033,0.9799201
73d22cb3a4fb869f806e75de7cb69b0d,3,neutral,neutral,0.18103944,0.79283625,0.02612424
494b29ef7015a091a071ea4df184e4b8,4,satisfied,satisfied,0.005756744,0.009152483,0.98509073
9a35137ab65a447e7867c30cc66990b1,5,satisfied,satisfied,0.0058608283,0.024427805,0.9697113
6d113203065eaf832c042f49c7d79ab4,5,satisfied,satisfied,0.0060486225,0.030791527,0.96315986
c3bd43d49f09da2e7fe2c94ef3e04c7d,5,satisfied,satisfied,0.006553426,0.013868464,0.9795781
f8a459871fb0b133d9c0d10ff42718dc,4,satisfied,satisfied,0.06180971,0.69655067,0.24163955
8789a17c65556505eee3d1b71fd8e638,5,satisfied,satisfied,0.0046562143,0.013979557,0.9813642
92d2590b14188e7f1453384f1a4135f3,5,satisfied,satisfied,0.0050288322,0.011182688,0.9837885
9b3f97b17985a5eff6f240e202371d2b,5,satisfied,satisfied,0.0070818025,0.010463626,0.9824546
d5d19f29c3f36a4192ba4cf1cca67b6a,5,satisfied,satisfied,0.007338981,0.022469314,0.97019166
8ddb38641a61ea20d4bf8ed174627af7,5,satisfied,satisfied,0.004765369,0.007971686,0.9872629
dbce014f59c1dbd5e582654c98339d1f,5,satisfied,satisfied,0.0054379827,0.015976217,0.97858584
ff330555e42991f6deb19e178dbd3fe8,5,satisfied,satisfied,0.0051555857,0.013409204,0.9814352
ac82e4af5ba752224c3d40223ea150cf,5,satisfied,satisfied,0.0060772807,0.014818418,0.9791043
59ed085f69c541e9d4d62962537568c2,5,satisfied,satisfied,0.0053324,0.012970151,0.9816975
f73d315c7eda33256cf9cc9cc17562e1,5,satisfied,satisfied,0.010684428,0.040517904,0.9487977
5f2382609d03e5cd6244952431b17e46,5,satisfied,satisfied,0.0038528915,0.008371352,0.9877758
b5b3e638e469b55aa6a85ccb178fbf7c,3,neutral,neutral,0.28293326,0.6954988,0.021567926
65ef4c59bf7aa25039b477099d737339,5,satisfied,satisfied,0.005379623,0.011353386,0.983267
5a388d717a969cac9a8386692aba8cd7,1,not satisfied,not satisfied,0.86589104,0.12810655,0.006002355
eb7badefdc593da5e1581cbeb440ede8,4,satisfied,satisfied,0.051659252,0.43053183,0.51780885
9019595dae21330fae6f7c1cd201b499,5,satisfied,satisfied,0.0038365733,0.0061733187,0.9899901
ede89f9cfc04ee77b66059ab77fdc3ac,4,satisfied,satisfied,0.05939709,0.6760201,0.2645828
8244214c29df69818d3d4d69047e3125,5,satisfied,satisfied,0.020668954,0.18030347,0.7990276
b686c73646ba9aa733c84d5a4ff46947,5,satisfied,satisfied,0.0039502257,0.012606989,0.98344284
11421996082ab1c793295ee7fc31c8c1,5,satisfied,neutral,0.21091093,0.73952967,0.049559318
716235ee49bedfcc9acad0ecf29f6a26,4,satisfied,satisfied,0.0076575303,0.0364575,0.95588505
8ae66f3d34a255581e27ab55db6ddb6f,3,neutral,neutral,0.16984956,0.754793,0.075357385
93a9e0cfde610245ed56e3c8d190b33b,5,satisfied,satisfied,0.007051516,0.016932081,0.9760164
6d54d52723758d0e1648cef25724ba12,4,satisfied,neutral,0.19902344,0.6951761,0.105800495
c88c4cb9c61c9550fc9db0c37a4bfdf8,4,satisfied,satisfied,0.0051564616,0.011402777,0.98344076
77ef1136e0565ef993a9f03970083ec0,4,satisfied,neutral,0.3619062,0.60581774,0.032275993
756409ac30a11e30ede900f91dce0d56,5,satisfied,satisfied,0.005956021,0.014680232,0.97936374
948feca2f10dc608e4290613a5658f70,5,satisfied,satisfied,0.00423363,0.007042464,0.9887239
3fe378158a61d713b47822cd1a1dd1f0,4,satisfied,satisfied,0.010462574,0.06421356,0.9253239
56f0772d2ce53337d9824d8ad490f2be,5,satisfied,satisfied,0.0073739374,0.012807415,0.9798187
503169bb11b90bfc043260749ae92329,4,satisfied,neutral,0.10495747,0.7590257,0.13601685
8892422e1f1ee925661549c0589477cb,4,satisfied,satisfied,0.0063993875,0.032820076,0.96078056
f259755fa074274cb56d97288d27342b,1,not satisfied,neutral,0.26587152,0.7075714,0.026557129
d7cf49aee160702a30817ae9c64f818e,4,satisfied,satisfied,0.016027242,0.13388,0.8500927
05c980152d32b46074b950d5b32db694,4,satisfied,satisfied,0.0061171018,0.011877116,0.98200583
426f2bcd8fdb8957f6f5b84cafbf9631,4,satisfied,satisfied,0.019131117,0.18339151,0.79747736
f79e2819252d7f82ceb44dd26b217ddc,5,satisfied,satisfied,0.0041757943,0.009048657,0.9867756
0425d148d8581fc5b5f21ac0118aac4a,4,satisfied,satisfied,0.0708209,0.7034606,0.22571848
6b36c2df09e71bc3f67e860a99c3d840,3,neutral,neutral,0.39601877,0.59198594,0.011995218
33e29d7eff32279b6de4335fa6f481ec,4,satisfied,satisfied,0.0053453688,0.019407846,0.97524685
89a69eb867bad0b99e7ecf2f190597f9,4,satisfied,satisfied,0.004751849,0.016997756,0.97825044
c23ba9e905169ab59ffa4f1236fae353,5,satisfied,satisfied,0.09032629,0.6031934,0.3064804
8ace4cab24288ae6d007c9135a40b35c,5,satisfied,satisfied,0.0044683428,0.009285517,0.9862461
661aa249595dd9f50e85468f5eda029b,2,not satisfied,not satisfied,0.91949296,0.07588221,0.004624775
3c45ae5bbce0eb935447c3a6b3016c2a,1,not satisfied,not satisfied,0.94926584,0.04703641,0.0036978268
3e2752201819206665d78ca1abd29430,2,not satisfied,not satisfied,0.4876598,0.4982602,0.014080013
30d8128fe34630d88979d74e8b7c2cb2,5,satisfied,satisfied,0.105419815,0.6039077,0.2906724
1cb54f23f34cb4b4b54c43a14f890411,5,satisfied,satisfied,0.0066299397,0.013054553,0.9803155
8321642b99f62cb73af9752361ac315f,3,neutral,not satisfied,0.6026782,0.38893965,0.008382237
22bf09b1e35f261e1a1e60681b51dec1,5,satisfied,satisfied,0.0074710697,0.009417753,0.98311114
ecad6504ce99e3fb1d47dea44ad26020,5,satisfied,satisfied,0.0042684553,0.007473258,0.9882583
9a8a4e471be7117377ca9b9b283dc244,5,satisfied,satisfied,0.004969166,0.0088887,0.9861421
f1d629b218f3ebbc6b54889cab596204,4,satisfied,satisfied,0.02155388,0.2692934,0.70915264
23252df707d9f934cb947d5839d49384,4,satisfied,satisfied,0.0057938527,0.019894954,0.9743112
13d019e7b23e7cdc04b5b51c8d05e692,4,satisfied,satisfied,0.006620316,0.019818047,0.97356164
53b33981ac840393c715626db0003d22,5,satisfied,satisfied,0.0051230015,0.010605185,0.9842718
1869c653ec95b9f94f0d9ee5756b9571,4,satisfied,satisfied,0.006710525,0.017953347,0.9753362
8b9bbac90b8fbf953c0cfda9f4d773f5,5,satisfied,satisfied,0.0061805206,0.018196093,0.97562337
c3e832caa75f3fd4eeefcd68de565c13,5,satisfied,satisfied,0.024971025,0.074144214,0.90088475
adfee9b05108407362e94410f90fae10,5,satisfied,satisfied,0.004454566,0.010909589,0.98463583
285b11b5f278541fe0f2ab7b2aeecf11,5,satisfied,satisfied,0.0037595683,0.008700469,0.98754
b48f51d8391e028af2c2a74b6917b4de,2,not satisfied,neutral,0.18532977,0.7846893,0.02998095
96c28af358ec7dbfe05cdc5f6850c741,1,not satisfied,not satisfied,0.9443826,0.051012237,0.0046052095
035e685cd51bc1622894b4a9655bf9a1,5,satisfied,satisfied,0.006962622,0.0189989,0.9740384
6633d8017f89b4c7b3b6899ad90a5994,2,not satisfied,not satisfied,0.51156455,0.47458398,0.013851506
4156fcae7df9ceef8e6cadab32903f8d,5,satisfied,satisfied,0.0064889644,0.012692235,0.9808188
6bdf6b474f1ca13c5bce951795fe44e0,5,satisfied,satisfied,0.0061893445,0.0270248,0.9667859
c0a15fa19d913e0e3b7e6405da5e7b2d,4,satisfied,satisfied,0.054918155,0.49917418,0.44590765
cb2027f60b6cd84146cf5f6350e6bf2a,5,satisfied,satisfied,0.0049032746,0.009034871,0.9860619
2aa8d0a0b8db281005269944b2870c43,5,satisfied,satisfied,0.004143873,0.008530803,0.9873253
85010e6bf52572517256cbb97b13e885,1,not satisfied,satisfied,0.008796705,0.029673286,0.96153
0920ba2d522ef865adcecfb2cdfcbe1c,5,satisfied,satisfied,0.0054203053,0.014825804,0.9797539
a49371da7aa69c5da5981f0f246a210c,5,satisfied,satisfied,0.014122781,0.085530534,0.90034664
3a33af8b68b9ecf93b8b65b83f101108,4,satisfied,neutral,0.40993965,0.5194169,0.07064349
b5821caf0b1ab5d699225101b81b82ee,5,satisfied,satisfied,0.0059903883,0.008989727,0.9850199
6627f5cb84455b28f5f96b2bd76373dc,4,satisfied,satisfied,0.014889278,0.1002618,0.8848489
2dda39c9dc59d54446764d283c41cd6a,4,satisfied,neutral,0.0741206,0.8116213,0.1142581
99a8ed2705c4b9542da2de8e56f245cb,1,not satisfied,not satisfied,0.92657757,0.069613576,0.003808873
0eac7a6afd2f530235a0d925b28f2dc6,3,neutral,neutral,0.26631865,0.70848835,0.025192983
78ef1c183b02b900bb3a21b6c9807532,5,satisfied,satisfied,0.0068151862,0.011533545,0.9816513
2644a3ea5ceef8c5df08dc1c7decc74c,1,not satisfied,not satisfied,0.77289784,0.22149321,0.005608903
ef7e94369f3cb790504490353e56751e,5,satisfied,satisfied,0.08639705,0.49896005,0.41464293
efda2cdfb1fc523f803275eb08669578,5,satisfied,satisfied,0.011925012,0.06924959,0.91882545
978e1a385c92d8a0351913a76fb7ec66,5,satisfied,satisfied,0.0037998285,0.0075641037,0.9886361
771ae1be04ee84302836e10fb6659a75,4,satisfied,neutral,0.06655322,0.7395391,0.19390768
de594532edafca86cfb031be8b2807a2,4,satisfied,neutral,0.16770086,0.7479191,0.08438004
c53db786fa5b8ac42b5c604e171a3e7e,5,satisfied,satisfied,0.013592368,0.100258544,0.8861491
9570a22b659cbc8fee7132c1587d7332,3,neutral,neutral,0.06706514,0.74415416,0.18878068
8dbd6274f6f3f1e15b31a5f4f0c76a14,3,neutral,satisfied,0.048145384,0.65353495,0.29831967
0b70f6c31f02bbd3d5dee2504d5b77a6,5,satisfied,satisfied,0.0063685435,0.010018495,0.9836129
1364096dc5de60bbe686ad7cfc32d02f,5,satisfied,satisfied,0.0037389358,0.0069356696,0.9893254
ca82de43a935e7be655fdd0ab127b8db,5,satisfied,neutral,0.20194903,0.675909,0.12214197
4c4db0f45241b2d4b3fd25842a5980b1,4,satisfied,satisfied,0.007562074,0.013161119,0.97927684
722a369e1ee823c907c7c9ed14cef1cc,5,satisfied,satisfied,0.0066926405,0.013864695,0.97944266
bf02abd78aef02c7a9a19eaf60a99ec1,4,satisfied,satisfied,0.05097201,0.51575154,0.43327639
3c49168091f30346abff70d003be4605,4,satisfied,neutral,0.08513087,0.7943686,0.12050051
e3b66363b6ce6557c07a1b03ec3aaa90,5,satisfied,satisfied,0.013215784,0.0339397,0.95284456
547bfd9232c59e8e2127a3fb30e2813b,5,satisfied,satisfied,0.007188695,0.040856156,0.95195514
f4da6b9a6bd36a78b2a0ff592b757a04,3,neutral,neutral,0.12629993,0.8226414,0.05105875
f3262931b46f9778595460ab4be85f0a,2,not satisfied,not satisfied,0.8532113,0.14204574,0.004743006
3835db3f78c5d8f9f123e8384ec2b600,4,satisfied,satisfied,0.011297732,0.035046887,0.95365536
7f80f9aaa9a87fb9e08d394cd4fc01b8,1,not satisfied,not satisfied,0.79376125,0.20001487,0.0062239133
f02e1fc42901c984c81d76f9877fff0d,5,satisfied,satisfied,0.0041413107,0.01011654,0.9857422
eeb3e2eeb676add1e4bf8db2aca488ed,5,satisfied,satisfied,0.005099768,0.010104776,0.98479545
f323a95e80ee19e432c1ea3457471e8e,5,satisfied,satisfied,0.007914516,0.0343065,0.95777905
0a0c6cdb3ad31e79487aabd6c6359550,5,satisfied,satisfied,0.0035604588,0.0064808386,0.9899587
7d1ba53b8294b131a26ce07151521f29,5,satisfied,satisfied,0.004974085,0.010431187,0.9845947
a4d6cd3ce53fd9461092907fffd21a31,2,not satisfied,not satisfied,0.7992104,0.19493255,0.005857032
d9b23079afeed80b226597258de70fee,5,satisfied,satisfied,0.0054825726,0.011200689,0.9833167
988510126c46f12c060902dff91037d7,5,satisfied,satisfied,0.005904616,0.0118230125,0.9822724
a2589149a8541a2989df2500d3924994,5,satisfied,satisfied,0.0036584402,0.0071047004,0.9892369
bfe5d787f9debb1d21e4fbb4485fdba1,5,satisfied,satisfied,0.0034588783,0.0061024195,0.99043876
2d18d60bbb405436e26c8b4b106a7577,4,satisfied,satisfied,0.005202329,0.017456748,0.97734094
5449860d5f60a257ed756f8c5355ae39,5,satisfied,satisfied,0.018579602,0.0994153,0.88200516
e18cf2a1c0b133000798910bccf04527,4,satisfied,satisfied,0.013081919,0.070872486,0.9160456
bfa086bc6437e910b136b020cbf7cfa5,5,satisfied,satisfied,0.0106240995,0.071346454,0.9180294
e180419e06d1fcb82f90379b35a9f5a9,3,neutral,not satisfied,0.6813595,0.3103601,0.008280425
d5a9dc0c0845e7c78a51f4f069d12971,5,satisfied,satisfied,0.0036774192,0.007074324,0.98924834
6ad9aaa6abb0ee7d8ac55867fe193674,5,satisfied,satisfied,0.0052483655,0.010384934,0.9843667
1440c18adf37b4b7faf6c8eba63a768d,5,satisfied,satisfied,0.0039594085,0.009183903,0.98685676
cc7224910ca3c1cc1ed25c520de2c511,5,satisfied,satisfied,0.004664694,0.00981973,0.9855156
694e0549163de72b10ec76bb20d497df,5,satisfied,satisfied,0.00575684,0.017070567,0.97717255
339236f2f43a330aa3656f3b2f5ca81b,5,satisfied,satisfied,0.12923351,0.64090276,0.22986369
b5593f710d26b4bb5ae7f96940745ab9,5,satisfied,satisfied,0.004157371,0.0074722385,0.9883704
04c764b34bfa7af313def5f95ce09fe5,5,satisfied,satisfied,0.0049169525,0.01248466,0.9825984
a059196fb22606134c9f32712d579146,5,satisfied,satisfied,0.02769273,0.25435805,0.7179493
177be92f76b57dfb234e90e83d874d45,2,not satisfied,neutral,0.39970908,0.57600784,0.02428317
615e631c1764abeaf3d56e91676bc344,5,satisfied,satisfied,0.004446711,0.010436367,0.98511696
732cb78248a01fcfb265aa651f7e9675,5,satisfied,satisfied,0.0050144666,0.010557156,0.9844284
2aa5b06945076f9b77eb04c07a5144ff,5,satisfied,satisfied,0.015647482,0.05118968,0.93316287
34d62a7c9c12410890a902b831d48fed,5,satisfied,satisfied,0.015114016,0.037725937,0.94716
35a2907781b44cfd04d37baa758306bb,4,satisfied,satisfied,0.0039753015,0.009766817,0.9862579
5fcd9a4389fd8378a9afbad4eb90fcc7,5,satisfied,satisfied,0.0037217266,0.008666988,0.98761123
7433dd780b6456c2f39606b2689cd73a,4,satisfied,satisfied,0.05436856,0.7088163,0.23681517
a886a0d210eea38d81703031e7342317,5,satisfied,satisfied,0.0070461514,0.016893638,0.9760602
346893b17f59286bf14d36a7f2fedd39,5,satisfied,satisfied,0.005081586,0.009251115,0.9856673
acdb1b56567681371270752125fc3556,5,satisfied,satisfied,0.0060005127,0.008069184,0.9859304
2b051f5fdcb61aba0bd17bfeb9ffec52,5,satisfied,satisfied,0.007589322,0.012901699,0.979509
cf4c74c6af07e79bea85f0dcdbab1561,1,not satisfied,not satisfied,0.90190274,0.09371923,0.0043779956
73ee0828df6f62f6b8194958468959a9,5,satisfied,satisfied,0.0058653913,0.015814379,0.97832024
d26170cfce294fd057c83ef7fc2a607c,5,satisfied,neutral,0.100943714,0.7832682,0.11578813
56a1d57e7c1a2c1d4caea70ab75c0ad8,1,not satisfied,not satisfied,0.8903382,0.10477562,0.0048862123
6deb0ab0a3d3f2ef57a4e31ff9eb7d3e,1,not satisfied,neutral,0.1558043,0.7396144,0.10458119
04e67e6f835c0d4ca3eadcb977c4313d,4,satisfied,satisfied,0.092208646,0.679085,0.2287063
2ecaf5c27743d7eecb1d32c9f3beac49,5,satisfied,satisfied,0.005598011,0.011011018,0.9833909
bb3513201ac8677f6bc07a264ea3f981,5,satisfied,satisfied,0.0046369317,0.016620448,0.9787426
979ae13f100218685d16e1de8e4c735a,5,satisfied,satisfied,0.006736248,0.013070636,0.9801931
a6d053188b196fc1e221e2f66a75cadf,1,not satisfied,not satisfied,0.93804246,0.058436066,0.0035213947
46a1037fea696b86989b501ef91ce65b,5,satisfied,satisfied,0.004035263,0.007938168,0.9880265
a5c4ec83b0607dbe81b0d63b17ee0b09,5,satisfied,neutral,0.30486304,0.6081134,0.087023586
43f137d4b30f412a04158f0a44e5436f,5,satisfied,satisfied,0.0046543134,0.0098301675,0.9855156
3977f48fd9e4b33989451dad2eb914b4,5,satisfied,satisfied,0.015184011,0.12267161,0.8621444
67ee3940814c10459b94150666cf0fba,5,satisfied,satisfied,0.004397862,0.011294882,0.9843072
9a85ab886d3e7c99b161862bec301419,5,satisfied,satisfied,0.0045059943,0.008493232,0.9870007
2785fc56ded70ca37ac859274dd1d5b7,5,satisfied,satisfied,0.005587089,0.014480262,0.97993267
545d55b213ee17ab65ae10f36d80c535,5,satisfied,satisfied,0.0054507647,0.012173852,0.98237544
429bee16544efbf005258698e1d45250,5,satisfied,satisfied,0.007871355,0.033874977,0.9582536
a1b51d4913b45c024b76524f5ef0b7ee,5,satisfied,satisfied,0.0044444744,0.0103366105,0.9852189
a798762ee1befbcb88f5cb628f2620a5,3,neutral,neutral,0.10087037,0.73909503,0.1600346
306ccdf87c0a415ca44771c4bc367375,5,satisfied,satisfied,0.10799094,0.5437801,0.34822902
5493fe0e271b8bad1524663d6384658c,1,not satisfied,not satisfied,0.8891861,0.10647503,0.0043388708
c6b34ffb264734646d8cd4588876a3d2,5,satisfied,satisfied,0.0043311454,0.011173469,0.98449546
b6f472545fd0da5e531b55dfbd677dac,3,neutral,neutral,0.13537772,0.8055873,0.059035003
4616e3647d92045b6202560a722660f6,4,satisfied,neutral,0.113867015,0.753241,0.13289194
e545a723b6540713853570f84bcf8f20,5,satisfied,satisfied,0.0053135776,0.011138029,0.98354846
af7218fe6e61554a92540d535a9d52af,5,satisfied,satisfied,0.0073646214,0.021698665,0.9709367
e1a566ae6184e379156116bff37fb993,5,satisfied,satisfied,0.0039652963,0.0064263595,0.98960835
882beaf06004c65f51b43e2e6ea5a37f,5,satisfied,satisfied,0.010810748,0.032476317,0.9567129
30cd9e976e10af2d2cd3cc393295a7c7,4,satisfied,satisfied,0.05578638,0.35459596,0.5896176
d94450fb4ca756081310a8e409d73aa0,1,not satisfied,neutral,0.41205844,0.57466453,0.013277031
8dbc73b1aec1315dabbecd27b719a1a0,5,satisfied,satisfied,0.0044990475,0.0070022885,0.9884986
2b29988513e13705bdd905a786415941,4,satisfied,satisfied,0.008831611,0.020419534,0.9707489
34df3133c1f81f2e3fcd0ce2a468cbac,5,satisfied,satisfied,0.007279828,0.01123912,0.9814811
784ae08078c2efcabc524f0c72c25fa8,1,not satisfied,not satisfied,0.9548517,0.04064732,0.004500966
11ef78fabee9442d8ad1a144b1a31ad4,5,satisfied,satisfied,0.005446055,0.011854209,0.98269975
36c2f80365d81f5114a1721951ae2bac,5,satisfied,satisfied,0.0056507955,0.009609026,0.9847402
22d621e564f35cfddb1088d191ee22b9,2,not satisfied,not satisfied,0.9235522,0.07275622,0.0036915883
59a161ba82ecf8bdba15a7f4ce1a8707,5,satisfied,satisfied,0.003955631,0.008068791,0.98797554
bab70fec9a39de17acb00ccb0fcb5d75,5,satisfied,satisfied,0.0039050425,0.008918206,0.9871767
de4f3273187217f7b86125d14a694041,5,satisfied,satisfied,0.011636865,0.02461514,0.963748
f82eaa9cc785ef0b44278d5d48383305,3,neutral,satisfied,0.0048254533,0.018107751,0.9770668
09cd3454df50484a86485a6368a9d155,5,satisfied,satisfied,0.0044638957,0.0077855806,0.9877506
0460cd9aa23f7a3461b725d8395c7477,5,satisfied,satisfied,0.006805254,0.018272216,0.97492254
99e2d6aa749333d71e8a4bf71498cd95,5,satisfied,satisfied,0.0057292604,0.018051667,0.9762191
39d9e0a9ac77c8af06a69367fd4c89db,5,satisfied,satisfied,0.0053076763,0.014115405,0.98057693
1fb6344f55bf94db9e5e1e1971d673ef,3,neutral,neutral,0.15420257,0.7827278,0.063069716
7a72e1ab68ef56fb895e9935b306e84e,5,satisfied,satisfied,0.028010856,0.28735223,0.6846369
b5f497933d3b92726bab0006fd9c0237,5,satisfied,satisfied,0.00710415,0.03341563,0.9594802
5637791c69093ff72567c8faf3ebacf2,4,satisfied,satisfied,0.0051555103,0.01022878,0.98461574
b7f6b45b33c3008b195fb6718148c20b,4,satisfied,satisfied,0.007980517,0.051303472,0.94071597
1475436812324e43900a7f4bc042ce09,3,neutral,neutral,0.24814005,0.6095183,0.14234172
22219f0634e4626ecae9ae04ab8fe6ff,5,satisfied,satisfied,0.005951965,0.01310688,0.98094124
31d0637d1c9d84d881b50c554197fe20,4,satisfied,satisfied,0.008068285,0.042715706,0.949216
dcfa8adc091d9058b307694c0cb8052b,5,satisfied,satisfied,0.005629403,0.011348116,0.9830225
51dd3a67098634aa4a6f16cc5cc9be34,4,satisfied,neutral,0.13458669,0.82448614,0.040927112
4faa2b3a39895f6b38699fadd216551d,4,satisfied,not satisfied,0.8325076,0.1615504,0.0059420704
8add52a154ba106bb329596e03c11396,5,satisfied,satisfied,0.004447101,0.009077392,0.9864755
b78f9b8a41fb950a69602ea85e123d1f,3,neutral,satisfied,0.034516625,0.3687094,0.59677404
43517d3b4c3fe0121cc66b4b5a4657ee,1,not satisfied,not satisfied,0.92550606,0.06959242,0.00490161
1c8b2f6b3827703dae21f72e648aa968,1,not satisfied,not satisfied,0.93414915,0.062010005,0.0038409296
024c7ef2ecfd459f6b32602d0daaa5c7,5,satisfied,neutral,0.19481091,0.61888415,0.186305
d2cb031e0ac23cbc9044b26dc8f4bee5,5,satisfied,satisfied,0.005805273,0.016251892,0.9779429
dec95eade6e57a36f1961210d3d7e6e2,1,not satisfied,not satisfied,0.70224494,0.28808388,0.009671175
7d1855cf915e575667a34ee00ad95f1e,5,satisfied,satisfied,0.006821414,0.013748453,0.9794302
28fa6499fc282c3297510e79d9fcc6fb,5,satisfied,satisfied,0.005847877,0.019766556,0.97438556
5306ea657983d5960946ac1e1a76c670,3,neutral,neutral,0.39907533,0.5690908,0.03183386
1a048b231e5646dd28008a19d2a399b4,5,satisfied,satisfied,0.005438975,0.018338291,0.97622275
81875c7c3bb3c47c48f446d8e001b375,5,satisfied,satisfied,0.0041891187,0.0090024555,0.9868085
9a9bf1167d6474f1554b794413ee7e1a,5,satisfied,satisfied,0.0035011785,0.0066816607,0.98981714
8e20bbd0766673db5833b5d37a50ec14,5,satisfied,satisfied,0.048367318,0.45337805,0.49825457
64a03bf76bad32e0690e20c222e01d39,5,satisfied,satisfied,0.0062255682,0.0204015,0.97337294
2bc77a8994c9d17a9bda5c09266e196f,5,satisfied,satisfied,0.005025356,0.009381262,0.9855934
2267888d7fbb436fa3a6d1b11d0278ff,5,satisfied,satisfied,0.0058948966,0.0120124975,0.9820926
34a2181c5390c3919e39ad99500ccdc6,5,satisfied,satisfied,0.008430844,0.031726092,0.95984304
a7fd7e854ed09a824d03f824755f667c,5,satisfied,satisfied,0.0048178514,0.010512914,0.98466927
aa5e71db9aff678db59baa4c4a8f16ea,5,satisfied,satisfied,0.0036532148,0.006800726,0.9895461
47066098fed7b025d1c46e930fff2ef1,5,satisfied,satisfied,0.004666939,0.010452985,0.9848801
7b543e5f39c32d14446609761128ff55,5,satisfied,satisfied,0.012724365,0.049151134,0.9381245
3885a2da88d10677c3c4fbd5c015fe57,4,satisfied,satisfied,0.04957657,0.5070075,0.443416
ac6f83dc6a3cd2f08ca50436f5755547,5,satisfied,satisfied,0.0043830927,0.009677601,0.98593926
70206a1c4724baf83c93b937d1dff537,2,not satisfied,not satisfied,0.78815955,0.20053108,0.011309401
92115739884e60064eb202c74ddf0727,5,satisfied,satisfied,0.007646531,0.031237373,0.96111614
cfb833af0ee183b0210af24180999cc5,5,satisfied,satisfied,0.004922184,0.0131588625,0.98191893
4240c7a93b84aa8b6db8a43a86e2dee1,5,satisfied,satisfied,0.0043635494,0.008466539,0.98717
205c8ad6ae983338b08f21dc0fd68f6a,5,satisfied,satisfied,0.0049853246,0.010103224,0.98491144
715cd99e6250ca3d2dc1c4a656865f8d,3,neutral,neutral,0.09409035,0.8503278,0.05558183
b8f6252a56e164bc1a01a143a509a638,3,neutral,neutral,0.08685564,0.79665565,0.11648871
e4078fb9900b1f369c251c21fb40fd77,5,satisfied,satisfied,0.006521054,0.00838623,0.9850927
03106c3ce6e99506a300140b42a48d6e,5,satisfied,satisfied,0.0034868189,0.0062384577,0.99027467
c08777f66f66d80bbd64e2b8323a4155,2,not satisfied,not satisfied,0.74972403,0.2426603,0.007615762
6aa1c8a87c7ad1f1d6c63ecfd12142e6,5,satisfied,satisfied,0.0064914525,0.014865446,0.9786431
3133e6bd3fcc67833182737fdc07f646,5,satisfied,satisfied,0.00887717,0.026293458,0.9648294
58eabfaab5dfb3527dbe4506ddf812a9,5,satisfied,satisfied,0.004402479,0.011297988,0.98429954
5e4840510ab3e4bbdd54f3344d3d68f1,5,satisfied,satisfied,0.0045350725,0.012116141,0.9833487
a49286bd8e23389bb004cfae771f30a4,5,satisfied,satisfied,0.029747125,0.23917218,0.73108065
2f63316afb137ec8c89b84f817536692,5,satisfied,satisfied,0.004822818,0.010334321,0.9848429
8bdc41aaf511f8418c758ba462008887,5,satisfied,satisfied,0.0059426627,0.011825217,0.9822321
b9bf34e63e52cc8d837904411893d82c,5,satisfied,satisfied,0.0040159826,0.008913468,0.9870705
ce850802ec99649cbb7a25b85e71a6e0,5,satisfied,satisfied,0.006396063,0.021900553,0.97170335
b866d7beea50a60f633da888cee9ef1d,5,satisfied,satisfied,0.0055916845,0.01898915,0.9754192
cb6409cf57b91abf759f0758e76989e3,5,satisfied,satisfied,0.0060484596,0.010024362,0.9839272
d86cfd142932e6971d20c8ac40ca403b,5,satisfied,satisfied,0.0058866763,0.01320222,0.98091114
7d2685260428e3b96171bf363c080dc1,5,satisfied,satisfied,0.0044998494,0.009747768,0.9857524
a1f6f70f7da20a2fdccbe03ef510b280,5,satisfied,satisfied,0.00663136,0.034147445,0.9592212
83945f93f9676685bc20017f3eca8384,5,satisfied,satisfied,0.0046554045,0.0073137577,0.98803085
44f6db2e81912ca4af87176d172a347b,5,satisfied,satisfied,0.008942017,0.04688365,0.9441744
70cb4fffe4f5e95650e6e03e9c092129,5,satisfied,satisfied,0.0068911286,0.01244405,0.98066485
99b554abf27c321c4263efb73938dbd1,3,neutral,neutral,0.0962115,0.8406231,0.063165456
eaf4a6a3781a945f435ec648b9717dac,2,not satisfied,not satisfied,0.8715053,0.124441095,0.0040536528
7dc6d05ae77218e9e19d6030f466d0ba,4,satisfied,satisfied,0.005390097,0.017742941,0.976867
1443ca1074a2a42aefaf142953383ce6,4,satisfied,satisfied,0.039369337,0.5346145,0.4260162
f011b3ae9b134c30b6fdb60d897e6064,5,satisfied,satisfied,0.004437256,0.015674142,0.9798886
7ae6664899a7049e3f8dfdc1774b0dd3,3,neutral,neutral,0.44005585,0.544604,0.015340165
9214ccc0c3104b8ab1675a9c1804327b,4,satisfied,satisfied,0.012283407,0.08062142,0.90709525
d6f104cd22f964cd5d477cb39b7e8872,2,not satisfied,not satisfied,0.8705243,0.12497381,0.004501858
d5bd543205b0820c311bec0f0a221777,5,satisfied,satisfied,0.006065004,0.025527924,0.96840703
178299311b7b7a8ca4237081df88588e,4,satisfied,satisfied,0.011182206,0.05968753,0.92913026
988941959779a164577311ecbad7a4c3,5,satisfied,satisfied,0.004521948,0.009546042,0.985932
6efaab2f9e4512d4c76e6a5355b446bd,5,satisfied,satisfied,0.0044765063,0.008039838,0.9874836
dfe4c295913f5573010a514212e175a6,5,satisfied,satisfied,0.0123569295,0.09246774,0.8951753
ac772fcb3d52643dda806c9c42f497ba,5,satisfied,satisfied,0.0073184534,0.020214466,0.97246706
07a37d278febf1072e5b1494a965bd29,3,neutral,neutral,0.07816751,0.7785997,0.14323288
e8385c5a436293071fd2237b39b3fa5e,5,satisfied,satisfied,0.004800509,0.009961287,0.98523825
bf90ffa88a8f9d9b1d53aa3f8d38c3ce,5,satisfied,satisfied,0.005781548,0.011611159,0.9826073
ef8ffc5d1e71d1efdfd5fdd06e3ca4ba,5,satisfied,satisfied,0.004404469,0.0075044897,0.988091
ff9a175700dc9c224d51239c79e8be58,3,neutral,neutral,0.06423653,0.835714,0.10004948
87d4ef20633d4ddd7261ac338ee95101,5,satisfied,satisfied,0.007451143,0.023027154,0.9695217
2f2caafc4d1a2e8866035e790f38cdfd,5,satisfied,satisfied,0.005986274,0.010210326,0.9838034
3318c29d425e2d6327afe77883ebbd03,3,neutral,satisfied,0.08373408,0.6527623,0.26350355
4d19a3fc2d8e7c8e3f89961d3009c5a2,5,satisfied,satisfied,0.005479295,0.011307763,0.983213
f3d4ca47dc1f974f89ed7577c3def743,5,satisfied,satisfied,0.0058531216,0.00928019,0.9848667
984da06a79700fc190baae9ec244145b,4,satisfied,satisfied,0.0053726994,0.016103795,0.9785235
59267b4cc66ef0d04ac2f922461c2728,4,satisfied,satisfied,0.0059324456,0.018613493,0.97545403
f48352c8e566c3757448798883308a19,3,neutral,neutral,0.12283355,0.68887275,0.18829365
3d1cee6aec4353990a7794b6d9d2b6bf,5,satisfied,satisfied,0.004926206,0.009414346,0.9856595
c5a170c74218612bfd18f32ddec4f2a7,1,not satisfied,not satisfied,0.964271,0.030219287,0.0055096187
ee872be877e8b6e9daee1af6c77dca61,5,satisfied,satisfied,0.014503451,0.062558606,0.9229379
4ca424a84a1ec15b7653e8684f81111d,2,not satisfied,neutral,0.10241497,0.7830228,0.11456218
428f3d1514ab98963e2dfe7c87834420,3,neutral,not satisfied,0.44633684,0.5347944,0.018868806
4feb845de0757e0b0c2cfe250e24a06c,3,neutral,neutral,0.10884868,0.8118446,0.0793068
6a406cd56cf0689857c095b298e657ce,5,satisfied,satisfied,0.015392544,0.066055365,0.9185521
a523c859da97f8a7a18aa3ae866277da,5,satisfied,satisfied,0.0058646747,0.012463646,0.98167163
b4e6e6dcea3444b7a314b045c6c2b2fe,3,neutral,neutral,0.17821969,0.7928735,0.028906798
6c6d35b52b02072b5f9e5c94377fd5ed,5,satisfied,satisfied,0.0062291455,0.010284181,0.98348665
b8179fec016368e95e65b7ca20b24207,5,satisfied,satisfied,0.005602414,0.010387162,0.9840104
ccd72ec6c4ed456b80212ef354221509,1,not satisfied,not satisfied,0.6084216,0.37916604,0.012412321
19023b3f23c39bede4e3d5df08ea3aae,4,satisfied,not satisfied,0.5974392,0.38967115,0.012889645
2d20a026cfccef9290d4c13e3f0e2cb7,5,satisfied,satisfied,0.0063378424,0.011639853,0.9820223
a04dbdd5e325a54f4bb1636c74d48dff,5,satisfied,satisfied,0.028885592,0.42934954,0.5417648
e52c9141248353ffe1f3579857901806,5,satisfied,satisfied,0.0040254556,0.010432131,0.9855424
78756777c3b28e23d889ec3f8e49f641,4,satisfied,satisfied,0.004846499,0.012001137,0.9831524
c80e49df65fcdab1df0558e159b3a2f7,5,satisfied,satisfied,0.016160123,0.034925837,0.94891405
d62242ca7829b0f3db405f7cd2e32924,5,satisfied,satisfied,0.0046653193,0.012391356,0.9829433
74e86f0b5a0e46ea73f41e253e514f63,5,satisfied,satisfied,0.013458876,0.04249796,0.94404316
691177d8be353cf0e6b8e1ae574b9ad0,5,satisfied,satisfied,0.003997571,0.0074383635,0.98856413
03754a92b0aff4788997391f3cb68007,3,neutral,neutral,0.22074068,0.74272937,0.036530033
371b1e628da7a73557dc0c5689d6ef39,5,satisfied,satisfied,0.0056066765,0.017632142,0.9767612
6a767ef24a46cc4f91edc4c663695cb0,5,satisfied,satisfied,0.0076464326,0.022578472,0.9697751
5a67f73fe8666f992bb459a8e10acd27,5,satisfied,satisfied,0.004065905,0.007422299,0.9885118
676da7e421615245131f24be8ce7d2ac,4,satisfied,neutral,0.08988308,0.7542006,0.15591638
450d4b3a93502c5c02ad5e37fbda6af4,5,satisfied,satisfied,0.0044669844,0.007037654,0.98849535
e7502ebad57ac09d545f383dd805f408,5,satisfied,satisfied,0.005064817,0.012271251,0.9826639
68005b854f63d9bdd4a3c33f23979586,5,satisfied,satisfied,0.0053296844,0.008255765,0.9864145
9511f3893bc84520c304266e3b1d4810,5,satisfied,satisfied,0.004894499,0.008624446,0.9864811
963f49b3fff00d87704e6afb6dbb8c26,5,satisfied,satisfied,0.005009657,0.011767302,0.983223
92957f989d1366900374675d7f35be86,5,satisfied,satisfied,0.0058554215,0.01758129,0.9765633
61b5dffc2fe737f336831aa154693a2b,5,satisfied,satisfied,0.026702102,0.15455355,0.81874436
956aeffd5ec50fce4f275e515f737976,1,not satisfied,not satisfied,0.5992119,0.3894511,0.0113370875
ad3789c6b1ff2be89d99d78487e1ab5a,5,satisfied,satisfied,0.0058982777,0.01523009,0.97887164
1d5fbc0781da638bd6ede75be82e157d,5,satisfied,satisfied,0.007988406,0.024774741,0.9672368
250328514f574b5bd4206ed1453c92ad,5,satisfied,satisfied,0.048113942,0.34669113,0.6051949
9a993460933a70ff7147a36d248989ad,1,not satisfied,not satisfied,0.94094294,0.055194456,0.0038625444
4c07e284b52aea42903cdf89e873180c,4,satisfied,satisfied,0.09330381,0.6131451,0.29355112
1e790a204bb6bf9ca40995f05e9b292a,5,satisfied,satisfied,0.0053394837,0.0072562075,0.98740435
0af41f59765d2c13b34b623e31235247,5,satisfied,satisfied,0.018747864,0.09849782,0.8827543
ca47fc2e6a0ffe8e7ce1cd908fada0b7,5,satisfied,satisfied,0.0037710753,0.00764973,0.9885793
21521f01e3a7d0e6791a29cb760a449b,4,satisfied,satisfied,0.020352433,0.24670559,0.732942
ec650944c2f3f41be5e34dc96510b0bf,4,satisfied,satisfied,0.012709171,0.1016564,0.8856344
4714968f9def2c588185ec8bebd3d97d,5,satisfied,satisfied,0.0044829547,0.010970658,0.9845464
2c9d3d56fede4276f1dfe4fa04118101,5,satisfied,satisfied,0.0045310315,0.010925416,0.9845435
1422822262c0d5b9068e45930262e589,5,satisfied,satisfied,0.004316527,0.009948152,0.98573536
2fdc813de11b395eff07130514b4b0d1,4,satisfied,satisfied,0.0052812584,0.020062208,0.9746566
b2701e78c79d9d1f858ef7fbcdb55f48,5,satisfied,satisfied,0.0066446713,0.023410793,0.96994454
71113989e740a0d6c22f8d6e1ddb3327,4,satisfied,satisfied,0.014496209,0.14553966,0.83996415
bc307547f0e13261b8e811cb3fd1f628,5,satisfied,satisfied,0.010148536,0.023224449,0.96662706
cf71348af8d932eef74f2d0aa791b96e,4,satisfied,satisfied,0.007098005,0.022731202,0.9701708
78211b806db5c676a529c595a8bdad91,1,not satisfied,neutral,0.24471655,0.7122844,0.042999033
1d3ac02a60add611504b5193d4ac4a10,5,satisfied,satisfied,0.005296671,0.01099417,0.9837091
c4a0e452eacc2130ca3b9fbbd2b52818,5,satisfied,satisfied,0.0050256755,0.0107620545,0.98421234
c6c2ccf5c932703e3f6776045140d7bb,5,satisfied,satisfied,0.005143316,0.013412057,0.9814446
f15c6a18e9d221acd821880abedb828c,5,satisfied,satisfied,0.0040935166,0.008215738,0.9876908
667459da790bc88907bfa1cfe22f3598,3,neutral,neutral,0.18613197,0.77094007,0.042927958
0a06a4f5ab83d10e1e00b67d44c9d6d5,5,satisfied,satisfied,0.004696927,0.01060741,0.98469573
a3d642aa7fd6a9c4c7deb2c07dd312b3,4,satisfied,satisfied,0.040573876,0.50849044,0.45093566
7d6d6da2cb6ff09fa7970b6bec46c5fe,5,satisfied,satisfied,0.003659262,0.0074566547,0.9888841
93dc36195f995b6483e42559f1cf8254,3,neutral,neutral,0.18753183,0.76410574,0.048362445
fec711333d78ca2aad79a3068cfbd35a,5,satisfied,satisfied,0.0056443713,0.020578964,0.9737767
c66185b2d7e077e4a34d559880b56779,5,satisfied,satisfied,0.0056263083,0.010838447,0.9835353
d7c1623431d222827f98c73461b64d40,5,satisfied,satisfied,0.0043927855,0.007649736,0.98795754
5a2231af41cf427ebe812c244a7a02b4,5,satisfied,neutral,0.09689336,0.73805404,0.16505255
7cbbfd05c739f332210d9841bbb85bdf,5,satisfied,satisfied,0.008756644,0.029381052,0.9618623
6da4f4e220a88f8df1ea5707e87e3ba5,3,neutral,neutral,0.13714303,0.745212,0.11764495
8ab4bb70d2f6c6f8a71c9ed1609457e2,4,satisfied,satisfied,0.004227966,0.01167434,0.98409766
6ebebc7085df7c6610db88c50c5cbef1,4,satisfied,satisfied,0.016240066,0.16608419,0.8176757
1b78a2fb9f4a06c723148dfd2f0c670f,5,satisfied,satisfied,0.004820666,0.010398899,0.98478043
d3af52c6fd01c0ab5bc565f5e6da7696,1,not satisfied,not satisfied,0.9355024,0.060612645,0.0038848764
a4799d06c592dce63441a21db6d4cb3a,5,satisfied,satisfied,0.0059752003,0.01288609,0.98113865
84becc7736666445aea1b1373f15ebe2,5,satisfied,satisfied,0.0040370175,0.0075450446,0.9884179
3521a2d349bb9c33358d5f2dea7fe2e7,4,satisfied,satisfied,0.0058818236,0.0102247335,0.9838935
a150a2fc61885e1877eee5fa3d983606,5,satisfied,satisfied,0.0037830414,0.0065386537,0.98967826
689e58f5635ebe6bb15858e0d3a44057,2,not satisfied,neutral,0.13921957,0.7154393,0.14534114
d5c9b6e95b912764ee1106ae481054c5,4,satisfied,satisfied,0.00437299,0.01372128,0.9819057
96a963077040f0c6098981dd4f9c72cd,5,satisfied,satisfied,0.006097806,0.012547284,0.9813549
705888cef2477e1fca41e651798d0612,5,satisfied,satisfied,0.0044367234,0.0081803,0.98738295
f35ffe2d89ae8137260fc03efd609ef9,5,satisfied,satisfied,0.0035543342,0.0059654918,0.9904801
f754a644032f8ee2e7073d4a2a98f437,5,satisfied,satisfied,0.004368981,0.008647902,0.98698306
48d70e51af625cb42a0d3a4fc677fede,5,satisfied,neutral,0.074826844,0.73123884,0.19393428
cc966fdcd59afa5270ebffa6de16550b,4,satisfied,satisfied,0.025713108,0.25910404,0.7151828
44c600a9190ca6c60f88e2f165507881,5,satisfied,satisfied,0.007093952,0.01860679,0.9742992
2e6075959883cb2fa7c3ef653c4d37b9,5,satisfied,satisfied,0.032967877,0.2814994,0.68553275
2a4e7258b3a7d5f5892a9fba698dcf5c,5,satisfied,satisfied,0.0044246046,0.011802232,0.9837731
59c26b2e567fb9a28cb798712d57db90,5,satisfied,satisfied,0.006751001,0.021384811,0.9718642
38ba7e4603b901dee2d0589b62290156,5,satisfied,satisfied,0.004052082,0.009356993,0.986591
bfa8402d8cbbd3eba4b26ff372c1c794,1,not satisfied,not satisfied,0.8473088,0.14658244,0.0061087096
c08b8ca740e4f1bf6a5b8ffcd7537faf,5,satisfied,satisfied,0.0070363516,0.025876097,0.9670875
4bc700aeb53bb60d5a073545f51170e7,5,satisfied,satisfied,0.0046792338,0.008803535,0.9865173
88eed6d68f7b3d7b561e248b7220dd53,5,satisfied,satisfied,0.0047502853,0.011875005,0.9833747
b78f6b974a9c12b6f424482854062d73,5,satisfied,neutral,0.3305423,0.6469472,0.022510517
9cf22017ee807edbebfe97919b789a51,3,neutral,neutral,0.36862704,0.6067633,0.024609596
2610e2904c3386b19a9f128fcbc017cb,5,satisfied,satisfied,0.0044363295,0.0086369,0.98692673
ca22c1e331b94301e6e406d2368c4cac,5,satisfied,satisfied,0.007847777,0.011348015,0.98080426
8a9daa1600c4ec64d6e2ff8f1581a482,5,satisfied,satisfied,0.026683923,0.110691816,0.8626243
26da24e5adba595d69b3bafaef88db9b,5,satisfied,satisfied,0.004188752,0.0073627564,0.98844844
fb90856957d59b8c5395dbc24949137b,5,satisfied,satisfied,0.00459049,0.011413782,0.98399574
913ede1027f2a42835e97bf2b827ad0a,5,satisfied,satisfied,0.005296876,0.012545754,0.98215735
4063cffe50117142a6152237f1e46f3b,5,satisfied,satisfied,0.0057161474,0.009390824,0.9848931
3450d906101a5284362701809a34f28e,5,satisfied,satisfied,0.0048837974,0.010327312,0.9847889
94b821db5140e0b0854555dcb8a5b320,5,satisfied,satisfied,0.016349543,0.03368027,0.9499702
3d44acef170630d031a5445671b58065,5,satisfied,satisfied,0.004232398,0.011600919,0.98416674
af2b15a79c98a9a955b98fda0d45b287,5,satisfied,satisfied,0.0064061414,0.016233912,0.97735995
b5c3ea7bb9f5cbecf3d0e1b66b779fbc,5,satisfied,satisfied,0.0048956024,0.009524918,0.9855795
96f101ea1573f7d1ce9a0d982879941e,1,not satisfied,not satisfied,0.7138498,0.2772353,0.008914931
aa9b79e6ce337b83f00c5db786e3a6d1,5,satisfied,satisfied,0.0045943344,0.009451592,0.9859541
6b4b8ffce6129f96e4d3596afabcfec5,5,satisfied,satisfied,0.028534843,0.17205366,0.7994114
58507bfcf36a0d5cddca8adb3f3c3fba,1,not satisfied,not satisfied,0.9451548,0.050574776,0.004270515
58e6256bf472cf82571627d12b1461b3,5,satisfied,satisfied,0.0073449947,0.017124586,0.97553045
5243bb0cce04d7eae990033f06fca576,5,satisfied,satisfied,0.005224298,0.017950187,0.9768255
cb5f389cc05ee9c67652af2d1da9f10a,5,satisfied,satisfied,0.00553542,0.012937402,0.98152715
a7358164fac270a7040b6dfd1fd8abbd,5,satisfied,satisfied,0.004268673,0.011292201,0.9844392
6031832259dfb20ac7f6b799723e727b,1,not satisfied,not satisfied,0.92625654,0.06988339,0.0038601547
7ad9f99a7d726c8095a71f2ca74d0329,5,satisfied,satisfied,0.0077699637,0.03381916,0.95841086
dc507050133feb8ece4c781bc5c68c5a,1,not satisfied,not satisfied,0.83607936,0.15735425,0.0065664994
c902cc970a2d22048b50ebb7d818165b,3,neutral,neutral,0.07743871,0.7264498,0.19611149
c54283a1837f97282c5334eb97f2799c,5,satisfied,satisfied,0.008029642,0.014654862,0.97731555
93d8f471782731256c4ff4152e793248,5,satisfied,satisfied,0.0072441082,0.019850565,0.97290534
95b726df660ef93dfd9ee49302600d78,4,satisfied,satisfied,0.03429119,0.27550924,0.6901996
d95523e15ee589c2528720eecd29eeb5,5,satisfied,satisfied,0.006331241,0.017092021,0.9765768
1b66caf69d4191c62baf2555641aa246,5,satisfied,satisfied,0.0033559005,0.006268063,0.99037606
682b5e4a462c0bda3c29b55e06a0a3bd,3,neutral,not satisfied,0.94987583,0.046236508,0.0038876792
005cdfb96f5f9459cc76543999a1c019,5,satisfied,satisfied,0.030800112,0.32372925,0.6454706
a8992f3d494abe4dcd31879cd1526da6,2,not satisfied,not satisfied,0.68177325,0.30926594,0.008960851
bd01aa921340ee6e0ec30c8e5f68f404,5,satisfied,satisfied,0.005839021,0.014671907,0.9794891
162ca7641edf6fec8f0a01325ce424d4,5,satisfied,satisfied,0.0142236985,0.020162454,0.96561384
d35bd515e525e19a0176212cc3c53a83,5,satisfied,satisfied,0.0036896202,0.005998033,0.99031234
c2aaceb043a2770e28fcd15832ef2ab3,2,not satisfied,not satisfied,0.95822215,0.037756443,0.0040214835
366e32361a93f56649e10e702f6f4790,3,neutral,neutral,0.12655927,0.8252916,0.048149113
ab0e34733cb5e1cec47e545c9e2cacdf,2,not satisfied,neutral,0.19544175,0.7717158,0.032842506
2c8c32bde611938f7c2a4a6cd6bbef74,3,neutral,satisfied,0.008218515,0.028691087,0.9630904
05728dafd04382b7d0c4879ed9603789,5,satisfied,satisfied,0.008268365,0.019897975,0.9718337
0660055aacb72bda4251386df4b43a84,5,satisfied,satisfied,0.0045320033,0.0072610774,0.9882069
cb5a206da6923fe493a6c778eff39269,5,satisfied,satisfied,0.0034366006,0.0065113674,0.99005204
cd3c28987db12b7a19aee59d646983ec,3,neutral,neutral,0.40676856,0.56604934,0.027182067
df9ef99b7cb3e245ffaa5190a8f1c6c2,4,satisfied,satisfied,0.023690358,0.2186204,0.75768924
89c02dcb07d95732e44b9acb11849ff4,4,satisfied,satisfied,0.052549336,0.706994,0.24045666
b75828aa277d38fa18529f352576c996,5,satisfied,satisfied,0.112733796,0.6638747,0.22339149
d2c3de8d8e96c2b17150499e9fce4083,5,satisfied,satisfied,0.0064718234,0.026703333,0.96682477
501bbb89f3953ee8cdd94ec25e93f8e9,5,satisfied,satisfied,0.014462342,0.056394774,0.92914295
30892717d3494bef42dbe0c23b6d9711,5,satisfied,satisfied,0.0047428044,0.010425428,0.98483175
8f838d55a796b993e956946f86bf60f2,5,satisfied,satisfied,0.0042010113,0.008973929,0.98682505
4d8eb8a1002c567895ad23b7f60e047d,5,satisfied,satisfied,0.006519126,0.015903313,0.97757757
d12f962ee7396af8c20f7b9b1ee0678a,4,satisfied,not satisfied,0.45695266,0.5256896,0.017357698
29a2b0f0a214e41848efbbff1ebf6c78,5,satisfied,satisfied,0.0046218815,0.00768033,0.9876978
7eea8181ae86f00c3eb8b0bf781d1a14,5,satisfied,satisfied,0.0067993174,0.028618226,0.96458244
dba8342140b06177a28ec08818a982c7,4,satisfied,satisfied,0.029007312,0.38245833,0.5885343
88723f6584a57b054f4a16cba80a9a4d,4,satisfied,neutral,0.3054405,0.6199872,0.07457232
c0600e1a913523bda42a1bd5c7d8a216,5,satisfied,satisfied,0.007236121,0.018086743,0.9746771
1825552562b052ef9750c7b34d5df031,5,satisfied,satisfied,0.004404709,0.011901975,0.9836933
c3f606bd1ced7c6299e7993c438e255b,2,not satisfied,not satisfied,0.7273309,0.26232883,0.010340177
226443f593c64a497d968be6c7ce1b73,5,satisfied,neutral,0.17230082,0.73251575,0.09518338
cd628eb08e40c61f4fcd739ddd4bbcd2,5,satisfied,satisfied,0.0079730945,0.013432732,0.9785942
847efd8725cc6bd3a3d1882bf2a0c580,5,satisfied,satisfied,0.057577457,0.20826028,0.7341623
c56aa6540dcc9d9cf2add8046ed1eb4c,1,not satisfied,not satisfied,0.9435657,0.05256642,0.0038678313
021f169709ce846711802b392d2e5290,4,satisfied,satisfied,0.0042113326,0.013545061,0.9822436
96a009e23bafc578445eadf737c75642,1,not satisfied,not satisfied,0.5031329,0.47593713,0.02092995
f9bd4fb98b3f65296f2bb5866736aa03,5,satisfied,satisfied,0.0045718136,0.010839947,0.9845882
7eb8a369bc6f040093cfea3c344a2520,4,satisfied,satisfied,0.017579729,0.18369366,0.7987266
017cbae882419c1972a88923d8d7db8b,5,satisfied,satisfied,0.0072197816,0.012437577,0.9803427
7233b0e4f3a6feff54c88cebe6c8aec4,5,satisfied,satisfied,0.004349147,0.010312737,0.9853381
bfc54423c9031dc92c8865c5f7807cab,5,satisfied,satisfied,0.015479861,0.10225387,0.8822663
4966d26ba7c56b5dd72194ff4634fb5c,5,satisfied,satisfied,0.008351287,0.02731654,0.96433216
8f65cd67fb0a0183c5f8d9a32c10a349,4,satisfied,satisfied,0.0052040047,0.014684906,0.98011106
f9a6cead85415ecfc4e6b90a4ed691f8,5,satisfied,satisfied,0.004542806,0.010745272,0.9847119
080afb3695c7853d0cf9c564b341876b,3,neutral,not satisfied,0.53233415,0.45046845,0.017197398
3fa7049cc08ed36066404d827a940d42,5,satisfied,satisfied,0.004926903,0.010917618,0.98415554
2ba140b9fa34196dd6dd2169db62c7b9,5,satisfied,satisfied,0.0039072623,0.007789086,0.98830366
378ff956a9827863da6b0f595a1cf62b,5,satisfied,satisfied,0.0046716053,0.012252523,0.98307586
d481187a03bfffd9a2f8278f91305068,5,satisfied,satisfied,0.014364603,0.029328056,0.9563073
380f025ce4bc2f86fbbabd6bdba2c46c,5,satisfied,satisfied,0.0064903987,0.009875185,0.98363435
d7a9cc5891038ee18435e5d73e53c5bb,5,satisfied,satisfied,0.004108513,0.008078442,0.98781306
2a026a6d140a081218d6c87e9d7112e3,5,satisfied,satisfied,0.06006343,0.6757143,0.2642223
2b384c3f7cd2ffb1309491c1b727f2ed,4,satisfied,satisfied,0.08473158,0.5795131,0.3357554
bd5b7db7deb2a30580cef4c58f1aff03,3,neutral,neutral,0.07651873,0.8112611,0.11222013
1866c4d9f55355c62f88425d2f023a85,5,satisfied,satisfied,0.0055399686,0.01166574,0.9827943
312320b1ca695723d5ebef75b8e4dc62,5,satisfied,satisfied,0.00542989,0.014882957,0.9796871
7330dda572b48109c768400bda670191,4,satisfied,satisfied,0.0046328055,0.012384913,0.98298234
b0953e9bc9bf55fe693fdeedc93c5eff,5,satisfied,satisfied,0.0045710644,0.008471075,0.98695785
070ac39363893d94f2eff31dc8359d6f,5,satisfied,satisfied,0.0039969455,0.006848478,0.9891545
13e8053b267485406c66c828fedca661,4,satisfied,satisfied,0.041892346,0.21267453,0.74543315
fd5fb8f3aee58f9a835ca1e263c56980,5,satisfied,satisfied,0.0047526476,0.009629262,0.98561805
39b7e8179472a322a39eb9fdff6fc277,3,neutral,satisfied,0.037886366,0.38029495,0.58181864
051fd48be01d19c76c3db826e521f819,4,satisfied,satisfied,0.0113254,0.022620516,0.9660541
775614817f8f5331a6899b05ff024420,4,satisfied,not satisfied,0.75148684,0.22747064,0.02104256
caac109406381995d485537e14a28bde,2,not satisfied,not satisfied,0.91426456,0.08177055,0.003964941
f396f089dd44e707dfc5f1ee0cfb3322,5,satisfied,neutral,0.068509534,0.7604916,0.17099887
1ab0fe9734d32a593b0e1759e2ec5de5,5,satisfied,satisfied,0.0076702815,0.024439096,0.96789056
ccc86394c4a84c1f144c41fd488540ef,3,neutral,not satisfied,0.5347638,0.43990988,0.02532628
2351ccc198a45db0bb5b09ebd390dc96,5,satisfied,satisfied,0.0058902735,0.008331858,0.98577785
b175d7e06164fd680e45b2ca190c1ce8,5,satisfied,satisfied,0.007230162,0.010720287,0.9820495
f679219ee26a36c9a72b02258b5a7fe0,5,satisfied,satisfied,0.0037903276,0.008115187,0.9880945
e2000b340f0a346c977d0edccb2af8d0,5,satisfied,satisfied,0.0044465857,0.011014945,0.98453844
0f43de989443254d70ce9ed59eea01a9,5,satisfied,satisfied,0.005309786,0.010707821,0.9839824
a026e9b0177ebfe938c84eab32947651,1,not satisfied,not satisfied,0.9477555,0.04844589,0.0037984967
c218a2775c34214ba2ac300b7f438e96,5,satisfied,satisfied,0.0057363883,0.012331385,0.9819323
d9ab89147735d6112e7db0ab133c7c09,5,satisfied,satisfied,0.0060090832,0.012743559,0.98124737
85f75329a06a9f7134c0a9f91aa46ca5,5,satisfied,satisfied,0.0091595985,0.061303105,0.92953724
2640b63c0fadaddbc556ecc5913fd52f,5,satisfied,satisfied,0.0077608214,0.010663175,0.98157597
35d22071c2f20df10c953d617c629509,4,satisfied,satisfied,0.08929239,0.5898365,0.32087114
c6ccbabd5c439906d21070519d620c77,5,satisfied,satisfied,0.0057222224,0.014649357,0.9796284
0ab782234fa74b1a46ded56bbf510d31,4,satisfied,neutral,0.34211776,0.62894005,0.028942175
339eb162afe82b1b6a4caa57723a7217,5,satisfied,satisfied,0.0072787954,0.014418187,0.978303
446cccc3f87bf9a33932fdc529828f1c,5,satisfied,satisfied,0.0063031903,0.012427139,0.9812697
ae207d84526ca0e251a715a4fb6cf306,4,satisfied,satisfied,0.023265095,0.16535623,0.81137866
59dbda5dcf4ee5d56cf97d3e7f0db09d,4,satisfied,satisfied,0.028712902,0.32813329,0.64315385
e3a197156b4d5da5d2b269c717baa616,3,neutral,neutral,0.2127296,0.71698076,0.070289716
b95d0e608d71265f06651963c71e7cab,2,not satisfied,not satisfied,0.56278515,0.42263418,0.014580707
75e7a72845edaf867c82dc5a2617559f,4,satisfied,neutral,0.065097086,0.76309633,0.17180663
d747b6f28b3b267909882c7aeceda2fd,5,satisfied,satisfied,0.004527088,0.008576597,0.98689634
18ff16879347cdfdfb9e2f61999ba984,5,satisfied,satisfied,0.030612698,0.2549378,0.7144496
c8d96e4adafca9650aa9a62bf2822616,5,satisfied,satisfied,0.0063672406,0.00944,0.9841928
a1c70d4ee5e37a40a0e5285b9ec5e119,3,neutral,satisfied,0.022020461,0.14507067,0.8329089
6ed1694c8dea4ebfcd26fff0ba1e06db,5,satisfied,satisfied,0.010112789,0.04596902,0.9439182
384d27076b69e079533c2d3bb820cf14,5,satisfied,satisfied,0.006216354,0.01497597,0.9788077
f60ff4c18ad846baeb5410e083593c88,5,satisfied,satisfied,0.0038445955,0.00966476,0.9864906
4abc6b4051b8c1fd20066cbc383f7df9,5,satisfied,satisfied,0.0054131094,0.011916187,0.9826707
915f94ae9c0d271a3d062dbf158a2b65,5,satisfied,satisfied,0.004719304,0.010735962,0.98454475
7d1410f3af4ff4069841d82e0a42fcf9,5,satisfied,satisfied,0.0067160577,0.00879783,0.9844861
601a1af09af9af4bf254d12c580998a9,5,satisfied,satisfied,0.006622066,0.015262616,0.97811526
00f8cc3ec971212dce181dcdbc776587,5,satisfied,satisfied,0.0055407574,0.012315424,0.9821438
0f8a441c77c85005240fca97eeda0a0b,5,satisfied,satisfied,0.004650003,0.01025133,0.9850987
15b016ff24ba3ace486bfe3b062348ad,5,satisfied,neutral,0.18292122,0.6595589,0.15751989
1a26013af7b9351216d5262c72fc619e,4,satisfied,neutral,0.11885335,0.8198909,0.06125572
033f33ad30a6e4f47f470d590023648b,5,satisfied,satisfied,0.004442179,0.008546604,0.9870112
ddff78ade7726f3b0b491ae0f506439c,5,satisfied,satisfied,0.006642219,0.01278896,0.98056877
165246fef1381ddfedfd4e0b29718cae,5,satisfied,satisfied,0.0036261652,0.0071559916,0.9892179
8f93117cc346d9443fd4a117daf7add1,5,satisfied,satisfied,0.005966777,0.010149466,0.9838838
dd09c36fa41c3dfd63b68558685ba5bb,5,satisfied,satisfied,0.01360937,0.06307401,0.92331654
f512cc63b536f682d6e025114cd815cf,3,neutral,neutral,0.13510357,0.7806872,0.08420931
757dcb8746090a8955f67244f73bd43f,5,satisfied,satisfied,0.0042069783,0.009642239,0.9861508
b6f9d124a5534cbce575f8252b9381b6,1,not satisfied,not satisfied,0.9506003,0.0458131,0.0035865733
94351e77a5173d5eb91e957433b77ddf,1,not satisfied,not satisfied,0.9413148,0.05473529,0.0039499127
2f4665877e70c9f5d8a9516bd880ae88,2,not satisfied,not satisfied,0.952075,0.044261582,0.0036634104
740574a5f66258e51bed48d64e7250aa,5,satisfied,satisfied,0.003989705,0.008086692,0.98792356
32f3091970048ac112d0ad374ca3b03c,4,satisfied,satisfied,0.0250972,0.27216133,0.70274144
9be246536c8e70461a3295ba212ac972,5,satisfied,satisfied,0.018406183,0.066694,0.91489977
120cdbcdf7343481379405723cd9399a,4,satisfied,satisfied,0.072107896,0.639922,0.28797007
84fc3b4583c43fd2da0ce90274db3943,3,neutral,neutral,0.25514734,0.6204616,0.12439114
5230148db888996feb2f3e83f134c197,5,satisfied,satisfied,0.011195999,0.04639285,0.9424111
388e98c5134d5524fcbad2dac846679a,4,satisfied,satisfied,0.004920757,0.007792146,0.98728704
b5f07fe287e53f09b36a9e2e1f50a6f3,4,satisfied,neutral,0.13756903,0.788286,0.074144974
d80f7a3ef2c983024132c8e7e0059c81,2,not satisfied,not satisfied,0.66886324,0.323682,0.007454752
272afb5469d3e0eff6332fe986c51066,5,satisfied,satisfied,0.30148852,0.5345834,0.16392803
842d8501f5513d725ec18add05ca3f19,1,not satisfied,not satisfied,0.5440985,0.4368133,0.019088244
11a6d76e8fb7a5d17623634f1e6ab047,1,not satisfied,neutral,0.25291345,0.6391037,0.107982844
009433bc42aba79c1ef4557045d0c0d5,5,satisfied,satisfied,0.004205811,0.008301897,0.9874923
a794bfcccf43aaab5c4aa571d4be6a7d,5,satisfied,satisfied,0.0041482365,0.01101297,0.98483884
9943e9aed44a5cbec82ce8d66d00d539,5,satisfied,satisfied,0.013334565,0.03879094,0.94787455
8ee3d04d755bbd24b3303fb0bb863a53,5,satisfied,satisfied,0.004967205,0.008225955,0.9868068
dfb920a39b6a1061e3616e064df87a32,5,satisfied,satisfied,0.0037315362,0.0063879434,0.98988056
522cee340a8dc91494067be5eb3d54cc,4,satisfied,satisfied,0.009625728,0.0503007,0.94007355
23af54d1421a6f30fbbaf51aabaaa610,3,neutral,neutral,0.080124415,0.827818,0.09205772
6b9c57f9780705f06ef16f77fdf9e202,1,not satisfied,neutral,0.19861531,0.641709,0.1596756
feb90d0210b13eb1229890c4bfdd5cca,4,satisfied,satisfied,0.0611438,0.56851435,0.3703418
581f5849bb45e4eb5047f7c38afc95bb,1,not satisfied,not satisfied,0.8137504,0.17677887,0.009470761
360612f2877ffd3240bcd7cf5547e1c8,5,satisfied,satisfied,0.0068685547,0.011045928,0.9820855
5d1abd5bbec2957e31a9f13cf6b608db,4,satisfied,satisfied,0.020233521,0.195131,0.7846354
47fb368d4a77bb031a1fd7afe827963a,5,satisfied,satisfied,0.009753872,0.031857714,0.9583884
3b782d537b911e54e3ded2f12bc1cf80,2,not satisfied,satisfied,0.051581554,0.6747663,0.27365223
f6c8d7de14b92a5f86f03e08927a04a3,1,not satisfied,satisfied,0.008016614,0.04433611,0.9476473
e973e71899c07c11b1bb921d8fbf1417,5,satisfied,satisfied,0.0061639966,0.011135592,0.9827004
986c44a04afed6468747614b137f23e4,4,satisfied,satisfied,0.0441095,0.5746199,0.38127065
619800a571628934a3fdec55193f83ab,5,satisfied,satisfied,0.0038330934,0.0084650675,0.98770183
337088182876233fcd4fab01023679c2,5,satisfied,satisfied,0.005324583,0.014370371,0.9803051
df92374b73228859b8360bee07c44ac6,5,satisfied,satisfied,0.024200382,0.09594094,0.8798587
d117f849961921f8a60cc907ada1a856,3,neutral,neutral,0.27649784,0.6626342,0.060868025
cec1610bda9e1a8d6285ee286d73ec29,5,satisfied,satisfied,0.014154106,0.106216736,0.87962914
8474c4761bee769afb64836b3e79dd0b,5,satisfied,satisfied,0.0051685753,0.012444702,0.9823867
ded46139f35386a767d2a2da79f57fc7,4,satisfied,satisfied,0.028406743,0.23655958,0.73503363
2757a3d2aa21fbdf5664d4e5ee73d2ec,4,satisfied,satisfied,0.04282755,0.5880958,0.36907658
643b9d9237998318f66763746176afc2,5,satisfied,satisfied,0.004790477,0.012211208,0.9829983
0c395bf6b22feeaa410ab4741427c753,5,satisfied,satisfied,0.004161544,0.0065621925,0.9892763
c41f5fea8c39426d8a7323e26c88428f,5,satisfied,satisfied,0.004326612,0.008772953,0.9869004
15cdb9529682b6c75228e6527ee42304,4,satisfied,neutral,0.08064375,0.8390901,0.080266155
69a2f6d4765f882a5fa8c38da2e01a85,5,satisfied,satisfied,0.009457985,0.040216327,0.9503256
130edffae72dcea20ccab6b0d8c2f2b9,5,satisfied,satisfied,0.00481151,0.010148283,0.9850402
208990eed9819ba55a985c1b65ab8142,4,satisfied,neutral,0.30324018,0.64077085,0.055989023
0e3e2ec436ef5b4b43fd637df35b6651,3,neutral,neutral,0.25801703,0.7197276,0.0222554
fb8506d5e56c4f0540299ff0814631c3,5,satisfied,satisfied,0.0064292415,0.017119385,0.9764514
89780adfb363ff142c9f5e3ce05cf60f,3,neutral,neutral,0.14582151,0.7949586,0.059219893
f36158e5956781a6406088ae316bf842,4,satisfied,satisfied,0.005148636,0.014622791,0.9802286
f59c702b11e6dbc71b0a776df31746ec,4,satisfied,neutral,0.057239458,0.7507571,0.19200341
3104b69dd56f2b87576658c7f66696d1,4,satisfied,satisfied,0.0056083202,0.021534767,0.97285694
ff70d7fc3f466b1dc305a93bb90ebfb0,5,satisfied,satisfied,0.0058075944,0.010027017,0.9841653
7cb1c7059fe1751b1828bd35d9a95d39,4,satisfied,satisfied,0.004784537,0.011168422,0.984047
a1a2d56057864ee1597df1b5ad1d2b11,5,satisfied,satisfied,0.0054761246,0.011187372,0.9833365
67434e126013d10188b5aea9494d0288,5,satisfied,satisfied,0.0038875663,0.0074491617,0.98866326
8a1c3644d90faca75d2bfde620540cbf,4,satisfied,satisfied,0.0054328186,0.017909154,0.97665805
bf70712eb8933d27b4878c8baf24339d,5,satisfied,satisfied,0.005169966,0.008113824,0.98671615
de8d0d0f840f0620f98cd96e86b84f7b,2,not satisfied,not satisfied,0.91079533,0.085192114,0.004012597
55b4cebc8dd663a82fd7655f3a3d9656,3,neutral,neutral,0.07333104,0.8176551,0.109013885
f3d4cb13e86f850b3ce07e1046c6cdf2,5,satisfied,satisfied,0.0062673413,0.023120314,0.9706123
ae738b87590ebabb0242baf27ab7e2be,3,neutral,satisfied,0.34156722,0.5051783,0.15325461
74e34b8c979c2c54f68f5fd054f99f12,4,satisfied,satisfied,0.013832694,0.072377525,0.91378975
c2ad897549d65f7ddb325a86c3a1a093,5,satisfied,satisfied,0.0062348023,0.012644701,0.9811205
024365a79ad1edf0220d74e2776c8761,4,satisfied,satisfied,0.006215688,0.018805074,0.9749792
367ceed7d5eac34c907da53a3fac8f92,5,satisfied,satisfied,0.005186929,0.010963934,0.98384917
e5bab40f2f4819c9fd867208f8045dfa,5,satisfied,satisfied,0.007426386,0.013950041,0.9786236
340ace429e7f794d2c2a6eafab9e349b,5,satisfied,neutral,0.19468945,0.73797506,0.06733548
b8411f837ddf24c40ec007224966469e,1,not satisfied,not satisfied,0.79689014,0.19595598,0.007153912
17a7e8f1843a950db9719bb6b5a56f61,5,satisfied,satisfied,0.010920521,0.029779462,0.95930004
5ba5b8200f439a00ff67e2120a4027d3,5,satisfied,satisfied,0.01821011,0.052674323,0.92911553
cb5f60d1ca1346469d4d4f764cc1b38d,4,satisfied,satisfied,0.041838076,0.47964504,0.47851688
26ed4184408e0c07260166ae5a0b34dc,5,satisfied,satisfied,0.006993802,0.030372025,0.9626342
199d97ee7d72b16fd2da621211b63adb,3,neutral,not satisfied,0.87447053,0.120674804,0.0048545892
df67705e45d11608593b369fe8924549,1,not satisfied,not satisfied,0.7540605,0.23760676,0.008332674
13b39a4c495fc09e95bce96f706632af,5,satisfied,satisfied,0.006482516,0.012714163,0.9808034
1a8c58accc3e84d57a9c237d1c92f44c,5,satisfied,satisfied,0.0048532793,0.0094096605,0.9857371
64e8264e186ac660f627d2d1c4bf8570,3,neutral,neutral,0.17418973,0.7508422,0.07496802
d798953a57d129299823f44ed5513c24,5,satisfied,satisfied,0.0064878548,0.021651726,0.97186035
e6bb7bb1dcb7d6f00426c672ecc0581f,2,not satisfied,not satisfied,0.96163714,0.033671625,0.004691237
240aac0591ff553bea1538b16e418fbd,4,satisfied,satisfied,0.028032405,0.3237197,0.6482479
f131f310951dd69c3dedc213c3bd4a54,5,satisfied,satisfied,0.0071476107,0.02801086,0.9648415
988c0911d087f2fdde5fe31286fdddc3,1,not satisfied,not satisfied,0.94274306,0.052988514,0.0042684684
45d805c7e82f9e629678462641505b1d,5,satisfied,not satisfied,0.94517505,0.050416112,0.0044088135
f4445dc943d29fe1717dd2f104db7dc5,5,satisfied,satisfied,0.0061081634,0.016862985,0.9770289
1a18354e74a687b387717e030391bfac,3,neutral,neutral,0.060809903,0.74450487,0.1946853
18706afe4c69424d53aafcffd332ba43,5,satisfied,satisfied,0.01102564,0.041439254,0.9475351
3ce8bf1fdd99381a8a24f1eed9dacc88,2,not satisfied,not satisfied,0.85037947,0.14429855,0.00532198
e928aa22e8926861bd3e2f74d1d00bc7,5,satisfied,satisfied,0.004941008,0.008592206,0.9864668
ac1bf1d12d3a994fe62e0a2925617933,4,satisfied,satisfied,0.015092006,0.16214642,0.8227616
300ea0d5f0ca77ec6fe46c01ade58ab3,5,satisfied,satisfied,0.0035850029,0.007927997,0.988487
c042c1afe6949d463ac7d3910407b954,5,satisfied,satisfied,0.005016098,0.01080184,0.98418206
7def5d9d157fa01617b7b9b98a3aed3d,5,satisfied,satisfied,0.004892523,0.010204701,0.9849028
9a2e96d8a0db66feedc16c6602a53099,5,satisfied,satisfied,0.003987083,0.0082496395,0.9877632
ef87b44f38c42748787b006949ade057,5,satisfied,satisfied,0.080278516,0.5868607,0.3328608
7e4dd8d1e4caddce984b3e13603dcf16,5,satisfied,satisfied,0.006828273,0.011241355,0.98193043
9747e334da37bb3fed78e42893f27d41,5,satisfied,satisfied,0.01137011,0.04831753,0.9403123
d73f7c08f9e569673985c7958278c766,4,satisfied,satisfied,0.060051102,0.6251909,0.31475797
156f8dcbf099c198477c1cc6ae41dae6,4,satisfied,neutral,0.11414141,0.8163084,0.06955022
9ad8602e2b65b2f7d26e10bd8ea71aaa,1,not satisfied,not satisfied,0.9235299,0.072838284,0.003631785
1758ea94a16686a80dff233bdd94ac28,5,satisfied,satisfied,0.007414845,0.014322929,0.9782622
dedaf13724ac83fbe7a27ca3222ea689,1,not satisfied,not satisfied,0.9466063,0.049331207,0.0040625334
8207a9b9c97e8f292f2fa667fba0481d,5,satisfied,satisfied,0.00842044,0.023405187,0.96817434
2d357dddf5be73bbab4bc0ad011d1b96,3,neutral,neutral,0.13481677,0.7895204,0.07566295
8a487aaa781a679de7824f5eecffba04,5,satisfied,satisfied,0.011624006,0.023307618,0.9650684
9c59e961573ade8f6d6a828af7e82419,5,satisfied,satisfied,0.006327497,0.013652899,0.98001957
dec83895c72b4f9b152d96a77c7ab642,2,not satisfied,neutral,0.4076964,0.5714377,0.02086587
5daf40b1b9711e067bb8370206d7db2b,5,satisfied,satisfied,0.005556826,0.010536293,0.98390687
4b5aa5ca71d03bc90f147dac68e4a5c9,5,satisfied,satisfied,0.007906206,0.020367498,0.9717263
b62c1279c468bfa2b62b574ccd33a154,4,satisfied,satisfied,0.009499751,0.04921503,0.94128525
117bf503ae572c2ead20e642786f6bf8,5,satisfied,satisfied,0.003728035,0.006666485,0.98960555
781d87c2d737e0fd4205a546563bf6f2,5,satisfied,neutral,0.2926043,0.5789451,0.12845051
45ac72bbf8819a5921b7e660f4ac0129,4,satisfied,satisfied,0.0051480616,0.012811821,0.9820401
be71296cf8aa9d417ad0d8781a3bd4e8,5,satisfied,satisfied,0.028421007,0.10639291,0.8651861
5c4cfb1e8a08ee31a39ad4ac5664df9a,5,satisfied,satisfied,0.009319352,0.01766382,0.97301686
943744af4cc0fafc6cbab3b606fbc269,5,satisfied,satisfied,0.0052920957,0.014185207,0.9805227
39ad32831eb13e5655ceac3b3c20a693,4,satisfied,satisfied,0.03225418,0.4198076,0.54793817
e4c6ea74f90b6e50be32db89c44e5c2c,5,satisfied,satisfied,0.004189519,0.009215444,0.98659503
0cd5ac88b82ece5889be6c939ae645a6,1,not satisfied,not satisfied,0.93733823,0.05915619,0.0035056279
206d0a6f6da2ef8cf7f76ee8adf05819,4,satisfied,satisfied,0.009013233,0.030022072,0.96096474
b780d2ae371c7ec7d5deb7d50a2dc724,4,satisfied,satisfied,0.004281809,0.006835408,0.98888284
727167031972194e07e1e6e7fc282024,5,satisfied,satisfied,0.004856851,0.011887325,0.98325586
bdbba898a67b6079fc1a20e766520788,3,neutral,not satisfied,0.5373328,0.45365107,0.009016102
867e571b3abced0e966491e4239533be,5,satisfied,satisfied,0.008693314,0.033516496,0.9577902
e3068078b74ea07f784fe1ced3fda5c8,5,satisfied,satisfied,0.0042949617,0.010201132,0.98550385
4b1c55f14d82e71214c9ebcbc4e6f224,1,not satisfied,neutral,0.3429027,0.64169985,0.015397447
273e7f3775cfb7493b0929565a41587e,1,not satisfied,not satisfied,0.93019474,0.06569485,0.0041104197
f2b090a7e4c6c93c696b9c6a3e97a8b9,5,satisfied,satisfied,0.006152599,0.013788176,0.9800592
01ec2fd876bad4ddcdbe061704e0b614,5,satisfied,satisfied,0.006128991,0.017867621,0.9760034
bd8f7fe302666611bce64ee677aecd79,3,neutral,neutral,0.30105796,0.63546616,0.063475855
9f555361cee2f3b43424a6e1e82b4e29,4,satisfied,satisfied,0.061610483,0.69626486,0.24212463
4c72fde070cc2bc9fe49a6cfc437b137,5,satisfied,satisfied,0.006418841,0.015205022,0.97837615
16226cb55353cc3680fa204867aa0279,5,satisfied,satisfied,0.0057588946,0.017193737,0.9770473
fbb6e82c18c3ba20a17dcca744e6a901,1,not satisfied,not satisfied,0.7740703,0.22029397,0.0056356983
960d6d800ae5f7aac1fbf6c666027570,1,not satisfied,not satisfied,0.91326225,0.08265041,0.0040872544
afb3139ba9a6b1e6367b001b3ceab5b5,3,neutral,neutral,0.0970412,0.84422493,0.05873385
82f8d7c34586361bf2aced31ba237144,5,satisfied,satisfied,0.0037543513,0.009353437,0.98689216
3a3aeb6cd966450a839e04c2237fb821,4,satisfied,satisfied,0.010619685,0.045015264,0.9443651
3937ae5e6a20a53e9c48aa44eefe6a9a,5,satisfied,satisfied,0.00563476,0.021033408,0.97333187
81a2e6b08e2cae90054ff4f556627eca,5,satisfied,satisfied,0.0056062336,0.008198911,0.98619485
e2ee497c239e16e341483fd04bba91d0,5,satisfied,satisfied,0.01076359,0.038532797,0.9507037
2052d83e2ed1a669d48b4ade52171184,5,satisfied,satisfied,0.0072532506,0.022420643,0.9703261
bace3e86e2efd2d230d7fe0af2998504,5,satisfied,satisfied,0.0038601474,0.006702032,0.9894378
11795c4fbd7b693d25365a3655a9127f,4,satisfied,satisfied,0.006412447,0.031253457,0.96233416
7d0e6ea1be85db6fa6086dc89b211cf4,3,neutral,not satisfied,0.59950763,0.38777807,0.012714327
f3539515d04c7b0d8461877b6e32b2df,5,satisfied,satisfied,0.0066110045,0.022004478,0.9713846
3deadcb9a9a799ddfc87848257119e59,5,satisfied,satisfied,0.0040652864,0.008380384,0.98755425
b903b9ab6d24db02d64cd2f341f33b7d,5,satisfied,satisfied,0.003891995,0.0074525992,0.98865545
8a798ca3af5a4027a2f679ff22074f8c,4,satisfied,satisfied,0.014357691,0.14104477,0.8445976
94551bb1f28f661dd4493090f1e45e0d,5,satisfied,satisfied,0.005507783,0.010050833,0.98444134
fcf450cafaf30506ac1045c34c007776,5,satisfied,satisfied,0.0051169866,0.010087203,0.9847958
8a55046762c3e57aa0abcfc8b95878da,5,satisfied,satisfied,0.0054056905,0.0115876645,0.98300666
ed931d77cd40d143c70536bebc6496bd,4,satisfied,satisfied,0.09185654,0.65005106,0.25809243
b7a1d9eb83760c0f1d04580feb0a3d0c,2,not satisfied,not satisfied,0.5051215,0.47485697,0.020021511
737df223e8700c56a0a58d8e1be2e0f2,5,satisfied,satisfied,0.010692159,0.019715013,0.96959287
ca203144228adaac136f56235ca867df,5,satisfied,satisfied,0.0062144683,0.010900471,0.982885
0b447a0e49f025c263d8a990e4cb7348,5,satisfied,satisfied,0.014494161,0.14107528,0.84443057
43f7eb1a651f0b862de03b410564541b,3,neutral,neutral,0.09337259,0.72481996,0.18180752
7238630c0a5fb35633a0b57dcc85a572,3,neutral,neutral,0.3881062,0.59588975,0.016004022
1964e10c6bed41268f3c23ab34139097,5,satisfied,satisfied,0.01643557,0.100151,0.88341343
657409369a6caf5a18df9e58f79100c2,5,satisfied,satisfied,0.0035474019,0.0062503023,0.9902023
1ccfdb161281374b2a21173d0fd605b8,5,satisfied,satisfied,0.004328374,0.008208853,0.9874628
d38b79a9de7155e4283a4defb6777d2d,5,satisfied,satisfied,0.004610649,0.009682679,0.9857066
29b5fcc498159ee0791391ab9518716d,5,satisfied,satisfied,0.0038623256,0.008224954,0.9879127
4c1b021300843f458546c04d8ae30d6d,4,satisfied,satisfied,0.006553933,0.016474118,0.9769719
60bcc6cfbe0ecb60c2c3bdc61128ee9e,5,satisfied,satisfied,0.0042886077,0.0085435435,0.9871679
511c227e31f62a3a39db469cdfb457a6,5,satisfied,satisfied,0.043442,0.2328603,0.7236977
0268131acfe6322aac3827ae95dab0e7,5,satisfied,satisfied,0.004838122,0.008913626,0.9862482
2b9e45e2e1594105cb72a1d92d8354ec,5,satisfied,satisfied,0.0048331,0.011047768,0.9841192
87ac115d9825f9b4c51c7b0ee9cc7704,1,not satisfied,not satisfied,0.9369775,0.058598135,0.0044242884
571286f3116d66f48b997aa2dda15751,1,not satisfied,not satisfied,0.93544585,0.06084118,0.0037130024
1acdc77087e61daaf27414d1ab08b665,5,satisfied,satisfied,0.0041732662,0.009009348,0.9868174
54a172a193b9133225b2af70905d247f,5,satisfied,neutral,0.100566216,0.76641554,0.13301823
6d44d2789eebdde74c48eef7a8c76e90,5,satisfied,satisfied,0.01331498,0.102949455,0.88373554
cd14bf1b88b4090ff841561091facec0,5,satisfied,satisfied,0.0054720575,0.010159526,0.9843684
4931a6ff2cc16022d1fa3384e30fff9e,4,satisfied,neutral,0.16867967,0.8006391,0.030681191
786705b3e6b9bf0c41b8cf2caf91002e,5,satisfied,satisfied,0.003864953,0.008139398,0.9879957
590bd4fd326c4cbe31356575fb933160,5,satisfied,satisfied,0.004033908,0.0065282686,0.9894378
fe163c4a28f7686e19bf122b27986058,4,satisfied,satisfied,0.018760698,0.12742563,0.85381365
f366bd25701c7915c607183d61150d66,5,satisfied,satisfied,0.09163566,0.6766521,0.23171225
2a70fefb9915fd9d7bde6cf62f4103d2,1,not satisfied,not satisfied,0.96238667,0.03106665,0.006546747
b4934b6ea1f4104a3deeea1611d4fd8e,5,satisfied,satisfied,0.004406765,0.010213759,0.98537946
649375e965bf86c4a072b03b831216d6,3,neutral,neutral,0.13304588,0.79876786,0.06818632
af63a9a8a91ce14d347158ae92e77769,4,satisfied,neutral,0.13260195,0.7141992,0.15319888
aeca4148fcaaa417c49207cfb2fc0315,4,satisfied,neutral,0.13069847,0.7201349,0.14916666
7a0dc74776926db987f3fe96c804e149,5,satisfied,satisfied,0.0067176498,0.014735392,0.9785469
3fb2d0935ee40cb97ab50b382cd6c75c,5,satisfied,satisfied,0.06839549,0.66430604,0.26729846
f63e21ce1a0b11b63fce883254918b39,5,satisfied,satisfied,0.00530973,0.008595793,0.9860945
2471f8726b910c2475b591961c879651,5,satisfied,satisfied,0.005990863,0.02563376,0.9683754
8d01105be8a081c380bb179f644879bc,5,satisfied,satisfied,0.007121315,0.010952145,0.9819265
829bf12c2d7e7434b15d538a06aa24d3,1,not satisfied,neutral,0.192409,0.73893505,0.0686559
469c76357696fe8d164aee528188e550,5,satisfied,satisfied,0.015696343,0.023107952,0.96119577
d0c31827731d8acf799bed52ffb77e16,5,satisfied,satisfied,0.005903948,0.016221836,0.9778742
628ea424a16e758dc09e5bd4031809f9,5,satisfied,satisfied,0.0045391857,0.007983115,0.98747766
268eebdbfe70901be323241dd9fbe222,5,satisfied,satisfied,0.0063926117,0.021146193,0.9724612
685498700f75e5d44f12f9a366c6fefc,5,satisfied,satisfied,0.0044538816,0.010358242,0.9851879
603aa03cfbf27446c66ef418bb7ae360,5,satisfied,satisfied,0.004054173,0.0066555864,0.9892902
44406e5584129a7134caf85d47c6f99e,5,satisfied,satisfied,0.0042783353,0.01046595,0.9852557
644db2f0dcd6fe69d44993d8f09b8dae,5,satisfied,satisfied,0.00458294,0.008678284,0.9867388
af10613be780c6b16ea29ee7e849af8d,5,satisfied,satisfied,0.05360114,0.5154889,0.43091002
93a5979585951b3cd80a31205e985e83,1,not satisfied,not satisfied,0.94901574,0.04681571,0.0041685253
adac456fbca35e1cf4cc33413a54ba50,4,satisfied,neutral,0.25576857,0.704094,0.04013746
fd334878d2ee7d4de2dfa680bc468375,5,satisfied,satisfied,0.0054605976,0.014962237,0.9795772
70fd1eaeba54002b4163349215623e1a,5,satisfied,satisfied,0.0071930387,0.021379376,0.97142756
ec6264cdca2313306e361ee778e3533a,5,satisfied,satisfied,0.0064449394,0.014675134,0.97887987
35b294ce86db15b18475713147b70352,5,satisfied,satisfied,0.0054209256,0.014878487,0.9797006
cbd9a2d2ac47f9edcd04c5978fc15910,5,satisfied,satisfied,0.004453977,0.009291092,0.98625493
e3818905fbfaface13fe5cff3b3a7a72,5,satisfied,satisfied,0.008984611,0.01570868,0.9753067
9f1dcb781a57d1998eb13a929fdc757e,5,satisfied,satisfied,0.0041803555,0.009253776,0.9865659
22dd2a98b099612a8775ec080714241e,5,satisfied,satisfied,0.0042573973,0.008076443,0.98766613
d8b020f61e80ee021c65c68e3a364b97,5,satisfied,satisfied,0.012829043,0.03877133,0.9483996
6e6f1da04f5193b6aeb9ab1940bd4ec5,3,neutral,neutral,0.33003017,0.64386076,0.026109101
e5a60705c2cd60002cbd6fafff975413,1,not satisfied,not satisfied,0.7881178,0.2034151,0.008467019
e1e75370ee3d80cff18db083636f54d1,2,not satisfied,not satisfied,0.910743,0.08523029,0.004026709
b4977219e8f9fb6141cc5b489f2743b1,4,satisfied,neutral,0.41793883,0.54866475,0.033396453
c28a9aff8831a4504c9280f45e7d451b,4,satisfied,satisfied,0.004223756,0.009379462,0.98639673
7e7363cc82cfec29fa70261d3edb62e7,5,satisfied,satisfied,0.0060451226,0.018846171,0.97510874
0ec6ddfd9c0eebf57ad147830935a4ff,5,satisfied,satisfied,0.004980655,0.010688454,0.98433095
2d7e5ceb400c3cc637625b8f824bc4df,5,satisfied,satisfied,0.0054273824,0.014085697,0.9804869
a059887ebc3462e10380621a7499a3f5,5,satisfied,satisfied,0.009198491,0.04371783,0.94708365
77bb896dcba654b8a9c879e65e94bee1,4,satisfied,satisfied,0.0089491,0.06014726,0.9309036
a099103831fb302a8442395cf9bcab8b,1,not satisfied,neutral,0.42571393,0.53530276,0.03898336
7d1aae885a987144df3bb94fb0a34c06,3,neutral,neutral,0.31081393,0.6675142,0.02167187
310584e6a81075aaa2fd458d2af82ff4,5,satisfied,satisfied,0.004570303,0.008817445,0.9866123
e2528a0bd590c59bb07abb55ce6b406b,5,satisfied,satisfied,0.0077574975,0.015025284,0.97721714
f455a196dc607d5098e7c91ce156d2dd,5,satisfied,satisfied,0.0071872505,0.028386833,0.96442586
1767b9c474a9d15f19ec63af40042da1,5,satisfied,satisfied,0.0043068645,0.006794018,0.9888992
56e8e963e1d7ab046b894ca07b2d04eb,5,satisfied,satisfied,0.0072371843,0.026078312,0.9666845
ebdb8c04e8c8f79748a4fe575e889d35,3,neutral,satisfied,0.05715653,0.66835153,0.27449185
c6548ec4b61865e82e2f072a79d9cf55,5,satisfied,satisfied,0.0065371813,0.016157283,0.97730553
5c213282bc4f12d97392054e939e8b9d,3,neutral,neutral,0.11630394,0.81898534,0.064710826
74aaed4111907fc5f939eb8b5b97ff73,1,not satisfied,not satisfied,0.9468023,0.049299736,0.0038979833
f1b060caab4f338831b809bdbc789648,4,satisfied,satisfied,0.004333941,0.0093027875,0.98636323
2eeae4c9d6ef5fb129e5d74fc6f4180c,5,satisfied,satisfied,0.0044138767,0.009916412,0.9856697
2267d19b318907a77b6028425fc08630,5,satisfied,satisfied,0.004658812,0.010860767,0.98448044
446207e89b3dc4724eacf2b40df83dda,5,satisfied,satisfied,0.055569123,0.56023777,0.38419306
9bbc55b4f6ba6b66ac3a0cb98ccbbefa,5,satisfied,satisfied,0.0046855407,0.0074419472,0.9878725
a12a2005b05267e8e13f0c14f5c3b5ea,5,satisfied,satisfied,0.006952675,0.011224768,0.9818225
d52b4b123e1409d396559bf6f74aac35,5,satisfied,satisfied,0.005854979,0.022007262,0.97213775
6bdcd7c028d01bc6b1e23813833c066d,5,satisfied,satisfied,0.0054383003,0.016919127,0.97764254
be91ae00abfc276001574be163bebefe,3,neutral,neutral,0.098736845,0.81615466,0.08510855
e044d26369c89f2bdcb7d39957c9229d,4,satisfied,satisfied,0.006735916,0.030536676,0.9627274
974a8ad722e9ff9368cc49d55ad3ec63,5,satisfied,satisfied,0.009917147,0.016741812,0.973341
199d50bb164eb2994f307f9f59c99c72,4,satisfied,satisfied,0.00996636,0.051519442,0.93851423
c13422b99b986268b68a0f37f43fb183,5,satisfied,satisfied,0.004405592,0.009160705,0.98643374
e247f5c9c839487a7ee15189c6e61989,2,not satisfied,neutral,0.35792908,0.6193446,0.02272634
1180a9225671297ddb8d0af1c6a81ada,4,satisfied,satisfied,0.004893105,0.011625359,0.9834816
ef80664336bf219eb089295e1c99f3f5,4,satisfied,satisfied,0.008199909,0.052761037,0.9390391
64a3d7952383d0709b68df822d09fb3c,5,satisfied,satisfied,0.015177852,0.054296065,0.9305261
7f306c0509d75fdd1dbfe3170e9d43d7,5,satisfied,satisfied,0.0038291449,0.00697704,0.98919386
05857826535adeea6d9da18be898fb18,5,satisfied,satisfied,0.009135998,0.022566743,0.96829724
4af0917fbedb39c85be0f86b4b6a4416,1,not satisfied,not satisfied,0.87469023,0.116672255,0.00863749
05d52ba429cf5b5180e2883b9aac06f5,5,satisfied,satisfied,0.005263914,0.011079458,0.98365664
1fb6b7cbf26398ac107108c66cdb29a1,4,satisfied,neutral,0.20015234,0.76380557,0.036042023
8b33ef99651b7bf7cbec149dc5feb2ca,4,satisfied,satisfied,0.026705591,0.25528616,0.7180082
b0457042bb01b5b611cd43da0754dbc9,5,satisfied,satisfied,0.004171304,0.006210547,0.9896181
0bca66136f57e9628777638fff820618,3,neutral,not satisfied,0.759804,0.233082,0.0071139736
3eae66f465933a1533c923bd9655f18f,4,satisfied,satisfied,0.060511727,0.59349394,0.34599435
d50c768afaab7551dbcf5ff78c2ff109,5,satisfied,satisfied,0.0088985115,0.039337255,0.9517642
4a57ed1ffeb708b8aa4e9dfb46dea11f,5,satisfied,satisfied,0.0075444356,0.01905136,0.9734042
31a1553c571bf183d60b5f5657e29def,5,satisfied,satisfied,0.004888516,0.00996318,0.9851483
99da5f7496d4c558a16d8ac1ea3c4e6d,5,satisfied,satisfied,0.0062067695,0.02672094,0.96707225
943748c6a7ec726f3d9a61434ce37da6,5,satisfied,satisfied,0.0064281025,0.026969563,0.9666023
63a5e1fe4bb709ee8c284747b253e219,5,satisfied,satisfied,0.00991979,0.02184285,0.96823734
635302291da7f8a476ce4c41bc46228f,3,neutral,not satisfied,0.9236659,0.072149664,0.004184476
2f4870d19a0b76a21a00977e9716abc3,5,satisfied,satisfied,0.0043797884,0.009849178,0.98577106
491bbfc875a3dadce2d3b41450ac7d21,4,satisfied,satisfied,0.045729022,0.43075943,0.5235115
d4d77045a4f67ebaea43412525f1228f,4,satisfied,satisfied,0.006724751,0.027980544,0.9652947
d2c7151da19f474a881e2523844c7717,1,not satisfied,not satisfied,0.9468812,0.049214154,0.0039046856
3590257c535ce465e812aed9b45965da,1,not satisfied,not satisfied,0.96196663,0.033190954,0.0048423633
ece3cb0b2bd315b66ef434643fee2458,5,satisfied,satisfied,0.0075750384,0.011321919,0.98110306
87fe2022697204a4dd9511ba2b47a622,5,satisfied,satisfied,0.005172168,0.014180765,0.9806471
3fc52f256fda38d6f6ac57c461754510,5,satisfied,satisfied,0.008887396,0.020383185,0.9707295
1d75c5d24149342b38c9721461e98255,4,satisfied,satisfied,0.0054724794,0.017782338,0.9767452
bc0253e5f685e7ca4a9e94a02c640709,5,satisfied,satisfied,0.012569712,0.04663545,0.94079477
8f40a687677e57e50ce9fc861c4c629a,5,satisfied,satisfied,0.0045397636,0.008420856,0.9870394
f0ed788f73dd63277a0875d5960b3b7c,1,not satisfied,not satisfied,0.95773035,0.038143665,0.0041260268
78e71ff13f510492c6705e903b196e58,5,satisfied,satisfied,0.004359356,0.008214247,0.9874264
67e9c161ba1d8faf9aaed96b92a5fdc1,4,satisfied,satisfied,0.005957242,0.017779205,0.9762635
3e0999ce4da015a5a6803aa5c77eb1c4,1,not satisfied,not satisfied,0.8139995,0.1804149,0.0055856067
531036e0e5a5ff0fc165eadfbb257ffb,5,satisfied,satisfied,0.0044045895,0.008790511,0.98680484
744a6dc287e5895be720cf82f6bcff68,4,satisfied,satisfied,0.0075578936,0.039288964,0.9531531
06e415abdad96e067aee8fb2a5892bb5,4,satisfied,neutral,0.087124385,0.76166517,0.15121044
d59498a8121cd044320d18013b1a985f,5,satisfied,satisfied,0.0048419973,0.009973452,0.98518455
1b0fd5643fa3bf9ec6948cf064b643cd,5,satisfied,satisfied,0.0074303476,0.023580482,0.9689892
1ab9794dc8696b1962d4f2e2e0855ee5,4,satisfied,satisfied,0.005317797,0.016992923,0.97768927
0659dbce967f1ab5b2f8a79a7e416249,5,satisfied,satisfied,0.0052751238,0.009459401,0.98526543
0fbb30fa7caadedb34c24f3fa11e1d8d,5,satisfied,satisfied,0.015271221,0.062073145,0.92265564
f3f8158a73c84340787d029a781adc20,5,satisfied,satisfied,0.0056908396,0.011505787,0.98280334
8747957b83e31cd3dccfabc2df08e125,5,satisfied,satisfied,0.006469973,0.011972373,0.98155767
c029c2ba98b2d7d4f92bba28262e21af,5,satisfied,satisfied,0.004564005,0.012476029,0.98296
ebd8103bff32cba9034eebff5e3e4093,5,satisfied,satisfied,0.004475315,0.011188592,0.98433614
0cfdff52b98d4d9cd86d4f86f33bcb9c,5,satisfied,satisfied,0.0048525715,0.0154962,0.97965115
95ee961263cb1b548d7c48b33d929280,5,satisfied,satisfied,0.023089016,0.16352972,0.81338125
a1caeab1b1e896e7b8c73c486a1e200c,5,satisfied,satisfied,0.00958424,0.03514867,0.9552671
df9ca2f476b9b5301ac88329e34e68d4,1,not satisfied,neutral,0.39716822,0.57800835,0.024823433
8bb00510ad6f47a32c32ecc9c87796e3,5,satisfied,satisfied,0.00479348,0.010012413,0.98519415
b9d349b80d2fc567bc960c14b08a485c,5,satisfied,satisfied,0.004162476,0.007544501,0.988293
6c3b1c3137c55a976b86e34ebe7bf7b6,5,satisfied,neutral,0.12180563,0.74457926,0.13361515
2ab9ae6b217cc5eb857325a7b0166df2,2,not satisfied,not satisfied,0.74495643,0.24836455,0.006678968
e1cb9ac65be8c71c9b392360e83b7e9e,5,satisfied,satisfied,0.016077636,0.0825483,0.90137404
3b901dc3dea2c7b121e0c289fd6d3fcc,4,satisfied,neutral,0.18207951,0.6564486,0.16147183
2b8642b7adb566b698e44c302e57743a,5,satisfied,satisfied,0.0052821804,0.01848675,0.97623104
79a9550e870a42e53b89695dd8275786,5,satisfied,satisfied,0.0058036568,0.020971268,0.973225
5f5ec3dc1efa4f89d70d6d1b624d6407,5,satisfied,satisfied,0.005044772,0.009540074,0.9854152
39b67f36e9c6ca139bc6421c1ac7fd25,5,satisfied,satisfied,0.009861723,0.02378046,0.96635777
7ac07d151be302491c30a5541b5ed9dd,3,neutral,not satisfied,0.65725476,0.33501917,0.0077260802
8cd73098ee25f4d9b93e50a6c7f264fe,5,satisfied,satisfied,0.0053655147,0.015420839,0.97921365
5a95761f9ae28aa234973c00b51c009d,5,satisfied,satisfied,0.0040127602,0.007365787,0.9886214
84bc247aff067d59d631ddc40f6b33b0,5,satisfied,satisfied,0.005855512,0.017196344,0.97694814
720ce89ca7b2e1e3eaa4f53999de9862,4,satisfied,satisfied,0.0061705895,0.024978511,0.968851
26849d016e00ab947175953b55ac2062,5,satisfied,satisfied,0.009590285,0.04588846,0.9445213
a2def82c70dd04af5c0b8dedfa2246c2,4,satisfied,satisfied,0.018122718,0.19439523,0.7874821
f1deac501afacbdc088985a3e82741e2,2,not satisfied,not satisfied,0.81162935,0.18091346,0.007457247
52d60905fa1ab9ddf262f025362fd300,5,satisfied,satisfied,0.0075008282,0.020655863,0.97184324
9e6117f71c1d7842b14c0329d4ca88e2,1,not satisfied,not satisfied,0.95895815,0.036520883,0.0045209564
d08d7e18f89c3437f1e84cbefb2a6d16,5,satisfied,satisfied,0.0070796334,0.015758587,0.9771618
eb47d86520ea5bd1f6c4ab075b6a6ff0,4,satisfied,satisfied,0.013335522,0.092411146,0.8942534
a55a1141500a3455caeacdc5a8fd8879,4,satisfied,satisfied,0.0049350187,0.01602037,0.9790446
55b031ef9f0d21a2c2f345aee98a9137,1,not satisfied,not satisfied,0.955748,0.03982874,0.0044232276
41cfbf171f09a7b256f569b1b936e220,4,satisfied,satisfied,0.047833487,0.648611,0.30355543
5f6edec400f2ce43a6301e16c271f638,4,satisfied,neutral,0.09511364,0.85729647,0.04758986
d38fda2126ed9b2c057c1bf4f0ec5b62,4,satisfied,satisfied,0.032313887,0.46322873,0.50445735
70eeae9b43db9d691348e3c1a6704422,5,satisfied,satisfied,0.0041201576,0.009422986,0.9864568
3e22f61778712db5f285b7f1d03ebc0e,5,satisfied,satisfied,0.0043778694,0.011637037,0.9839851
cb602679bc6ce8e47cf69d860a7abff6,5,satisfied,satisfied,0.011429956,0.043670762,0.94489926
b38c56af170aa1e3d181beaea7eee03c,5,satisfied,satisfied,0.0054768957,0.020775683,0.97374743
ad5c1a87f7b2824aa7a44a837101ddbc,5,satisfied,satisfied,0.004418258,0.009300054,0.9862817
1e7283acdabaf1e1a8c7106ff4c617c8,5,satisfied,satisfied,0.0039467593,0.008379425,0.9876738
e2ec73336dc3ea3088e2845315af87b8,1,not satisfied,not satisfied,0.9547112,0.04117518,0.004113632
33bb7e09a60347fc6797d70f31f57ecd,5,satisfied,satisfied,0.0043118335,0.007922696,0.98776543
50eda937db7c34aeb018c9a4186e2fd1,5,satisfied,satisfied,0.0057178824,0.02122464,0.9730575
d791461e046a781ba6fbbf2b84263f13,5,satisfied,satisfied,0.004507201,0.008196673,0.9872961
5b793f9083feb2eb14a504c3b05d5367,4,satisfied,satisfied,0.015858069,0.092772275,0.8913697
d7e61f00b934bc7f003d38ceeb1c563e,5,satisfied,satisfied,0.0054842094,0.007307754,0.98720807
8354809c2b877eaf9b76b811fc857064,4,satisfied,satisfied,0.005717345,0.027421542,0.9668611
5a547cda21b41fea14be43c641c141e1,2,not satisfied,not satisfied,0.563454,0.42507184,0.01147419
7eacf3cf5fe9e3737124b6b386f3e1c6,5,satisfied,neutral,0.15496013,0.6681401,0.17689973
c69a1a4c87a49920302c8d22a205b9e0,4,satisfied,satisfied,0.062499437,0.48383504,0.45366558
217eb31410bd72d487467b89c55e37a8,5,satisfied,satisfied,0.0043344614,0.008616337,0.98704916
ab2c8fabb2485555be09c4f928548a99,4,satisfied,satisfied,0.0058059986,0.018511942,0.9756821
8f007d50303629aa9787ab4bc35892f6,5,satisfied,satisfied,0.0041789357,0.008433081,0.98738796
ebcf5847c1e557baa99628f195bff677,5,satisfied,satisfied,0.022647355,0.06318723,0.91416544
1e07a3ddba80ffb484ce0da4ad8cdc2e,5,satisfied,satisfied,0.007441633,0.027370967,0.96518743
585021868646ae813f85e2411be78ee0,1,not satisfied,not satisfied,0.86983573,0.123004995,0.0071592913
95cafb793a498a9dc1786883252dc272,2,not satisfied,neutral,0.16145884,0.6713178,0.1672234
a19e01519af9f09d2b49812380c3c186,4,satisfied,satisfied,0.005534918,0.02014391,0.9743212
cf95e587133c3f2afe21750a23f63639,5,satisfied,satisfied,0.004975692,0.009040239,0.98598415
6bbb47c38e27db3d8d6736c9b31349f1,2,not satisfied,not satisfied,0.85153973,0.14368653,0.0047737765
1ff2a2beed0e9403c05fc5c190e21a62,1,not satisfied,not satisfied,0.9603978,0.035099223,0.004502899
6759fde7d68593b5a034215932be85b5,5,satisfied,satisfied,0.031324577,0.11034665,0.8583287
dd2ac577ae396b210f4589a9c5822020,5,satisfied,satisfied,0.0050832727,0.014866761,0.9800499
0e1693c19c9c2737b15617379fb86091,5,satisfied,satisfied,0.0045082117,0.010420797,0.98507094
4444bd8c112aaddf931d5d808b67bbe6,5,satisfied,satisfied,0.0066483407,0.015546603,0.977805
b9ec98117d4fc9757b768e2527c9755e,3,neutral,neutral,0.1536302,0.7852959,0.0610739
841f486c4a7076a86b66731a63ec9d55,4,satisfied,satisfied,0.0060950136,0.025681283,0.9682237
b8dd1dd9c484169c714713af9defb9af,5,satisfied,satisfied,0.00556282,0.025421824,0.96901536
a45e63bb90e5a0198e34740ddd1d41a8,5,satisfied,satisfied,0.10211082,0.288914,0.6089752
b5660c217409636ea2203b4c6f1e1455,4,satisfied,satisfied,0.0149869835,0.13808031,0.84693265
d496f1ecbead2fc625560ad3ba2e0dd6,4,satisfied,satisfied,0.005094601,0.010064359,0.98484105
dbd926f4cc65840e46d4068fe9518d7f,1,not satisfied,not satisfied,0.9452941,0.05092988,0.003776032
cf556d22c3e887b1a8b39abbb5adbe3f,2,not satisfied,not satisfied,0.731337,0.2591806,0.009482394
45887e1814535a1ec2a29c7e90bf5dff,5,satisfied,not satisfied,0.595764,0.39401096,0.010225041
bf674d5dc62414e47c8996a6495805b0,5,satisfied,satisfied,0.005311721,0.010637854,0.98405045
3ab4df78510c62302dd2abf5c5433ed9,5,satisfied,satisfied,0.018736472,0.20041957,0.7808439
a9e62036c5610a2a19f293bea6b764be,5,satisfied,satisfied,0.006255437,0.012790448,0.9809542
126a2bd15f72249f02d74c666c610d89,2,not satisfied,neutral,0.25160593,0.6975582,0.05083586
85bffd5616c71205114e81c20302c26d,2,not satisfied,not satisfied,0.96057045,0.034341075,0.0050884415
06035ca163833a4e40e2d71fac81a0e7,5,satisfied,satisfied,0.007862651,0.02355446,0.9685829
3b851772b8ff1b077e948f71d9ea30e9,4,satisfied,satisfied,0.009656287,0.0705147,0.919829
ea2290f0a02acfaa094d18695977c2d7,5,satisfied,satisfied,0.003987807,0.01019265,0.9858196
94c6655897f4ccc004f86f826c0fd825,5,satisfied,satisfied,0.0061938325,0.01716994,0.97663623
62b92b41a8caa7d9097fc8507ca9c809,5,satisfied,satisfied,0.004322587,0.008192725,0.98748463
887abf126cca744f2ef1577ac836c71c,4,satisfied,neutral,0.3070945,0.64119303,0.0517124
80c2f6273c829071d6e09340191d6b5e,1,not satisfied,not satisfied,0.51989573,0.45622626,0.023877969
f2748850e8eaa7d88b2f3f889eebb071,5,satisfied,satisfied,0.0037031134,0.006467226,0.9898296
5feca8e7f1a29d595c6c426f062af174,4,satisfied,satisfied,0.057754666,0.32889658,0.6133487
fe630491f5fb57de49bf42b1fb76d636,5,satisfied,satisfied,0.0043588327,0.01153454,0.98410666
3c63728ef4bb1d099b73ce636932517e,4,satisfied,satisfied,0.01129184,0.09802625,0.8906819
68ee81caab85a22cf3ef3659c9727208,5,satisfied,satisfied,0.10706198,0.47776628,0.41517168
747d9551e4dc94f3b209e9592d0d32e9,5,satisfied,satisfied,0.0035389112,0.005730459,0.9907306
b9407eabd7dd0bf63b928be3f70e149e,5,satisfied,satisfied,0.003734506,0.01044001,0.9858255
38cecd86e386781d7b2dcd6c041c797f,5,satisfied,satisfied,0.0052551897,0.014581846,0.980163
90f8e5b9fb57936d9a341d9912de7409,1,not satisfied,not satisfied,0.9653095,0.030295912,0.0043945774
0193338978736ca1a755dc45a0d210b1,5,satisfied,satisfied,0.0045148567,0.0093600955,0.98612505
0a2ef3c19084d44d60b272d03770f55d,4,satisfied,satisfied,0.019719686,0.06010445,0.9201758
c85d336cd70dbfd2651c4631ce2132fb,5,satisfied,satisfied,0.0041579604,0.00810838,0.9877337
9e8fcb362c9cb7757204391fd4356fe1,5,satisfied,satisfied,0.004946886,0.015660143,0.979393
30adaea2020ee33802943598d7a23dae,1,not satisfied,not satisfied,0.9594687,0.03459423,0.0059371456
622c3c8031223f88967e442823a52558,4,satisfied,satisfied,0.015978707,0.11344084,0.8705805
f1a1dcab431c1f2a5f445eb537963a50,5,satisfied,satisfied,0.007929231,0.018175472,0.97389525
001da51bed729d6a900b39cebf9148cf,5,satisfied,satisfied,0.004466976,0.012104923,0.98342806
23240c2e00fde066996a82fb9e13eb07,4,satisfied,satisfied,0.01679482,0.16841741,0.8147878
d125d433c20f77638b556cdad0f1d84e,5,satisfied,satisfied,0.008409834,0.023479762,0.96811044
79efee59c70a36f82a8be7dc1980c2f7,5,satisfied,satisfied,0.0050023934,0.0074983183,0.9874993
19875e98a998984999619d82149c3afa,4,satisfied,satisfied,0.008396615,0.031260334,0.96034306
fd451a987f1cb52c0c1d2e1e6574f737,5,satisfied,satisfied,0.004509881,0.011506214,0.9839839
fc0f5ccfe45d9c7e3dc19599f059e207,5,satisfied,satisfied,0.0053738053,0.012611173,0.982015
61f6f666faf3d89492b83c82e6f47c2d,5,satisfied,satisfied,0.0043327874,0.006815613,0.9888516
92bc28ea9a5663e341cfd1f332b53116,4,satisfied,satisfied,0.005219582,0.016897952,0.97788244
f935440f102fc11ba60ccb5a99d29994,4,satisfied,satisfied,0.005474824,0.014423903,0.9801012
0e9fc8486ede95de8ea018f34339c8c4,5,satisfied,satisfied,0.0054310756,0.011537922,0.98303103
78e5e0450e5301b9d00f252c765f64f1,5,satisfied,satisfied,0.06135823,0.50765383,0.43098792
449bcd77d4f264d922498c4f4a1c061b,5,satisfied,satisfied,0.004405623,0.007836858,0.98775756
30b03433f7f62fafda25127c098e7f63,5,satisfied,satisfied,0.005488041,0.012258805,0.98225313
b517845dd8855132fbe4e42b322959f1,5,satisfied,satisfied,0.004408938,0.006667333,0.9889237
de59938a4852545ac5ac2c310e537c12,5,satisfied,satisfied,0.0046834373,0.010085814,0.98523074
10c434a0730fa62777fda850357fb821,4,satisfied,neutral,0.0724975,0.7787767,0.1487258
91bd1738813b44e8f42f1c903a9b0b5d,1,not satisfied,not satisfied,0.8073026,0.18464117,0.008056163
b041cd0746b3f5ff67d5a529ba06fba8,5,satisfied,satisfied,0.007232191,0.01812672,0.9746411
e9ecce1592f86578e4b2d4c47db11d27,5,satisfied,satisfied,0.05425956,0.29044098,0.6552995
ead8b0d15f918e3d51590495522dcf18,5,satisfied,satisfied,0.0050149434,0.014917952,0.98006713
adb5341e28ddbe88fa5a82bc8d6bcab0,5,satisfied,satisfied,0.005751283,0.010797672,0.983451
43065d63b5c4c8b20bf30fffefd202b8,1,not satisfied,not satisfied,0.83671165,0.15826908,0.0050193216
df8e788f436eaac17b76e99fd9a3cf3d,5,satisfied,satisfied,0.009340899,0.03566644,0.9549927
74da5b870e8ca401415509a4ee93376e,5,satisfied,satisfied,0.0070639085,0.012497921,0.9804381
f4fe6339d1e276161fbf2731d14e9505,5,satisfied,satisfied,0.0047504692,0.009762792,0.98548675
f92c142c13b35e751f3a5a9b6492ea59,5,satisfied,satisfied,0.0057194023,0.02554687,0.96873367
a3f357a3b8657e578bf44568332688b9,1,not satisfied,neutral,0.22359225,0.71005017,0.06635758
9722c0035b92351ccbd1bc7466895ad7,5,satisfied,satisfied,0.046798136,0.17672217,0.77647966
faed2fb3563862e863394b754c56094b,5,satisfied,satisfied,0.05268273,0.6593731,0.28794417
3d7948c7a60ee375dfe56bba2a19dd66,4,satisfied,neutral,0.07258377,0.82654166,0.10087448
49ddf68230558f27aa49b6a15ee4d42e,5,satisfied,satisfied,0.0069235032,0.020637726,0.9724388
006cd6efc2a81db32fbecc55d4d2fc9b,4,satisfied,neutral,0.12874502,0.7662016,0.10505334
b69203f0febad06f36773c2d41935ce1,1,not satisfied,not satisfied,0.9328462,0.06279683,0.004356959
25601d721bdbd78bf9db39bba960e0a8,3,neutral,neutral,0.227172,0.73851305,0.03431497
3a40aa0b2b558ea76beae79036b79720,2,not satisfied,neutral,0.268054,0.7052754,0.026670573
bc26c4691a2726cb8a959cdf1fb64072,2,not satisfied,not satisfied,0.75729877,0.2347266,0.0079746
de6d3f737b2f8848622aa431312e1220,5,satisfied,satisfied,0.026046481,0.22410302,0.74985045
af9917eaf8b341d8163c20d42bed7a1c,4,satisfied,satisfied,0.007482719,0.03932317,0.95319414
0a7147270e6393c2722d43d8838d49f2,5,satisfied,satisfied,0.004554021,0.011743094,0.9837029
575100bd6a8764c00ce80481b8ac4a15,5,satisfied,satisfied,0.006607165,0.018618787,0.974774
7eb3ea828b8a8e56ae09d38482c25142,5,satisfied,satisfied,0.025098424,0.07749965,0.8974019
1dbdd3c3fffa938151919d63ce0f8c15,5,satisfied,satisfied,0.0050893514,0.008471509,0.9864391
9fd29cb3319316fcdab11349d4a35209,4,satisfied,neutral,0.35950142,0.6038826,0.036615953
41aebe23ae0d6aece33c6e287f220974,5,satisfied,satisfied,0.006799624,0.015941795,0.9772586
9710922ea049f51aaebff9e84eea95fb,5,satisfied,satisfied,0.004440415,0.008701322,0.98685825
b81c3a7592de36d3d5d7f68f8b0686eb,1,not satisfied,not satisfied,0.9616838,0.03373922,0.004576952
226d846ee8972336d15605205ba1afc4,5,satisfied,satisfied,0.005407844,0.013253119,0.98133904
7668542ef43add560d82f24c89d5cfac,5,satisfied,satisfied,0.004995984,0.011126098,0.9838779
81f721563d4ed9048aed1cf69b7223e6,4,satisfied,satisfied,0.049760234,0.7071526,0.24308705
b3de3399edf2d67f5b1de898a01d702b,5,satisfied,satisfied,0.003880906,0.006523824,0.98959523
5e58fb9b84216137479712aff655b98b,5,satisfied,satisfied,0.004333409,0.010893286,0.9847733
21c1617e855ed0e3f17f1d4f77461f77,5,satisfied,satisfied,0.0045157354,0.009449406,0.98603487
5e93c3e446f454bec31337f8de5bc507,3,neutral,neutral,0.15500541,0.76415443,0.080840096
a88595def22deceefa3e444c0d0366ea,5,satisfied,satisfied,0.007001659,0.014087221,0.97891116
9444cf984188c90e01bffe4e2218fcaf,5,satisfied,satisfied,0.037462525,0.20516025,0.75737715
12b208c1a2e9022d9b459026c95acecc,5,satisfied,satisfied,0.0071641207,0.02983722,0.9629986
cd24707f3bf9c291a11c31d42f7630d5,3,neutral,neutral,0.12049079,0.80428445,0.0752248
de24cacef842e4399e1f941dd8519373,5,satisfied,satisfied,0.0047706207,0.007976835,0.98725253
768768757586ce8360aaf9cb95bd1f1c,5,satisfied,satisfied,0.0068417494,0.018673776,0.9744845
2f972f86013ce2ccc4e253472a1156f7,5,satisfied,satisfied,0.0048546195,0.009240557,0.9859049
8aa0f1c6f184503fc30ab03ae3e663c8,4,satisfied,neutral,0.20492475,0.73991776,0.055157524
df68a0cc750fe6a06f5dd3d34171a546,5,satisfied,satisfied,0.004078249,0.008532987,0.98738873
8540bb1a777d6b703362826864ecbc95,3,neutral,neutral,0.29574272,0.683499,0.02075833
d0a48599c95d56c0192d868d9d7d0901,4,satisfied,satisfied,0.012491654,0.06104606,0.92646223
6b91247ff2aa08e011e058c6b57bec01,5,satisfied,satisfied,0.0042628283,0.009497262,0.98623997
c9846a42f3524f1b7f59375630113993,1,not satisfied,not satisfied,0.9607345,0.034801602,0.0044638626
cf7811858faf4f8a1307dc642edf9ac6,5,satisfied,satisfied,0.005454309,0.013035397,0.9815103
bb778e7b084643c48152a004e1231b64,5,satisfied,satisfied,0.004407834,0.007819435,0.98777276
eedd6be2afd0940cd236a1c2b353e555,4,satisfied,satisfied,0.006759146,0.029085174,0.96415573
1a82bc39e2ad3d9267adb8112d63a607,4,satisfied,satisfied,0.08708646,0.39576963,0.51714396
4a37313174ad24e44570716933e3f963,2,not satisfied,not satisfied,0.7306644,0.26121724,0.00811838
ad1f8c5deae42ad2a3692eb39ac07f44,5,satisfied,satisfied,0.0034502316,0.007122703,0.9894271
1fee9dbf87a7d3424af6a56486e13452,5,satisfied,satisfied,0.014796369,0.12462164,0.860582
a37f44d98a685895aecabb9745173a89,2,not satisfied,neutral,0.43510118,0.547513,0.017385773
25d0133e826636104cbd3652b2eda370,5,satisfied,satisfied,0.0041168253,0.009002901,0.9868803
ec64dad27864278d28eac5ac27238ea7,5,satisfied,satisfied,0.0046263197,0.013473897,0.98189974
947b4f666b3ee978911e3e32ca8872cc,5,satisfied,satisfied,0.06785766,0.6735608,0.25858158
0698cd59f41adf53fac9fd795930f150,5,satisfied,satisfied,0.017838221,0.10905488,0.87310696
c7207f82461b7d6bc981154d737f315d,2,not satisfied,not satisfied,0.95688874,0.038746797,0.0043644626
a7210f8d1c06f36d821aa14678d2521f,5,satisfied,satisfied,0.005148881,0.022180319,0.97267085
2542a95c25216459d24b9f42f0a924a0,4,satisfied,satisfied,0.0071868636,0.027460964,0.9653521
5bba180fa774f8019af4268d84996fe8,5,satisfied,satisfied,0.004435882,0.010209254,0.9853549
04c72757e8d06d45e3df1f81d58de4fa,5,satisfied,satisfied,0.0063690348,0.016791714,0.97683924
3b639e12ac16de43a03e88dd380f7d76,5,satisfied,satisfied,0.0048615723,0.01294492,0.98219347
a00ceaa28e61df680ddf3c5bf26edc12,3,neutral,neutral,0.18170792,0.69585526,0.122436866
c2c513261905595dd0de7a81b3ba0924,5,satisfied,satisfied,0.0061642067,0.011027325,0.9828084
c74e695de89084354ebb2543e2e2d1f9,5,satisfied,satisfied,0.008016506,0.012863981,0.9791195
6ba5f80fce50455dd344f357e1ccf663,2,not satisfied,not satisfied,0.88184214,0.111581355,0.0065765465
8d98ab8f87ca8d5b2c20c1608a41f71b,4,satisfied,satisfied,0.006227304,0.022293173,0.97147954
548f6304f207ead3c873d2a7232a828a,5,satisfied,satisfied,0.0040829005,0.0071448125,0.98877233
b517a5e608396f802c9cfe35d818e64f,4,satisfied,satisfied,0.004943685,0.012335163,0.98272115
7095e279da151fb072532306c3153c13,5,satisfied,satisfied,0.0048824963,0.013450967,0.98166656
8986e69204bb24f444a2c437b1cc39af,5,satisfied,satisfied,0.006848866,0.016382795,0.9767684
67c596e69cb4fbf4b563470cad671f62,5,satisfied,satisfied,0.08055685,0.37333095,0.54611224
08586bf45c755da3ee3bac9a392a0198,5,satisfied,satisfied,0.010808588,0.061477777,0.9277137
c32315f1015a7b124b8e0ae2f8761520,4,satisfied,neutral,0.08352803,0.82111895,0.095352985
25d3a087a5a88f9b862dfc1444f0e08f,3,neutral,neutral,0.101883665,0.7606973,0.13741894
0626d8592b38e0be00f37e2a6e6c769a,5,satisfied,satisfied,0.0068898876,0.030335108,0.96277505
ebcf3ad155d1f9219299c5f6c2d96476,5,satisfied,satisfied,0.0048239245,0.008416219,0.98675984
7c6a93237ddfcde7e46c8361ad82f3b0,3,neutral,neutral,0.23315318,0.74350846,0.023338448
13ef6ee61df73f400aa02c2a76986386,5,satisfied,satisfied,0.036239892,0.14619705,0.81756306
90df7d0e29f1a013a14bac7713e27726,3,neutral,neutral,0.30806178,0.6274888,0.06444942
30db054edbd3a09278847cdec436a907,3,neutral,satisfied,0.011409647,0.050510217,0.93808013
8ec2afef760a42e1abb4bfb6b7bd6eb2,3,neutral,neutral,0.30392757,0.66649574,0.029576633
6928dfd8c2a3e59259f2f8f193ec3b31,5,satisfied,satisfied,0.004910656,0.008983088,0.9861063
e4dc78b96564aebfa41d33cd19b168b9,3,neutral,neutral,0.29921302,0.6844222,0.016364846
a5e8a183d2b905faa1a097895d9036f3,5,satisfied,satisfied,0.0068182284,0.02455638,0.9686254
026e5d3de5140f1dea3394f8cd469aff,4,satisfied,satisfied,0.09188774,0.50082135,0.40729097
42b2321f0405b1820d8a260efc0b47d4,4,satisfied,satisfied,0.071400195,0.68087155,0.24772818
ccbd29e07bca6609758b9dd3ff03b196,5,satisfied,satisfied,0.0044719237,0.013241788,0.9822863
fbd7f117db30bdb21ab3837e40e8d29e,5,satisfied,satisfied,0.0043868837,0.009064743,0.98654836
bd5648a762350033d35966e31a9b50a7,4,satisfied,satisfied,0.10590579,0.62158495,0.27250922
c4bac0dc3c757f5643ae7b97ecedd0ff,5,satisfied,satisfied,0.04808355,0.34653056,0.60538584
168aba74902b1f21de5c046775d0900f,5,satisfied,satisfied,0.0042970153,0.010160729,0.9855422
40a578950be46a1f658af6a5042612fe,5,satisfied,satisfied,0.00908168,0.048893124,0.9420252
8bec39bce30400104b67096cbcc7336d,2,not satisfied,not satisfied,0.76624703,0.2262395,0.0075134756
c492bd08f771626361343ca02452164b,5,satisfied,satisfied,0.0042495527,0.009654892,0.9860955
1b44ef36004b80961b1570f2f4228aec,4,satisfied,satisfied,0.04070034,0.35079202,0.6085077
2e2b41926e3b4606964b05b48d267026,5,satisfied,satisfied,0.0040765908,0.009870292,0.9860531
44c05ac1dee7d1228ca183b07321bf61,5,satisfied,satisfied,0.0063529056,0.021667823,0.9719793
fb09c8e0910c2d8f02d51d0f42a730ce,1,not satisfied,not satisfied,0.9007422,0.09480317,0.004454627
d2bc3014229c90e1304d744a46e943b4,2,not satisfied,neutral,0.30290088,0.66173095,0.035368152
3c16cc6c2f169e90ba46bb9d26c8a8d7,5,satisfied,satisfied,0.08731315,0.56677884,0.34590805
0cf216927c07029bdacef8b3b13d99a6,5,satisfied,satisfied,0.004384478,0.009038774,0.9865768
76bb87f43e204c6e8c86faaaf0e6c6b0,4,satisfied,satisfied,0.0075896713,0.017854001,0.9745564
c7678b4349b3630b3e43ea0539e3f4f7,1,not satisfied,not satisfied,0.94241804,0.053863846,0.003718195
4ca285c3c094f7c0199f5dcb1c3cf470,5,satisfied,satisfied,0.067376435,0.64034826,0.29227534
6c4f97e1c6c44ea870caec224566f949,1,not satisfied,not satisfied,0.9556396,0.040033255,0.004327139
0812ea0068d6def057b507da591a0fa0,5,satisfied,satisfied,0.0046124347,0.0073354053,0.9880521
fa8d7cd4d9a6f63f08c6087969ffefef,4,satisfied,neutral,0.24000295,0.6003749,0.1596222
4918546a21767b1c7932167abe3bc4d1,2,not satisfied,neutral,0.4257431,0.56006306,0.014193868
c3ceca907af31d7b97927b704db65a6c,5,satisfied,satisfied,0.0038092688,0.0081378175,0.98805296
bc2f02eee75f9778bc5f618e17f4b5e7,5,satisfied,satisfied,0.0047050077,0.01280749,0.9824875
3680d85a7f19206caadc9585da1bec1a,5,satisfied,satisfied,0.0037461307,0.008056423,0.9881975
bc04cbd1a439646986f76a70c6c7ab83,5,satisfied,satisfied,0.004060827,0.008006919,0.98793226
907fe2f8a841f44f75708d7596cb09e5,5,satisfied,satisfied,0.12321612,0.5876429,0.28914106
18feba0b47f95cee0b7a04d9a9dc9fe8,5,satisfied,satisfied,0.004587236,0.009513607,0.9858992
f4dfb0991039827fa798d7d2dbee4ae7,5,satisfied,satisfied,0.004650886,0.01020514,0.98514396
47d9f932c1ad31442791effda6a34854,4,satisfied,satisfied,0.053440597,0.53426814,0.41229132
c9c74e29cb33399378a4b945b23a3d3f,5,satisfied,satisfied,0.0047379523,0.010477528,0.9847845
38e2d44c34188cb244dde8a26e82a8c7,5,satisfied,satisfied,0.011454804,0.035814263,0.9527309
a277570fee5440963753128f3cffcb51,3,neutral,not satisfied,0.48556927,0.5004961,0.013934588
1aabc076fe0cdf7934b6ee429df1865d,3,neutral,not satisfied,0.49262425,0.4889168,0.018458916
e11f2876d30cb9ca899093e052658999,1,not satisfied,not satisfied,0.8531968,0.14029384,0.006509382
e3148b8d140ce654143831ee84c7634f,5,satisfied,satisfied,0.009088588,0.028958237,0.9619532
eb07f45634b2c24ae2ea300920dadc7f,4,satisfied,satisfied,0.0141962385,0.11059977,0.87520397
dd3a3885d7fca037abd666aa8f1cfd36,2,not satisfied,not satisfied,0.84332484,0.15156907,0.005106046
a4c036bfd4f958ed22d9293f65d8430b,5,satisfied,satisfied,0.01716712,0.055771217,0.9270616
0f40d2623c4eacde8f3cbccaf68a2dea,5,satisfied,satisfied,0.039807785,0.07817055,0.88202167
07c83c50186b38726a99ded693ffe880,5,satisfied,satisfied,0.0058499547,0.013790332,0.98035973
8f590a03579cefd6260e9473c4e4f1f1,1,not satisfied,not satisfied,0.77958286,0.21398398,0.006433095
dfd51da44fdb171decd92cb8fe162eeb,5,satisfied,satisfied,0.0050924546,0.015967136,0.9789404
bd544925ca9a6d6afc3dde1e3a33a1d5,5,satisfied,satisfied,0.0042222226,0.007093167,0.9886846
9d63fe935dd8edcd2c9449046c98bc19,3,neutral,neutral,0.14056146,0.7827734,0.07666517
3142e294ea1d588772dac836d4dd83eb,1,not satisfied,not satisfied,0.8818059,0.113272175,0.004921938
7e0f1320323d35aa74db53a6ebd0c641,4,satisfied,neutral,0.16600035,0.71407545,0.11992412
c14faf91eb33d0b2470526f11e0cd140,3,neutral,neutral,0.23776555,0.71837693,0.04385754
d903549a0a0f85e99e5a1b817d3e6dda,5,satisfied,satisfied,0.0049012206,0.007089538,0.98800915
21e5ab88fe72bfa64982cadc57ca93b2,5,satisfied,satisfied,0.00517689,0.010883247,0.9839399
eff3f1a6bf9943bf77e57bb1ae56cbbd,5,satisfied,satisfied,0.004892382,0.011037336,0.9840703
4d549abef5ca52981294175d8dc343b7,5,satisfied,satisfied,0.0043695047,0.016678486,0.97895193
95f5a75b86591ec4b7e288467055f546,5,satisfied,satisfied,0.004541468,0.0102177765,0.98524076
511452cf687087b5bec9d240f8fd810f,3,neutral,not satisfied,0.72299486,0.26886645,0.0081386035
0bd80bb1e87f0a80de09fcbedf7812af,5,satisfied,satisfied,0.0043843044,0.010967678,0.984648
a94ce2b8f166cfd0dbba2ae59a2b0925,5,satisfied,satisfied,0.0062569305,0.016576624,0.9771664
ab989701be119ba8831185c3450a84f4,5,satisfied,satisfied,0.006569111,0.016688097,0.9767428
fb200bbae1c8b60a9982e43c5a6950b1,3,neutral,neutral,0.2279679,0.731907,0.040125124
4377dd4af72fa4a3c203c7fcbf76a93f,4,satisfied,satisfied,0.008420663,0.014249001,0.9773303
cf39fa08ac611e7cf0937e5da5176847,5,satisfied,satisfied,0.0041149,0.01008705,0.98579806
dc6b158e836ff0a874218c1650ad3a98,5,satisfied,satisfied,0.0042410092,0.008349972,0.987409
418dfd9a357311347035eac902c9e497,5,satisfied,satisfied,0.004076996,0.010856633,0.9850663
3457af9c0f1766b549f7d499b9cfd147,5,satisfied,satisfied,0.02029463,0.15158495,0.8281204
e81168c85bf2625a28261a0d521431a5,3,neutral,not satisfied,0.835444,0.15730344,0.00725256
9236f37d94650412de7bbecf1dc1f96b,1,not satisfied,neutral,0.20053895,0.7517122,0.04774891
e8085e2289d81fb5cbf3314f45e85d6f,1,not satisfied,not satisfied,0.96096045,0.033283193,0.005756447
4426e4009eb0e3ec5bd1cf77f827b99f,5,satisfied,satisfied,0.0091557605,0.016773766,0.9740704
a3bbd9c66184d0f83bd2d8ec76d1bd34,5,satisfied,satisfied,0.003898337,0.006637919,0.9894637
440b3955365feba503db2bb2866e60bc,3,neutral,not satisfied,0.7168776,0.26869208,0.014430337
f723ca327c49c4935b9445537cbd70b7,5,satisfied,satisfied,0.004601917,0.010442842,0.98495525
bdf5c2855944ac4fa12f7a6655b05862,5,satisfied,satisfied,0.013138101,0.030834023,0.95602787
2bb54f458616984fa264e82ee95f874c,5,satisfied,satisfied,0.003922313,0.00765251,0.98842514
13ecd14aa185cce6356ac0445546af62,5,satisfied,satisfied,0.007819839,0.013070326,0.9791099
328a481051e8c243eec9940ea18e7fad,5,satisfied,satisfied,0.012738707,0.046393994,0.9408673
b7e9baacade3d8f80a1750fdb874c654,4,satisfied,satisfied,0.121117204,0.6722991,0.20658374
cb4f8dac81ae0e319dd124258c54e0e5,1,not satisfied,not satisfied,0.90582204,0.0897865,0.004391428
9860925d824ad19a4062f17ab627a6c3,1,not satisfied,not satisfied,0.9153036,0.08007738,0.00461912
1fa520e27d8bdf9a47db48fe42b57dd4,3,neutral,satisfied,0.0069023324,0.030534495,0.96256316
4f86baf5bc2895f648e34204dd99b94e,5,satisfied,satisfied,0.0049294843,0.013071185,0.9819994
0d21395467bfda0dc495e16d589288ad,5,satisfied,satisfied,0.005506721,0.009073499,0.9854198
f445da3e51a9652d66f35d881c8c677a,5,satisfied,satisfied,0.0096338205,0.047669668,0.9426966
d8d057a215d49a555cf737283d32ea92,5,satisfied,satisfied,0.0054337564,0.012548618,0.98201764
1bf94295dc7becff5e9a6499cd79adcf,5,satisfied,satisfied,0.004103396,0.008794226,0.9871023
1b722cfe758286d65b62a11c0e58e76a,5,satisfied,satisfied,0.0043722354,0.0081543615,0.98747337
9a4f9368e0470b174967fe13218c681d,3,neutral,satisfied,0.035902813,0.36954135,0.5945558
f6ab89e46ce1540df921c5e683a84e08,5,satisfied,satisfied,0.0052833073,0.010922062,0.9837946
a94a916e86f42a793774c20410f99fa2,5,satisfied,satisfied,0.008495818,0.027239883,0.96426433
5afc3b766258a43d97746807bf8c0a0d,5,satisfied,satisfied,0.0044543683,0.007992254,0.98755336
fed1e292ca296e01a7372644c05d72e2,3,neutral,not satisfied,0.89620894,0.099005945,0.004785094
4caee22ea156ae73ce521c5c66f06d12,2,not satisfied,not satisfied,0.5576747,0.43219033,0.010134908
df45ec62b8bf098ba0d4900cadade401,5,satisfied,satisfied,0.00473346,0.014371587,0.980895
601e5877331bc635e693abc8a092ba84,5,satisfied,satisfied,0.006295992,0.016765153,0.9769389
98282ea6bc8f94a3578cb712e31a0fc9,5,satisfied,satisfied,0.0098917,0.023206662,0.9669016
76af4a6f2e5ebce64379988ae8448f71,5,satisfied,satisfied,0.00955646,0.03693947,0.953504
a6e648736d218cde08c11f7b93c8f5f3,3,neutral,neutral,0.102029145,0.76794803,0.13002281
3e2856c30fab08911153c185edf017e0,3,neutral,neutral,0.3857753,0.5970672,0.01715753
107deed93ef9d87e37ea01b433973ee0,5,satisfied,satisfied,0.0051588435,0.008501096,0.98634005
328597863e47b606709ac41077a712df,2,not satisfied,not satisfied,0.9234511,0.0719782,0.0045707277
060dd3097cd6600fb88061a8db3f682f,5,satisfied,satisfied,0.119009554,0.58885425,0.2921362
451b76baaaa0ab0587e0f0e049e2e9b0,5,satisfied,satisfied,0.003997674,0.0067028804,0.9892994
f49cac534162ddb191638b54c6be76dd,5,satisfied,satisfied,0.011979503,0.056029942,0.9319905
10291b39c54ca91486a8cc6015e534d7,4,satisfied,satisfied,0.0275029,0.15013394,0.82236314
3c9d373ecb5ea193c941bf6509df54ae,4,satisfied,satisfied,0.09883216,0.6595415,0.24162637
27aa40d91b9a7db7319a5203d0dc8631,5,satisfied,satisfied,0.005511841,0.009385529,0.98510265
9e25a3d9779241191486d5a1d8d1048c,5,satisfied,satisfied,0.00958494,0.028064951,0.96235013
01659a58285f8852b1604d98dfa60d03,5,satisfied,satisfied,0.004312509,0.0074959435,0.98819155
467c622ebc0d43eff762ec2de6f343fd,1,not satisfied,not satisfied,0.9040977,0.09186228,0.004040064
c67172222b3b9bb83ff78f1052cc6746,1,not satisfied,not satisfied,0.9601246,0.035399098,0.004476207
832314365ebfeadcca9c3495be365623,5,satisfied,satisfied,0.006927793,0.035365883,0.95770633
da43363d83d13c8bf8a680e203d1bb9f,2,not satisfied,not satisfied,0.950598,0.04513728,0.004264652
e7fa1a1bb0bd4b773269f48cddb56d67,5,satisfied,satisfied,0.0055789254,0.016702756,0.9777183
84e0dbb625e31b336e08ed9064a258a4,5,satisfied,satisfied,0.0046492666,0.00913152,0.9862192
8da4bae24909071227510b5a9cd7e4df,5,satisfied,satisfied,0.006397228,0.011855008,0.9817478
837462c4cba5a7b34553d9ef98c36ddd,4,satisfied,satisfied,0.020648543,0.11379558,0.86555594
abb535ca95b8807c95bdf6f77b6dca3a,1,not satisfied,not satisfied,0.82580286,0.16729961,0.006897532
9cbb31c332c02af2e382235eadcf4f0c,5,satisfied,satisfied,0.0043258853,0.0085644405,0.98710966
5ee576688f4704d3bd483fe563e96263,5,satisfied,satisfied,0.013529152,0.018900603,0.9675703
ab3370bd996f2f9be25c08f20bca1225,5,satisfied,satisfied,0.00453204,0.009410212,0.9860577
d2cee7a9c780e3ed1619103ee6c422e2,4,satisfied,neutral,0.09458336,0.70509154,0.20032515
1b3d9f2997fd7e4470b089c05dc118b7,5,satisfied,satisfied,0.0069088787,0.021078547,0.9720125
f467d0053c5c8bf47983680def98f390,5,satisfied,satisfied,0.0052445102,0.012452914,0.9823026
50dcc75881caaee0189dd990cc06befd,5,satisfied,satisfied,0.003709218,0.00645067,0.98984015
3cdb2667603a209eb54b448f100dc5d7,5,satisfied,satisfied,0.01031651,0.0581816,0.9315019
e95d7b45c886772c189ed63815c06b1c,2,not satisfied,not satisfied,0.78387886,0.21040155,0.0057196207
0d68dfdc86aaa9872d100c2b87f27893,4,satisfied,not satisfied,0.7639266,0.22862057,0.0074527934
3f192e2fc3239973b2e20a9e1549ac77,5,satisfied,satisfied,0.008057612,0.040450513,0.95149183
72b2f80ef200e53f506385fb30fcb740,5,satisfied,satisfied,0.0057066586,0.012169515,0.9821238
0cea4a9b547501096f83214381a7052e,5,satisfied,satisfied,0.0035560387,0.0068837325,0.98956025
ed4dc6ae094302a7700cf1f5381b2bcb,4,satisfied,satisfied,0.004580063,0.011537778,0.9838822
793e05c3ccb666104dc6dc7b2466af7e,5,satisfied,satisfied,0.0052108965,0.013252793,0.9815363
9f618d0ccb1d8c608f755e9b10f5d4dc,5,satisfied,satisfied,0.004751303,0.010651069,0.98459756
150e82f0a1b26c5e6f7749f8f5a32fd9,5,satisfied,satisfied,0.007025275,0.0137429675,0.9792317
b0f5b9ad079923311fbc31dc853d8534,5,satisfied,satisfied,0.004737922,0.012753148,0.9825089
a823d77e1543e94c2145b859a934f174,5,satisfied,satisfied,0.004680546,0.010238977,0.9850804
3428572ecf43fd4b769b75e172c7c3c4,5,satisfied,satisfied,0.03278373,0.15151227,0.8157039
5c4a5e48235ea4624ebd1299e6de81e0,4,satisfied,satisfied,0.075890645,0.68847126,0.2356381
9150f4cc6564d87eace6c2a842ba874a,4,satisfied,satisfied,0.0064705666,0.025911966,0.9676175
173eae84f87a38b435ea6377cef1bc23,5,satisfied,satisfied,0.007010721,0.022880798,0.9701085
fcd9ef57e4e2ce33ea6e3ea04e6facd6,4,satisfied,satisfied,0.015869444,0.14096232,0.8431682
1f277e1d401a9759d7377f6a2fa152e7,5,satisfied,satisfied,0.0036724345,0.009940554,0.986387
d6de1f04259fee6f85413603eff796e1,5,satisfied,satisfied,0.0046412074,0.009890003,0.9854688
2c4ec8a8fc6367e84c9251d062d8af0e,5,satisfied,satisfied,0.009839778,0.026457168,0.96370304
b39ee419304fbcc5c98f11eed0f60bd0,5,satisfied,satisfied,0.008484857,0.02855634,0.9629589
6a41f346cd4b08c7659d48aa449607e7,3,neutral,neutral,0.27339044,0.7052414,0.021368137
46964bec5989004c21e872ce8f9da08b,5,satisfied,satisfied,0.0051827263,0.013710481,0.98110676
6df4bfa40729366a6e35ed10257b9bd0,5,satisfied,satisfied,0.007495527,0.018667266,0.97383714
97453ab999c374312a8c515301a4bdf5,3,neutral,satisfied,0.042698793,0.39759368,0.55970746
eacc863af46bdd02ccfcbdf17b15f66e,3,neutral,neutral,0.0795403,0.7855392,0.13492055
22dc8602e9edc0421a3b1ab155e31354,4,satisfied,satisfied,0.0072328704,0.019830583,0.9729365
99e950cce16eddf97ce36fe4db73ca87,5,satisfied,satisfied,0.030013096,0.07098137,0.89900553
104a7c400f83681650a237605614018d,5,satisfied,satisfied,0.003964776,0.010755427,0.9852798
f012d42f907bd8a3df74ecba4b6bddbc,1,not satisfied,not satisfied,0.8860835,0.10937427,0.0045423224
2047d8e246cee7dfc5cddbad86d6d537,4,satisfied,satisfied,0.010008702,0.062129885,0.92786145
ba9e35ba2993a812ea6a854e888c8c3e,5,satisfied,satisfied,0.0044020833,0.009129809,0.9864681
f9d7a81d5b681ebee8068d3202f352f8,5,satisfied,satisfied,0.00459302,0.007634631,0.98777235
2d8bbafff2b0d441926db95486323927,1,not satisfied,neutral,0.15676266,0.76501155,0.07822582
a2a29f7d674f63ebfd8706cc96f15da6,5,satisfied,satisfied,0.0058928146,0.008312127,0.985795
7be3a802596b54a42679e8a032461c04,4,satisfied,satisfied,0.023868745,0.19672997,0.7794013
a33232244f5340445b47b75385dc7722,4,satisfied,neutral,0.08385204,0.7489614,0.16718654
5c71862d2097e22f2fcaee655bd1317b,5,satisfied,satisfied,0.006320391,0.016287232,0.9773924
1847a4cc542501e3d5972d0ce748e810,5,satisfied,satisfied,0.0054901573,0.013860741,0.9806491
d6e7c2088da2b2863389d491e91cc160,5,satisfied,satisfied,0.0044879,0.00954347,0.9859686
11774a7eec6d953ebd51947c294e965a,3,neutral,neutral,0.17539857,0.7819214,0.04268003
95ae162846dfc6126fd9a97772cac61f,5,satisfied,satisfied,0.0039123297,0.008255621,0.9878321
7dad9dbee5e1b6445b1ace7d041709de,5,satisfied,satisfied,0.0063409265,0.017832376,0.9758267
c6f94e842065305b546eda4072915ab7,4,satisfied,satisfied,0.005671383,0.016258527,0.9780701
1193c985bfd8fb1dd5ce7cbae03609e9,5,satisfied,satisfied,0.005675589,0.014016413,0.98030794
5bafdb52b85e3ef30eeba8a5fb08687c,3,neutral,neutral,0.1858834,0.74784255,0.06627414
7154e69a07cb19080328f607fcb502d3,5,satisfied,satisfied,0.0067649563,0.01190244,0.98133266
9280d905a468138566ec0cd14ea8af36,5,satisfied,satisfied,0.003983335,0.008739181,0.98727745
7cbf36fbcfb9dae25cc68bdde0f37381,3,neutral,not satisfied,0.5463643,0.43813202,0.0155035965
2a4ac8c0d4dbdb22249955ba85215a61,2,not satisfied,not satisfied,0.6554784,0.33458132,0.009940208
ed28e5e70b2025717574554bbb782edd,1,not satisfied,not satisfied,0.8469727,0.14648256,0.0065448005
c1e1117dc5d438d076b1e7e25569acbb,5,satisfied,satisfied,0.0047012595,0.0069061746,0.98839253
9ebbbd585be66ef8e117f74e43f28d6e,3,neutral,neutral,0.15398014,0.77165663,0.07436321
1fcf47f0e34a5729ab96c25935f67563,5,satisfied,satisfied,0.0075789825,0.014956615,0.9774644
785ee19fa08cbbd57a928abe32070f1f,5,satisfied,satisfied,0.0039804606,0.007452282,0.98856723
720fe7796781206fb8bde6dcc86bfb92,4,satisfied,satisfied,0.015942948,0.12819046,0.8558666
9a9c1633d1b70c1b5b2cab1f4105b618,5,satisfied,satisfied,0.013890499,0.08622782,0.89988166
13a1e7fc01a03f25ca49bf202ce13fb4,2,not satisfied,not satisfied,0.89343244,0.10180271,0.004764802
612a1fa765a4a8f9d91938c658064d34,5,satisfied,satisfied,0.049771216,0.30419075,0.646038
581c62c3b0d298f014f4c9d5a70a4f76,5,satisfied,satisfied,0.008024297,0.018053316,0.97392243
175e95e8c511d3e63618dcd2f97ad7ce,5,satisfied,satisfied,0.0042138123,0.010258864,0.9855274
41f8f86de5a6b2264542d071b80f1ac3,5,satisfied,satisfied,0.0049751718,0.012270148,0.98275465
69bab03339b7ae7bef15e5fe34bd1626,5,satisfied,satisfied,0.0076569733,0.011158998,0.981184
3b5961d8fe3aa0053ab428b01d300cf9,5,satisfied,satisfied,0.0050083585,0.009893582,0.985098
49ab8447509624fa0e9f6c671c3ec21a,1,not satisfied,not satisfied,0.8699916,0.12488252,0.0051257745
a582ca035983d7acf830bdb4a6e639aa,5,satisfied,satisfied,0.0043501914,0.009484477,0.9861653
6991f19f64f88e2fb3d1cb839d037ad5,5,satisfied,satisfied,0.033702724,0.08465821,0.88163906
e54eb64b676993062669d610d655cbb8,3,neutral,neutral,0.20896316,0.74827224,0.04276459
c5849f4fa483ad7b68e29e7269ca950d,5,satisfied,satisfied,0.0040686987,0.0075027337,0.98842853
016a6bcac2221b0761324010c41455ee,5,satisfied,satisfied,0.0066825454,0.020408928,0.9729085
b22830dc663c645d3a1e0ce4eb87f500,5,satisfied,satisfied,0.0039839824,0.0087013785,0.9873146
050224d8d03c2b92df731f0492a7cc60,3,neutral,neutral,0.11962663,0.7988035,0.08156988
3d9a8f8d2a6b91f4119185e1a82e6c18,5,satisfied,satisfied,0.0047117793,0.010392536,0.9848957
673c4920a56cefff73135d0f0f25dd16,5,satisfied,satisfied,0.0045538573,0.006802757,0.98864347
573e8ab8c8f9a15976b2ecfdaf1f32ef,1,not satisfied,not satisfied,0.9627127,0.031720474,0.0055667604
645f692ce28e0acd581bf144c2d42bba,5,satisfied,satisfied,0.0044331383,0.014258058,0.98130876
382cfa98ddbbcdf77431aa67055abfbb,5,satisfied,satisfied,0.0064355056,0.012968699,0.9805958
a29ffe729906b846048cd7c901adafaf,5,satisfied,satisfied,0.0051163174,0.0108099505,0.98407376
d6bf2e468da4f5070771f593d10d9743,2,not satisfied,neutral,0.25482425,0.7259225,0.019253174
9d01c78eb716f84185bd8bc130753519,5,satisfied,satisfied,0.0037486032,0.0074846223,0.98876673
0564ce298e0d633e4cbccd57ee22cb96,2,not satisfied,not satisfied,0.8413551,0.1526739,0.00597097
73cc08d0821807720b49be461920bc9e,3,neutral,satisfied,0.06754066,0.62706035,0.3053989
523563be7b72c3d3caf69e5e7cd70fdb,5,satisfied,satisfied,0.004426754,0.011647295,0.98392594
d25e4e1c09db3b824fa7564eb99264f2,5,satisfied,satisfied,0.003712499,0.0068276925,0.9894599
662c69319b3fa46c1a1b19cc60094bd1,5,satisfied,satisfied,0.0045630196,0.009698225,0.98573875
3ad71ba57c34d1f0fe62d17929de5a0a,5,satisfied,satisfied,0.0032725562,0.0076552997,0.9890722
d48646993869db4352863c0b94614362,5,satisfied,satisfied,0.0070172264,0.01977083,0.97321194
4228d4575229928322c289840369fd7f,3,neutral,neutral,0.19773704,0.7672789,0.034984034
64ddf9fcb0bc17526531ec36c12f874d,1,not satisfied,not satisfied,0.89410037,0.10161765,0.004281933
46b3771dd01e20f7b59ad0b4498a3dbe,5,satisfied,satisfied,0.0046859547,0.008982938,0.9863311
4ae28cf197db06b1e688a2af2097d6e7,3,neutral,neutral,0.10215912,0.77945936,0.11838152
42d92e0d96728e4e8a8e0d858d8a2897,5,satisfied,satisfied,0.005555261,0.008725175,0.9857196
ea4eda0aebf9035da05767442eb143a0,5,satisfied,satisfied,0.0062214793,0.013618585,0.98016
0370a85e94ed66d63506bcdb893faf1e,4,satisfied,neutral,0.11278287,0.74977165,0.13744551
508b92a82e3fa94985b739c703cde796,5,satisfied,satisfied,0.004583738,0.0080073,0.987409
920da83398828581226af283aa458935,1,not satisfied,not satisfied,0.8728265,0.12254905,0.0046244855
d3780c6267b2758c69ac3d886538d05c,5,satisfied,satisfied,0.006999585,0.013489422,0.979511
54158eda04d043981581bfaa1fa0dc22,5,satisfied,satisfied,0.0061720605,0.019197127,0.9746308
79cd542849b4141742847b5fd6693a81,5,satisfied,satisfied,0.005139517,0.016776577,0.9780839
776fb509650793aedcc58cdb725e4a5e,5,satisfied,satisfied,0.006612806,0.023270166,0.97011703
cd7273160b088f8910bd8624cc9a9aad,5,satisfied,satisfied,0.0040817154,0.008824813,0.9870935
c0a3b4930b99a5e7d387b62036431be2,5,satisfied,satisfied,0.018795816,0.03658831,0.94461584
c4c6dca63f504be2ac9b74c17c70a23c,4,satisfied,satisfied,0.0071652853,0.036211528,0.9566232
dd8ce1504050db3b5df4a904c4ca4773,5,satisfied,satisfied,0.010242504,0.068380736,0.9213767
a4b2e248e57245987cff57907259c9e8,3,neutral,satisfied,0.058834042,0.52877104,0.41239494
3ca9a8e926c71bf49901785d5c65d5db,5,satisfied,satisfied,0.003794963,0.010924023,0.98528105
9104ca8528f4294ea19360092d409c3c,2,not satisfied,not satisfied,0.52037644,0.46105596,0.018567642
e4537355e802d6ce2291a085107e1bc4,5,satisfied,satisfied,0.0049461075,0.010909367,0.98414457
ed14ce51b1bc82a4bd8d1116f0ab5f76,5,satisfied,satisfied,0.005034653,0.016049992,0.9789154
6a8e2e004bc2973be790fa9a5ebc85a8,5,satisfied,satisfied,0.005170822,0.013139628,0.9816896
194ff3456f159627d9f9ce4bbc758239,5,satisfied,satisfied,0.014547489,0.048994616,0.9364579
79f3c4af89ca0932c5c86275b65a896b,5,satisfied,satisfied,0.019450672,0.09133947,0.8892098
f1a68f8e8cb0da43cadc98f66ef6ef9a,5,satisfied,satisfied,0.0050956807,0.01289535,0.98200893
3362fdebb4de1f295486e4f7382049f3,5,satisfied,satisfied,0.00825396,0.016166173,0.9755798
0b03f3fac6ff33c406bf9ae32d17ae58,3,neutral,neutral,0.2292219,0.71150345,0.05927471
49b8cec1547da021714d7bb4e05cc2ac,2,not satisfied,not satisfied,0.44778883,0.5334735,0.01873763
be9943d92c60b1cf22041af7acfd55cd,1,not satisfied,not satisfied,0.9591126,0.03391996,0.0069674253
94c6897349040e8bacb096c6fd102f77,5,satisfied,satisfied,0.008645302,0.016358804,0.97499585
28a63fcde7790449999533915b3f70e9,4,satisfied,satisfied,0.017898427,0.17012952,0.811972
d38254e578ecdaf57980bf7f19b9733e,5,satisfied,satisfied,0.028270984,0.2476996,0.7240294
ba3fba5c65b3f365fbe766a82d656cfe,5,satisfied,satisfied,0.004682062,0.0089928005,0.9863252
1b7184b69c4aaa723b7aa1e8ef39a7bb,5,satisfied,satisfied,0.006377581,0.023133485,0.9704889
3f026ef21d81bfe0832d43c7ccc175cd,5,satisfied,satisfied,0.0053183404,0.010497141,0.9841845
b317a4238f7414920d92766dd6f2c2c3,4,satisfied,satisfied,0.015119743,0.09708095,0.8877993
5ff3719a760b3f9847e112a7e49d4fde,3,neutral,neutral,0.07641328,0.80801797,0.11556885
481d2b3b9b863f96d6bddcf01bd76ba5,5,satisfied,satisfied,0.007700851,0.015354019,0.97694516
83dab7f56e3821cd314578bebef7790f,5,satisfied,satisfied,0.014144022,0.07047716,0.91537875
a35ea0ae66684a0f2151680229c28b61,5,satisfied,satisfied,0.0054177707,0.012066238,0.98251605
d5ea4f9b6f223f631cad25b2bf13729d,4,satisfied,satisfied,0.063514024,0.6934131,0.24307285
297983728bd5c7c4d47ca907de2c8e18,4,satisfied,satisfied,0.0060356166,0.01911757,0.97484684
5e2ed4519b821275bb19ba85604c98c4,4,satisfied,satisfied,0.006237149,0.011694008,0.98206884
5181c335d940b239db76419010289cd7,5,satisfied,satisfied,0.018904096,0.18924096,0.7918549
beed88c2d5970bfd516d82d1f1ddf858,4,satisfied,satisfied,0.006400239,0.010148363,0.98345137
dc8cedee01abd370326ea1422948ab09,2,not satisfied,not satisfied,0.8721502,0.1196494,0.008200361
2674e5f94af29a0d3060a3428d168ea2,5,satisfied,satisfied,0.005337139,0.012259749,0.98240316
3806ad18e7e1f662ac9b22fffcd70d2d,2,not satisfied,neutral,0.27750733,0.69247,0.030022724
6e4e66db9e2d00b0c3bd702b9850a1a9,5,satisfied,satisfied,0.006952554,0.012334085,0.9807133
0f5695b91750b71ad27fe30d4e97f169,5,satisfied,satisfied,0.054926872,0.4433287,0.5017444
b53e611ac068815674b2e4274d285118,4,satisfied,satisfied,0.0052357875,0.012968212,0.98179597
1f20510428fbcc11d15b7a1066bca39f,5,satisfied,satisfied,0.00535353,0.018040087,0.9766063
f74918278206dee823ade9681efadfe0,5,satisfied,satisfied,0.0042713713,0.0075022974,0.98822635
5973f4c6ff5a5bcad5b7ce2ae5b46f5f,5,satisfied,satisfied,0.007122395,0.012415496,0.9804621
acbfe5808bfd5e8e6726e5801231e5d4,5,satisfied,satisfied,0.0044013793,0.009238405,0.9863602
e5f03fe33db5b21c91fb542e0d3647f1,5,satisfied,satisfied,0.006160162,0.016100047,0.9777399
a0a43cf25c7adb6bfd94d1ec15c4d8ab,5,satisfied,satisfied,0.005419464,0.009504889,0.98507565
899058906098f3b680f4059177c9f98b,5,satisfied,satisfied,0.004081817,0.009622057,0.98629606
ee0cd4bb39eda3ca599f93d2f49b13ad,4,satisfied,satisfied,0.010862661,0.058646187,0.9304911
f408c49f9fc387bf239a8465a86eafe8,4,satisfied,satisfied,0.017150093,0.11375992,0.86909
9dadfefad13e9dfec8e24cf0077d88a2,3,neutral,neutral,0.07030577,0.8240171,0.10567711
91f63a9980c26ce3dbab190daa878403,5,satisfied,satisfied,0.004982195,0.00909798,0.98591983
fbb81ab484486b3b0f1ecad138a91a79,4,satisfied,satisfied,0.035109077,0.52920943,0.43568146
56d5579a1bc3ac9df0ff438869d3d5f8,2,not satisfied,neutral,0.40298185,0.57694554,0.020072661
2a2f350075f7f63a7006b208dfee7d93,3,neutral,neutral,0.13602845,0.77773863,0.08623286
ced1acaab116baed899a6d7a4f8c9f23,3,neutral,neutral,0.13601518,0.7828418,0.081143014
5dc89d27b02935ca9baa1c0daec7fe0d,5,satisfied,satisfied,0.00493789,0.010495579,0.9845665
74c477f2408936ef62ff5316d6946c15,4,satisfied,satisfied,0.043447345,0.2947146,0.66183805
56a35b205144ba131b0bf2791c56bcc8,2,not satisfied,not satisfied,0.6564752,0.33536473,0.008160096
dbfe256c3dde7c9f1d1778d66c030e55,5,satisfied,neutral,0.07264098,0.71726847,0.21009056
c9ccb122b88b4e8908eb05cad5dabda9,5,satisfied,satisfied,0.0043132934,0.008791367,0.98689526
c7d60a786d6ad1e60418c72a1ce5d4cc,4,satisfied,neutral,0.07031138,0.8285697,0.10111886
e383fbe2c0412edbbf09871cf66b1a69,1,not satisfied,not satisfied,0.8646622,0.12979575,0.0055421237
1779ff6843ad0c796c6e55a8073c53ec,2,not satisfied,not satisfied,0.95420444,0.04099591,0.0047995327
504da022f9799a1013cfea50ca1ad173,5,satisfied,satisfied,0.005703456,0.018298455,0.9759981
5ae72686bd6a494a11e4889cdd1c253d,5,satisfied,satisfied,0.0040801996,0.0077615776,0.9881583
d255a916e21d3a56406c4640cebffd79,4,satisfied,satisfied,0.027280534,0.26867035,0.7040491
141cab9007d228136a5479fa5dcd99a6,2,not satisfied,neutral,0.34130388,0.6412319,0.01746422
3235ff78cfa77de3c4c80aeb5cea0478,5,satisfied,satisfied,0.028682597,0.3295842,0.64173317
561a5077a32dfa72d7b0bcae7ef3f25e,5,satisfied,satisfied,0.0059077237,0.013868972,0.9802233
e311006d4f057eebcc64e25118813249,5,satisfied,satisfied,0.006468529,0.009210343,0.9843211
8031804485c0bae1b815014f6bc1fae4,4,satisfied,satisfied,0.004954001,0.010986793,0.9840592
a2da4f387ce90a399d2d96c4c4529e8b,5,satisfied,satisfied,0.004768293,0.009531244,0.9857005
df18512c68987a8a530cd2f54715ae4e,4,satisfied,satisfied,0.0058758412,0.018144343,0.9759798
1e768fcea1b43c0ed2cfe5e61ac309c1,5,satisfied,satisfied,0.008864847,0.026367389,0.9647677
6d397e047ea5974ff7ba6479ea41ad74,5,satisfied,satisfied,0.004451826,0.011143484,0.9844046
886ed8aa9d6943abf5b6ea93d6900fab,4,satisfied,satisfied,0.0055221054,0.011156715,0.9833212
a29a7fc4bc79cb03f1523863fbaf5aef,5,satisfied,satisfied,0.0058888174,0.011813249,0.9822979
04b6564e7849f5af8a7f01568acf1b58,4,satisfied,satisfied,0.049971167,0.5141037,0.43592516
0fd08c76a701ce3f7c50dd937ab7ec1c,5,satisfied,satisfied,0.005299319,0.008338661,0.9863621
a62c01e92cff68bcd72b9c37f56530ff,5,satisfied,satisfied,0.0047637154,0.00871539,0.9865209
0a3fa5afa69e09f6a31768fec5cb835f,3,neutral,not satisfied,0.59518766,0.39429367,0.010518628
97c10f498ecf4f3c1c9ff38c96f65c7f,3,neutral,satisfied,0.0632241,0.69822806,0.23854783
4e8f276d0ed1f75678da8db5c9c04902,3,neutral,neutral,0.4302424,0.5400452,0.02971238
c7d9edad79d254864f2ae95d3f0c8e57,4,satisfied,satisfied,0.009168952,0.041443087,0.94938797
d20d49ead1942851f6d411517d5d493f,4,satisfied,satisfied,0.0045586666,0.010358842,0.9850825
87faebd798aea6f1f62e66639fd563e4,2,not satisfied,not satisfied,0.8689575,0.126233,0.004809468
74cfdd934792169d9e38898cb94659e5,5,satisfied,satisfied,0.0061582793,0.011655718,0.982186
f44f827f8241e048066b96a547391218,4,satisfied,satisfied,0.083024226,0.6853719,0.23160389
31e98d0d2ad61647188bb3e63ca3d621,5,satisfied,satisfied,0.0051321858,0.009262,0.9856058
38a24f24fc322b91d68228d7a71d84e1,5,satisfied,satisfied,0.046919163,0.5488432,0.40423763
e60b06bdbcdd5cce388688e2aa0c35bc,5,satisfied,satisfied,0.004835904,0.009349752,0.9858144
cc8de2a56be98dc01acd65adea74a7a8,4,satisfied,neutral,0.123749465,0.82646734,0.04978314
2099ee305e96c0476c645d984e1025c9,5,satisfied,satisfied,0.0045163394,0.008518546,0.98696506
88bd4fe330f12b68cc3ec67e15bbc5e3,5,satisfied,satisfied,0.0061545363,0.014161421,0.979684
61aa7484c06bb6ff827222a7bbad2e5d,5,satisfied,satisfied,0.0068976395,0.016002947,0.9770995
136424341ac60a25c0faee0f001915bb,5,satisfied,satisfied,0.014885789,0.0812176,0.90389663
4a4a8a4c8298acbbac9bd0ab54a6008f,5,satisfied,satisfied,0.005045489,0.014069719,0.9808848
d7bfa97da06fd157d92cbfc238d6f42d,5,satisfied,satisfied,0.0052071824,0.009473334,0.9853195
effd55ba406fa67596b6838f05bd072b,5,satisfied,satisfied,0.01166893,0.04655417,0.9417769
e8f2ccc8258907285cf6a6e179e5fee4,4,satisfied,satisfied,0.0063858256,0.021904528,0.9717096
7479955acd0ef118af46481eacbf3c2d,3,neutral,satisfied,0.05816569,0.4008147,0.54101956
5e2db332b34daaf97fb4fa824d8c13e9,5,satisfied,satisfied,0.0495378,0.42179552,0.5286667
20680c3cd781618b48975c264ceebadb,5,satisfied,satisfied,0.008201457,0.042850513,0.9489481
ae0bfd115130890303b971962cefddb5,5,satisfied,satisfied,0.006045078,0.018007742,0.9759472
25fafb316cc855733d9bd97d3b2e1bd2,5,satisfied,satisfied,0.0036175156,0.0069681606,0.98941433
2abc9279fd74246261b89f34b3b4f420,5,satisfied,satisfied,0.0037638394,0.0063540023,0.9898822
36cec7f2896f6a5db41f51a65d5e10c1,4,satisfied,satisfied,0.06992514,0.5611478,0.36892706
713b32cbd33c02c58dfca9bffe3b859f,4,satisfied,neutral,0.07903274,0.8455846,0.07538268
2194028608dfaeee576a4341a3f5fc0c,5,satisfied,satisfied,0.008968114,0.020666162,0.97036576
9424dc3dafbddef8d5a8218b32711444,4,satisfied,satisfied,0.013425727,0.11033632,0.8762379
6f3c59af495cfd71c7992bd40bdac359,5,satisfied,satisfied,0.007994794,0.03094583,0.9610594
9df05112c517d2e88805a54c4bc8bf4b,4,satisfied,satisfied,0.10262648,0.6880887,0.2092848
a0241e69e7cfd7f292eeff1ef7178198,3,neutral,satisfied,0.10573042,0.65907377,0.23519571
357f07804c4bc880692a0bab65a87e28,5,satisfied,satisfied,0.007954252,0.03327757,0.9587682
bd911a68936993d0860d7f51ba49768c,5,satisfied,satisfied,0.004118271,0.006841855,0.9890399
1356363685b54882be925664f5e2fc61,5,satisfied,neutral,0.11405626,0.6893544,0.19658938
7488bccbc81ab62130507774648e0308,4,satisfied,satisfied,0.031248612,0.09661299,0.8721384
6c164f697cdce801e24c30f08946db12,5,satisfied,satisfied,0.0041520274,0.006821371,0.9890266
c5252fc005578bea4aa0505e4cbc61c3,1,not satisfied,not satisfied,0.79161555,0.200206,0.008178516
8fcadf0bfd3dd9319afcf7a41d0d0e92,5,satisfied,satisfied,0.005708719,0.013370743,0.98092055
cc8c5865ad611c082c2c4bb56db4166d,5,satisfied,satisfied,0.0050005014,0.00920679,0.9857927
ae99bd6844f6f5d9a9e615597778e7bb,4,satisfied,satisfied,0.033749767,0.37724862,0.5890016
4c63d38bd40c4bd618ff4e3c3bd2c3d1,4,satisfied,satisfied,0.010897092,0.06656207,0.9225409
1a8a9751f124ccadcca7ae909e291bb5,5,satisfied,satisfied,0.0038277784,0.0065605994,0.9896116
c378b4fdc58db0872681bff8ba277325,5,satisfied,satisfied,0.006149426,0.012287234,0.9815633
810147c2c320d7da548d75f51d696cfb,5,satisfied,satisfied,0.004481292,0.011134783,0.98438394
6c9c004b80b10955bd1a10d2e7216f6d,5,satisfied,satisfied,0.0053206636,0.009693543,0.9849858
959dee5745725529b03c7288605a9fae,5,satisfied,satisfied,0.011802836,0.03233143,0.95586574
42659ddcc72ccbce3bc686b3876a4c68,5,satisfied,satisfied,0.0042262943,0.011406806,0.98436683
a8d8ab0fba689a4085144403e58a4049,5,satisfied,satisfied,0.0060121156,0.017225673,0.97676224
a00d35921463de38837a33fa35ed9070,1,not satisfied,not satisfied,0.81453854,0.17961259,0.005848954
df546ebd737ec181ef458b0e419f5372,4,satisfied,satisfied,0.007390504,0.026350774,0.9662587
bacad4d4114d098e206df53ecf5309cc,5,satisfied,satisfied,0.004226221,0.009570517,0.9862032
11fa2528ce1296fb178626ed67850c65,3,neutral,neutral,0.27083442,0.70873815,0.020427391
2080bd3b2fe18011fa955d36cc102805,5,satisfied,satisfied,0.0063470723,0.022310013,0.9713429
d624294ec76e9773c44e1b607c1b6654,5,satisfied,satisfied,0.006930296,0.011764526,0.9813052
a95c5beb10c29da1e3ffe80e29dc7662,5,satisfied,satisfied,0.00659143,0.031339996,0.9620686
e624ac15ecad4f52aab4017122a6f015,5,satisfied,satisfied,0.005213872,0.010822353,0.9839638
8b81a3c4472c638ab9997fe98a9e060d,3,neutral,neutral,0.23636428,0.73534966,0.028286047
f2e59262a3476be223285f2d5e9f192e,5,satisfied,neutral,0.21133861,0.68469757,0.10396381
61677d528412b177223e80cf3c049ca7,5,satisfied,satisfied,0.008031739,0.015326591,0.9766417
5f2f0b6eff1adfab90f22a2e9476e896,5,satisfied,satisfied,0.004621416,0.0068639773,0.9885146
8e3429487590cb6eefe9c8e6deb20a89,2,not satisfied,not satisfied,0.8527257,0.14227721,0.004997159
f74b4f7b5b699f0aea66f812cdea1b85,5,satisfied,satisfied,0.0043795574,0.00693755,0.9886829
2e1cffd87f48322612ec566bd019b9b3,5,satisfied,satisfied,0.047770295,0.13402016,0.8182095
65ba751d5545efbc916a9068e13a8137,4,satisfied,satisfied,0.010119815,0.07523423,0.91464597
d8e7b4973e096521a80635fb301e180d,5,satisfied,satisfied,0.0050593126,0.01198079,0.98295987
344133887f32f80d3cd12f4dc93c05e6,3,neutral,neutral,0.24375221,0.72213304,0.03411476
18337b9b4bbf957cad42939ba76c2875,5,satisfied,satisfied,0.006840902,0.011421011,0.98173803
fadab2692aae72dc40be2e0329f788b9,3,neutral,not satisfied,0.9382289,0.05719291,0.00457816
9e91c5f3fe41b744a7433aff2fe67aa7,5,satisfied,satisfied,0.0055000475,0.014108543,0.9803914
7e94ba1c6d5445e939317aa25d5cb5de,5,satisfied,satisfied,0.102373876,0.19185345,0.7057727
b24658169d2991afb1bef467f0dde00b,5,satisfied,satisfied,0.0053398935,0.011509875,0.9831502
17088653b436477bd1278662d751c4b3,5,satisfied,satisfied,0.01036623,0.022763852,0.96686995
9fcde9558744f177073c56b4fb953c19,4,satisfied,satisfied,0.0050014956,0.009091613,0.98590696
1969a740960dd5b44331ee4d45cc14b9,5,satisfied,satisfied,0.0035899638,0.008003577,0.9884065
ca83d1704a3abb75641c9011f1e47889,2,not satisfied,neutral,0.09270085,0.83627427,0.07102484
ea5745ab739198ec90e49929e02b3caa,5,satisfied,satisfied,0.006811729,0.02126817,0.9719201
29d1a7c5abb1c05a9d098c5f262715ca,5,satisfied,satisfied,0.004766241,0.012637818,0.9825959
e240ff100e95ec7153310f84f3235fa3,5,satisfied,satisfied,0.0035801698,0.007125173,0.98929465
099545cc33675ce6355ed1fdbacaf6f6,5,satisfied,satisfied,0.0044830185,0.013598547,0.98191845
f83b1c2ce691bc53d419d178046c5139,4,satisfied,satisfied,0.07934817,0.7023188,0.21833307
89cc943a3a536d7509671b0d76bc5431,5,satisfied,satisfied,0.03828948,0.27593112,0.68577933
f4b611f2d22d1c7e66b6551a11f48aeb,5,satisfied,satisfied,0.0033927283,0.007541812,0.9890654
535b6353e9f41dfc2c98ab78c29277c5,3,neutral,neutral,0.1547647,0.68784314,0.15739214
f0866bf1dae2a570758875d8691e3f5b,3,neutral,neutral,0.4065095,0.57988214,0.013608361
c2e462d69db851a56ca18a6b8c351eb6,5,satisfied,satisfied,0.0038950723,0.0075684106,0.9885365
eab96a5539f34316c2ce0a8c4d78e026,5,satisfied,satisfied,0.0047116503,0.009168568,0.98611975
24c7c602ede859689ab1bada1ed93552,4,satisfied,satisfied,0.0486153,0.6489274,0.30245733
074d4e72b0e47ceba154e5868a3b317e,3,neutral,neutral,0.13216591,0.8112618,0.05657228
b886e23bbb6d0c796bf920feafe08a00,5,satisfied,satisfied,0.004900695,0.0121836085,0.98291576
58d11654644f04e39bd042f24007a5a7,4,satisfied,neutral,0.1801422,0.6965505,0.12330726
4e5fd325456908986699dfaaa1475690,4,satisfied,satisfied,0.0050003915,0.012340182,0.98265946
57798608042cca66e404fec91709c4fe,4,satisfied,satisfied,0.006836423,0.017391182,0.9757724
aa5b9b3e9a133810c891a65188f9c870,5,satisfied,satisfied,0.0054995157,0.009171579,0.98532885
62c7344bac48ae3afea297f15c5d9569,4,satisfied,satisfied,0.015751444,0.13761523,0.8466333
15030e0585ba2db99aaac06e436d2d03,1,not satisfied,neutral,0.43943772,0.53807056,0.02249177
ce709230fdf2e76684cad1eacee74f1e,5,satisfied,satisfied,0.0045575905,0.010665618,0.98477674
e10af2fd0aa20b1450156c71e7e7dcf3,5,satisfied,satisfied,0.00583898,0.020578496,0.9735825
dbff358d446597b5d594f0e40e06009a,3,neutral,satisfied,0.17846924,0.60867405,0.21285672
a7e9217d8bc80d140003289ef2ee03f9,5,satisfied,satisfied,0.012388524,0.06621478,0.92139673
c173a80f029005391943f0d6f3a32c0b,3,neutral,not satisfied,0.5345598,0.4402429,0.025197279
3d760cd8970f213d54d0860434795563,4,satisfied,satisfied,0.004689182,0.009088834,0.98622197
5cafae55fdd478c40b4d45bde9f6bb44,5,satisfied,satisfied,0.0059616137,0.0139266495,0.9801118
1a4d3b3c51f6d2ec93274cfddcc35eb5,4,satisfied,satisfied,0.011705938,0.050517716,0.9377763
bb645d14e4e16ff7d3232c22cd32ad39,5,satisfied,satisfied,0.0040914672,0.007406048,0.9885025
deb2fde68fc7872368c706ebcf4b1c87,5,satisfied,satisfied,0.0051600044,0.0114149265,0.9834251
8bd69a0f8e476d5976bcba2e1670953d,1,not satisfied,not satisfied,0.9450975,0.050180346,0.00472207
52722ccd74966bf6214969a6cb662117,5,satisfied,satisfied,0.005599708,0.0103159435,0.9840844
3778430c34c37f57298b046bc2e63a07,4,satisfied,satisfied,0.013269611,0.09605808,0.89067227
68bfa0b721d621b8eb7cd4b4b3a9669d,5,satisfied,satisfied,0.009030224,0.014403872,0.97656584
3e7569b615130e569831c0b4c65aceef,4,satisfied,satisfied,0.022569591,0.13120127,0.8462292
27d46d57c598326a5c2510a7bb685671,1,not satisfied,neutral,0.30671564,0.6703818,0.0229026
a53df72703f65388e38f4e644153a4db,5,satisfied,satisfied,0.006208158,0.017544439,0.97624743
c595d452c1cf40b5dc4983253697d2b5,5,satisfied,satisfied,0.0069151944,0.016121538,0.9769632
d239a86ef543eb5f4ff165d3cd9104fb,5,satisfied,satisfied,0.00382635,0.0076631657,0.9885105
bb62a9c8fbd6592f9cb4f49dcda7670e,5,satisfied,satisfied,0.0045791757,0.008123512,0.9872973
68e2b689a70fb1bd16988954a3bacf1c,3,neutral,neutral,0.10136831,0.8098361,0.08879556
f6be6e93a91c8f488b9df3e8c25969db,5,satisfied,satisfied,0.10311458,0.68140167,0.21548375
26f819afe52855205491784c9be64a04,5,satisfied,satisfied,0.004249985,0.00863868,0.9871113
87614f34d4ea0118ca6f6101ac77d0cd,5,satisfied,satisfied,0.0034628094,0.0057677096,0.99076945
7b68cd72e9274cb5fbdb893612b672ca,3,neutral,satisfied,0.007371134,0.04046505,0.9521638
8fd24f93b142059df5f48e1bf6b7243e,4,satisfied,satisfied,0.016188683,0.0948799,0.88893145
46c86799566bf26499b8ad571e3e814d,5,satisfied,satisfied,0.0089482665,0.041068334,0.9499834
797bc19e8ced850bbe687f6cccbcbf69,1,not satisfied,not satisfied,0.8918807,0.10281167,0.005307653
2e76ee088c40fc94abbdea3698b176e8,1,not satisfied,not satisfied,0.9199298,0.07617747,0.0038927712
74aa69e717a0e4cbb6a83baba0fe875b,4,satisfied,neutral,0.09244876,0.75796705,0.14958417
14b5eea3dcb5c6aaeb2216dd35a872db,5,satisfied,satisfied,0.0069071967,0.021502633,0.9715901
d704e3e24e251bfb5d4f2fb723393b89,5,satisfied,satisfied,0.0046594637,0.009589244,0.9857512
547f6092015583cf21455c9b64fdc03b,2,not satisfied,not satisfied,0.8565481,0.13701622,0.0064356783
745710844cc8def6f80423398389469a,1,not satisfied,neutral,0.056790877,0.7269406,0.21626858
002cca3d1170dc376b170d9ab12ebfa9,5,satisfied,satisfied,0.0073850146,0.015284334,0.9773307
506eb5f01b0e441cd46256fda7086617,5,satisfied,satisfied,0.013247255,0.06358862,0.9231641
6dbbc88406c4ab10cf83b4d200599f7f,5,satisfied,satisfied,0.0050695743,0.008172064,0.9867583
66f73951d3a3b37bb4665eeb28c579ab,2,not satisfied,neutral,0.39921388,0.5813233,0.01946274
415c1ef7b8537f3562a67232d5ffafd4,5,satisfied,satisfied,0.0053218985,0.023392512,0.9712856
d5f458ef68255f3be83f5657380f3363,1,not satisfied,not satisfied,0.69866,0.29311582,0.008224246
67a6dba79d798056491b5d305e6e5f8a,5,satisfied,satisfied,0.0050311564,0.013596895,0.9813719
b73b51b011b7ad8dba7696112759584b,5,satisfied,satisfied,0.00459784,0.0078786835,0.9875235
dfe1b8349a021a1b3c4216748c39d17e,1,not satisfied,not satisfied,0.9580071,0.038243577,0.003749306
188a0dc78e4ffd4e1b1b1eefc530c20a,5,satisfied,satisfied,0.021481402,0.18576585,0.79275274
4534ce3531cd66c689b03e083352efc1,5,satisfied,satisfied,0.005006156,0.01075995,0.9842339
f2e4b2074d2301ab045404ebc7d60669,1,not satisfied,neutral,0.42554152,0.5518781,0.022580435
c8acd036e45722a183839fdb8998d72a,4,satisfied,satisfied,0.023665879,0.09738882,0.8789453
d3ce75ae5603cb93f1e99ff47f2c7f66,5,satisfied,satisfied,0.0061335303,0.014884856,0.9789817
c69d9d8312974174620d5a493e7cb156,4,satisfied,satisfied,0.008372254,0.031107638,0.9605201
22f1c6b60e3d5902ae3b4d6cfc054020,5,satisfied,satisfied,0.2531087,0.53284824,0.21404307
03340289f2cefba7ec774d6193632af5,3,neutral,not satisfied,0.49227896,0.49115798,0.016563071
03800b10396ecfcda80adf1e17971769,5,satisfied,satisfied,0.005501566,0.01286977,0.98162866
ebf8b68c09706a2972cc4fe326e999c6,5,satisfied,satisfied,0.004081585,0.009561764,0.9863566
1ae3fc8e6318fbf64e9ae47a8b6dc82f,1,not satisfied,not satisfied,0.94429004,0.051770166,0.0039397515
29938ea414044fa6d00e482cd838509b,2,not satisfied,not satisfied,0.93500626,0.060686074,0.004307619
e407b7d97e61af200d1db4921728f2d4,5,satisfied,satisfied,0.0044490206,0.010906496,0.98464453
455c659fc51083f4a526fc521c2c16e8,3,neutral,satisfied,0.06248093,0.6098595,0.32765955
44bf7ef507767ccdddfc8014dd92635f,4,satisfied,satisfied,0.026517713,0.21620151,0.75728077
43cb232bdbf37210c1836eaeb17a93fd,5,satisfied,satisfied,0.015668195,0.05595686,0.9283749
e8f3a03f7bf8a230ae51850ccb07a417,5,satisfied,satisfied,0.004250369,0.007288183,0.9884615
981901c9db182ce7d1df8507476f6a05,5,satisfied,satisfied,0.0056014163,0.01234917,0.9820494
060beeca2e305f7818489c65313f2eb9,2,not satisfied,neutral,0.09885016,0.8409489,0.060200978
c110cf6e37bf650fd8d8b363b6cea3a6,5,satisfied,satisfied,0.008705715,0.017899282,0.973395
ea01696ffa1520bd12b2a4b5bc46a30e,4,satisfied,satisfied,0.043621372,0.35113427,0.60524434
27898e69d1a35a029aafab060eabafb4,5,satisfied,satisfied,0.004696956,0.007913202,0.9873898
a6a2bf8558748de5fcba6d604b249926,5,satisfied,satisfied,0.003963335,0.007880902,0.9881557
aa1dac8f3bc02a19465393b40f8bf383,2,not satisfied,not satisfied,0.6766045,0.31398314,0.009412321
3a8dafad0742d04e2674c22e6cb2d90b,4,satisfied,satisfied,0.03761994,0.49511567,0.46726447
1c761d6d0909dd24a0e209e1474bbfa8,5,satisfied,satisfied,0.0035516233,0.0067415964,0.98970675
485b364a8cf8991058af362da48095d2,5,satisfied,satisfied,0.007305264,0.037840135,0.9548546
4ad8a44bdf7573cce5298a44ef3d6b5c,5,satisfied,satisfied,0.008753859,0.020271089,0.97097504
48756ce677c1c4594ed2cbd776ef4fcf,1,not satisfied,not satisfied,0.5663516,0.41797352,0.015674945
2fb4573f635391bc7e62e338c501356d,5,satisfied,satisfied,0.004892353,0.013089264,0.98201835
106dea88b17d5098c622e8e59930e4ed,2,not satisfied,neutral,0.09969318,0.8467074,0.053599384
2c67504bb2f5e68fd295343a1b49ab11,4,satisfied,satisfied,0.012937529,0.072219774,0.91484267
4497dd86a6352dde4454067bd9c061ac,5,satisfied,satisfied,0.0066039283,0.015598349,0.97779775
1262c98babf6d5adc20663402dcb0813,5,satisfied,satisfied,0.005891349,0.014302114,0.97980654
b87e6bdb81899fa1d93414b4fe7fb11c,5,satisfied,satisfied,0.0039800312,0.009305549,0.9867144
04f3549db854750b9818c8b5caa2f4f5,5,satisfied,satisfied,0.009065623,0.021574069,0.96936035
174b52c8444a424c368fa01cc2981295,5,satisfied,satisfied,0.0066119833,0.012054128,0.9813339
0a10a5f3a1b98f7862c84d8206e34ffb,5,satisfied,satisfied,0.03098813,0.430724,0.5382879
38081eb030b2720c843ef83509b15e43,1,not satisfied,not satisfied,0.96235126,0.032288663,0.0053601493
73e7624beda510fff322d44b4d7da919,5,satisfied,satisfied,0.011443443,0.06990988,0.91864663
5f4f9ecc9caf08f2f43647d591e6b2c7,5,satisfied,satisfied,0.00353623,0.007611384,0.9888524
0acfaf694467e1ba37562a1908e681cc,4,satisfied,neutral,0.42771232,0.55656654,0.01572116
02c0327dd56fe740b821b174e9bef0dd,5,satisfied,satisfied,0.008122522,0.050279796,0.9415977
b2769d593d39b2b715081a87bd5047d0,5,satisfied,satisfied,0.004145118,0.008206175,0.98764867
23d3aa169db0cc88296dea1b6d28ed41,3,neutral,neutral,0.33931762,0.6449936,0.015688762
ea32b239078d5e049969779f20c687cf,5,satisfied,satisfied,0.005215627,0.008926129,0.98585826
ee5e6141a0338e246c7661550262bddc,5,satisfied,neutral,0.15290879,0.74517226,0.10191902
095ce05530759bb46b0e43bf9ebf635d,5,satisfied,satisfied,0.03801898,0.36268133,0.5992997
62979d9d848448b24872ac1c5988571c,3,neutral,not satisfied,0.8025636,0.19114836,0.0062881517
58c219b51a670b0777aad112a8f4e6fe,1,not satisfied,not satisfied,0.8952442,0.10029108,0.004464754
2e8712cad3699f9bd81a13ef60742de5,5,satisfied,satisfied,0.0044246297,0.008334146,0.98724115
5e33182bfe8bb1144c48891faab970c1,5,satisfied,satisfied,0.006772297,0.023730984,0.9694967
ed486afc8843dc9165857ce0c43f24eb,5,satisfied,satisfied,0.0035742037,0.007378998,0.98904675
0c236bb3a8a2c6f7b74b17a7cfa0f92f,5,satisfied,satisfied,0.0072985627,0.011446826,0.9812546
006a88684c0318107d285feb324ce69d,5,satisfied,satisfied,0.0036381516,0.008871422,0.9874905
22e10616da22330264979dc698507814,1,not satisfied,not satisfied,0.6206961,0.37102455,0.008279314
7115f667484878c526ab3ceb414ae419,5,satisfied,satisfied,0.010903447,0.03370127,0.95539534
986a8fc2ca858544cc6f590b29ec4b47,5,satisfied,satisfied,0.0046245186,0.009146769,0.9862287
0e9960c240fc5608e55f36a88f7ed2db,3,neutral,satisfied,0.04296153,0.6483295,0.3087089
885822c09f520933d6b6f4453ae41adb,4,satisfied,neutral,0.2032981,0.7282495,0.06845238
5908e9eebce6ddc43c4c217da58201e3,5,satisfied,satisfied,0.01679497,0.08035111,0.9028539
6ca363725bf0d4bfd1cff825096321d5,5,satisfied,satisfied,0.0060906033,0.009775005,0.9841344
eb13a43d11867e509e66725ff2a19d8b,1,not satisfied,not satisfied,0.8724555,0.12215307,0.0053913803
f62f031ac37c97511d750e9adf3cc10d,4,satisfied,neutral,0.1101009,0.79144573,0.09845334
08cdcef57e5cc8309d6c5fb3824348ae,4,satisfied,satisfied,0.105973445,0.68360686,0.21041967
050ac925833a7d20f0089263b96aaf93,5,satisfied,satisfied,0.0046746405,0.010917696,0.98440766
a5f5e7680b89d0dcb6d06cb36c1d3690,2,not satisfied,not satisfied,0.6855048,0.3033328,0.011162307
658d4773c1d2845d0571e7f09a67a519,5,satisfied,satisfied,0.0053281174,0.020157453,0.9745145
f3eff95fbf64256ab5b427ffa73170e3,4,satisfied,satisfied,0.04872828,0.67928123,0.2719906
f6ab74f80210852e72a9a2203fe3bc25,5,satisfied,satisfied,0.004939506,0.009311163,0.98574936
35481af1e1f432683bfcb9181c5b3006,5,satisfied,satisfied,0.009772564,0.04535402,0.94487345
26af57ee3253aea0e64b7308f664d98c,5,satisfied,satisfied,0.01715867,0.08889107,0.8939503
065bbe5ac25833cd847d21a18acd096d,5,satisfied,satisfied,0.06227848,0.37363613,0.56408536
8ec629cabd00c399f00a88b652774869,5,satisfied,satisfied,0.0036243915,0.007006895,0.98936874
8082a6904d4a76962568d3b5cfc7ee8c,5,satisfied,satisfied,0.0090972595,0.015887978,0.9750148
99d7462a83c6f617d12ebc90156e304a,5,satisfied,satisfied,0.0034361535,0.0062685325,0.9902953
48db816bb98c1497477f5e76e9ec6030,1,not satisfied,neutral,0.15442997,0.77847064,0.06709948
9def4a82e17a510ae61dc969cbdffc26,5,satisfied,satisfied,0.00367742,0.0057183737,0.9906042
899047cd0a757df77e326d20e3d795e2,4,satisfied,neutral,0.07776427,0.78881687,0.1334189
f7512b89473c5177bc0d1db4a400c7c9,5,satisfied,satisfied,0.0075418064,0.024752874,0.96770537
29da7609d888910f9a49dc869055d6f1,3,neutral,neutral,0.2127268,0.6305313,0.1567419
2fb2402225985760933fc3e059b373a9,2,not satisfied,not satisfied,0.5540855,0.43179968,0.014114795
43cc95b4594f234dc3714979510c45b5,5,satisfied,satisfied,0.005359696,0.01752676,0.9771136
0e29560b7fd4ae8c43327af77e5e0759,5,satisfied,satisfied,0.004683542,0.0109398635,0.98437655
2fd355a8362f417fd518fa1497273b8f,4,satisfied,satisfied,0.055808257,0.5706876,0.3735042
df2cdb0003effe40352712631e56ff4e,5,satisfied,satisfied,0.0046234573,0.015285169,0.9800914
447c4f554d9b00dc1b6c0b976d1c4f2f,5,satisfied,satisfied,0.008585822,0.013355472,0.9780587
e98639c830f06339d5e5635f514634d4,5,satisfied,satisfied,0.00829651,0.016993903,0.9747096
43f84b29ab9da167ccbe0045eb3919e0,5,satisfied,satisfied,0.005169393,0.011171454,0.98365915
f5d239780d9db0dc68b0a3b882f55068,5,satisfied,satisfied,0.004868824,0.008434658,0.98669654
40b3267a6cfef5d8b2db3e52c7e55e93,5,satisfied,satisfied,0.018053606,0.13008973,0.85185665
87fb017ae288e7c452045e7c4459fd4d,4,satisfied,satisfied,0.0100041805,0.012351571,0.97764426
8af4e8039f62f0f7d8f4f904c340c92d,5,satisfied,satisfied,0.007614069,0.010976887,0.9814091
32156117ecaa3a24ed75a6c3020ccaa8,5,satisfied,satisfied,0.0040269378,0.0071028997,0.98887014
53f4829c8a4653fef588864f898a5b67,5,satisfied,satisfied,0.0044771875,0.009748772,0.98577404
a7bc1846cf3a03da7b5a43577541d698,5,satisfied,satisfied,0.007887831,0.042702947,0.94940925
3f96df5c6a20957cc7633d1361b15f59,1,not satisfied,not satisfied,0.7645409,0.22661285,0.008846182
56db2f81588c0a4cd68c83b5fdeb23d3,2,not satisfied,neutral,0.3520035,0.6111476,0.03684895
787e5ae3e5056adeef6449b09485ee29,5,satisfied,satisfied,0.010313921,0.029239303,0.9604467
4df5f67842eaf091fbc02062ec613e56,5,satisfied,satisfied,0.004767591,0.010511242,0.9847211
2763af1011af0f0a260cc4eee0d8b13c,5,satisfied,satisfied,0.0075204927,0.025274707,0.9672048
b5f8d549883eca33f160bf4d7e85359d,5,satisfied,satisfied,0.007502145,0.024810372,0.9676875
37f82e4fdbabcc0cd3275c60089699e7,5,satisfied,satisfied,0.003610827,0.009250896,0.9871383
14daac9659db44c59b430baaa89fdeaa,5,satisfied,satisfied,0.005611959,0.013623489,0.98076457
aa0f42394998891670afcd3d2a9c7e6f,5,satisfied,satisfied,0.005149205,0.011128332,0.9837225
b7c25d326690bd8cf1769f28b81309be,5,satisfied,satisfied,0.014888345,0.059853327,0.9252583
a66182e8c93ee6b5371b4af91c84d259,4,satisfied,neutral,0.38796297,0.5911375,0.020899499
579599abd1637232db334d0fe2efbad9,3,neutral,neutral,0.10375813,0.71918166,0.17706028
1910e28ae9afcdeaf5e85ccba0e815a1,5,satisfied,neutral,0.15156208,0.70737153,0.14106639
4c81e05c04aa116dcbc5b77a0915b3a2,2,not satisfied,not satisfied,0.7076289,0.28315455,0.009216524
97379ae2890bbd6ae068b16755ecf214,5,satisfied,satisfied,0.004489841,0.010043703,0.9854665
80d82b6ffe4257b7a9841f5bfd835a5c,5,satisfied,satisfied,0.0048290566,0.012098817,0.98307216
eac073a108ce5d4bbdfbec73a3f9d5df,5,satisfied,satisfied,0.003929474,0.0071079647,0.9889626
f3acf4c35b830f1213ef09441ec760c4,4,satisfied,satisfied,0.006010999,0.0155203445,0.9784686
ddfe69c65208a21ac2204536fa4a8219,4,satisfied,satisfied,0.07052212,0.6553044,0.27417353
57c0ef70ee767c7300e92a01b8fcc155,5,satisfied,satisfied,0.004576271,0.0069509447,0.98847276
091beb7fb5fd4dbcefa23a52c0c9d90a,5,satisfied,satisfied,0.017468952,0.13705668,0.84547436
fafafa7e45c14af5557caad2263698d1,5,satisfied,satisfied,0.0045371605,0.00869117,0.98677164
f46606560a914ea0c3e905275f4c76c6,5,satisfied,satisfied,0.0045964015,0.010118137,0.98528546
543ee4f0c6f27e04138e2e2499aede82,5,satisfied,satisfied,0.005321485,0.009210331,0.9854682
c2a8c09b5a5f6eaa175f32e4efa922c0,4,satisfied,satisfied,0.01558408,0.08574464,0.8986713
5be6d72baa8c6bc98da01cc241db0e31,5,satisfied,satisfied,0.0033470874,0.0059182886,0.9907347
7d0aa325e7282e52b435053d19af776b,5,satisfied,satisfied,0.015930144,0.10836253,0.8757073
23ffd66403e38ad0ad158671d350a650,5,satisfied,satisfied,0.005065552,0.015436064,0.9794983
40d57e7cdb3e1a2d3709638b1c7df42a,5,satisfied,satisfied,0.0040538823,0.008516671,0.98742944
1d40fceda39f81e9548b08f7d5f192a8,5,satisfied,satisfied,0.0043786,0.009815914,0.98580545
a4143a44be65cb9c73f5187d1b9d9092,5,satisfied,satisfied,0.0051443577,0.009247058,0.9856086
090b7a95c25b5fa35b9bae08f0ef4656,5,satisfied,satisfied,0.0051785195,0.015247087,0.9795744
6df05706ab7e75a7247f00b5f3c0493d,3,neutral,neutral,0.0745798,0.8001435,0.12527667
054ecfaaf1847ee1d5bf2601d0666b72,3,neutral,neutral,0.08272918,0.8243859,0.0928849
6d82c10963b9e260c051984929a13085,4,satisfied,satisfied,0.09848942,0.4932667,0.4082439
94231c22cd35cd6257efb26a39651fd0,5,satisfied,satisfied,0.006334442,0.017636353,0.9760292
6f7aec20e21aa0acae92d087e222e665,5,satisfied,satisfied,0.0041154907,0.007309081,0.9885754
c26cab08e66085cdc65805ef5916cc3b,5,satisfied,satisfied,0.0059245816,0.008952939,0.98512256
b7a12b8114f8b13d761b2995b3f60658,5,satisfied,satisfied,0.0056975386,0.017614847,0.9766876
efc339dcbe31f00a2213700abc05734f,3,neutral,neutral,0.13082947,0.8062511,0.062919416
997fc98d7a51734757b71e89bf94bc9a,5,satisfied,satisfied,0.010735567,0.042398676,0.9468658
6779c5cf2116dbb6cfff5bebef84af6d,3,neutral,neutral,0.25100505,0.7295464,0.01944843
3b663dbfde626b7aed40a9384193d2e5,5,satisfied,satisfied,0.005600006,0.01746071,0.97693926
af79e09c091ec665e152385727272a06,1,not satisfied,satisfied,0.089485675,0.48629802,0.42421633
87b46521f7da99eff9e2e148b9c1160f,3,neutral,not satisfied,0.44018477,0.53763723,0.022177955
f770a0be1bf26ae7adbb1f2a7fed7e99,5,satisfied,satisfied,0.004086538,0.007080554,0.98883295
e6351eb31d1d0608d14b0b978eaf8beb,5,satisfied,satisfied,0.0064379303,0.02075864,0.97280335
4b600b5797d0538905fa168d41e86ba4,5,satisfied,satisfied,0.0047204006,0.015022074,0.9802576
abb30a4c6a549a4ed69bfa70494fdf3c,5,satisfied,satisfied,0.007268259,0.022699842,0.9700319
2bfa9279656e611e8e742cc31e3b9c0b,5,satisfied,satisfied,0.004424581,0.00844498,0.98713046
4ceb6248997f0529bfe68891cf953f15,4,satisfied,satisfied,0.006344359,0.012807472,0.9808482
63d90274cb3722ebfe8df0671a15ff1c,5,satisfied,satisfied,0.0039937194,0.0073423563,0.988664
76a3f748d7b785cf30cb9a34641dd5d1,3,neutral,neutral,0.17734747,0.7184996,0.10415293
b0d53a69683db055ce51816d03867c6c,3,neutral,neutral,0.27128136,0.68831635,0.040402353
c95ae4a1d5fa78655722968f8cbc8033,5,satisfied,satisfied,0.004176885,0.008868451,0.9869546
87941a6614cb5c21d6af90cffbb5796e,5,satisfied,satisfied,0.004114563,0.00911181,0.9867736
f1f1f3d608c0769bbfb5e36dffd2ac36,5,satisfied,satisfied,0.0053201765,0.010804606,0.9838753
8c4e9cbe624899a7dc9a36e143d3af0b,5,satisfied,satisfied,0.0052134315,0.010529975,0.98425657
f3c4c14a36ab77b1c29e682b0823767e,5,satisfied,satisfied,0.004015688,0.009026784,0.98695755
0463cec13a7b93e0a6ab7c748b08d256,5,satisfied,satisfied,0.008055239,0.02102068,0.970924
36d9e2624de51e8954651beec5d798f1,3,neutral,satisfied,0.0054684686,0.022502111,0.9720294
883af895d26f5169c80cd63c652f417c,5,satisfied,satisfied,0.004648715,0.0097267255,0.98562455
faa18ffd8857998238f59f7182167e33,5,satisfied,satisfied,0.006113628,0.009881007,0.98400533
53e8c318b33dc2fa7d31c36061a46c42,1,not satisfied,not satisfied,0.90157616,0.09403851,0.0043853656
3eee0df235fd45cf22e843d3faeeb0c5,3,neutral,satisfied,0.047816437,0.55314887,0.3990347
55b706ac2c2c282f442c2d840d815e8a,1,not satisfied,not satisfied,0.59240353,0.39406863,0.013527795
6b380597a343fe1bfc8c15ec18200316,5,satisfied,satisfied,0.005881587,0.015961988,0.97815645
5b192b0d9ccd7af3a24b4a52c54e8ade,5,satisfied,satisfied,0.03669445,0.27517194,0.68813366
10fffb58d69302874182eb630b3b3795,5,satisfied,satisfied,0.0049213553,0.012973979,0.9821047
626b7e32e237d0a67fa1513f4af0ca96,5,satisfied,satisfied,0.0039935783,0.0076097883,0.9883966
56e52c79e7f1a72b54cd6c53ef8f3e45,5,satisfied,satisfied,0.007928496,0.019565383,0.9725061
4191b78f21b08d11a18a0c54a60a6e06,5,satisfied,satisfied,0.004265097,0.009442303,0.9862926
8323330396ed79f462519d43524ba14a,4,satisfied,satisfied,0.0046354053,0.0098893745,0.9854752
a7a8a2d0610489d1c6403f8e1c75fe07,5,satisfied,satisfied,0.005978114,0.011103613,0.98291826
d0cd8eaff49e110514dd09efe1acc8a4,3,neutral,not satisfied,0.6034178,0.38531435,0.011267815
fbdfd3b6cc3ce81823625540f06c77c0,5,satisfied,satisfied,0.007926501,0.042118788,0.9499547
b856f702783bcea2b9830924a1785979,5,satisfied,satisfied,0.13141781,0.4750278,0.3935544
bd07ead4a4f8b1e70de03bd68c6d52c7,4,satisfied,satisfied,0.04723568,0.63176745,0.3209969
f8bd71e277b4d0c3379dd4bf74f05ddf,5,satisfied,satisfied,0.04077601,0.16247249,0.7967515
555e8343443eb13d30acc09483751d17,4,satisfied,neutral,0.29446957,0.66543335,0.04009705
b39e43b78b546610b5ffea46f1b61508,5,satisfied,satisfied,0.0038795262,0.006464776,0.98965573
e66bd6d6eebacb26f2e3b9565385782d,5,satisfied,satisfied,0.003818613,0.008163289,0.98801816
56c1434b458144d813a6048bedbd9b71,5,satisfied,satisfied,0.017066613,0.0469179,0.9360155
6e35d9ed70695a703b4d123333a4d294,5,satisfied,satisfied,0.006510456,0.00961784,0.9838717
1215c50a0ad293f8dc456a9223ff851b,5,satisfied,not satisfied,0.5336254,0.40880117,0.057573453
722da8e22e60caac08ade8b0aaf54bd0,5,satisfied,satisfied,0.0044937762,0.01050286,0.9850034
dc15d9dfdf4d01ff1c4e09e190083c5f,5,satisfied,satisfied,0.0051444108,0.021495666,0.97336
6d76743f983cd85ff585fc1ba2950522,4,satisfied,neutral,0.18559472,0.7281779,0.08622733
31b44392e81668ee197f8ad9d67dbae7,1,not satisfied,not satisfied,0.43878937,0.5288844,0.032326248
15ce2d08bb34ace48cb9b7c4cfcc0920,5,satisfied,satisfied,0.0049064495,0.015900975,0.9791926
a770ddf91f13cafdbf2ef7337675f29b,4,satisfied,satisfied,0.01037774,0.020041337,0.96958095
b5a70207ee9c9c3a311bfa67accb5135,1,not satisfied,not satisfied,0.9639687,0.030763598,0.0052676797
6ffc77a9864510656d5f3ebb966acdc0,5,satisfied,satisfied,0.005550138,0.013686334,0.98076355
50f9d886226a71d37b564387b0ac6c4d,5,satisfied,satisfied,0.0044509354,0.009372492,0.98617655
b4d9acad910499060fa378730b0cf771,5,satisfied,satisfied,0.0035904523,0.005822141,0.9905874
054499b5ac64e9fc9cb3a2a6b2819164,5,satisfied,satisfied,0.0077249496,0.013114442,0.9791606
9d045943a4e0ffa3ae5d6988b208592d,5,satisfied,satisfied,0.0072007044,0.020744378,0.97205484
1cda372d600d4a32cf0cdbdff217b8d4,3,neutral,not satisfied,0.9348679,0.060992498,0.004139588
5385fe6475e9c74b0f3ef1b4987c8cc4,2,not satisfied,not satisfied,0.5230828,0.46181878,0.015098403
33bd7202ec261ca19c46b6957d49967e,5,satisfied,satisfied,0.013329679,0.07764993,0.90902036
285bfea26961786184ef57174f2d5dbb,5,satisfied,satisfied,0.0037902412,0.0074496786,0.9887601
02beb545a56ba213797996af20db0e30,5,satisfied,satisfied,0.0047869347,0.011971965,0.9832411
f96edc1a814eed5b3f0127189b0cb22f,5,satisfied,satisfied,0.0144481305,0.040906552,0.9446453
be93f754d8232e26ecbeff145b2810e8,4,satisfied,satisfied,0.007960246,0.03021396,0.9618258
2648fb0833ba0b0f41f6e12eee1788c6,4,satisfied,not satisfied,0.8412097,0.15335047,0.005439821
c908408d577e40d499c5f1da72a1d993,5,satisfied,satisfied,0.0042122793,0.006357314,0.9894304
54b549d900f56c753606a7bf86b0df7c,3,neutral,neutral,0.4088376,0.5730083,0.018154118
88de6b3c1f81ca8f7cc77495b9c09c62,5,satisfied,satisfied,0.020781497,0.17673604,0.8024825
e20c1edaa1bb73622b697edd9a662908,5,satisfied,satisfied,0.008124903,0.027146835,0.96472824
c7a26a76a91f2d8367a089c8ce0cc903,5,satisfied,satisfied,0.004440615,0.00784266,0.98771673
b574a69d7d0cf1cf1d12e0076ffe2e48,1,not satisfied,not satisfied,0.9364328,0.060245782,0.0033214465
cced4e9647100fe925bb4e047a8d15c8,4,satisfied,satisfied,0.06466267,0.6507745,0.28456283
23f6c327c0938a2fcf6a962e30e1f233,5,satisfied,satisfied,0.004571699,0.0071952213,0.98823315
eb6c9e73e0677ad5218f78a98a3bd206,5,satisfied,satisfied,0.003436666,0.0057405345,0.9908228
b16218f8ec0a5c5ffea8e4587c70e3d4,4,satisfied,neutral,0.09385837,0.74532616,0.16081548
608b1bb6f77ab9628ab9099f5878f441,5,satisfied,satisfied,0.004124391,0.008776709,0.9870989
d13cd1effc9fb02a531f7b34eedaab97,5,satisfied,satisfied,0.0066261194,0.016564896,0.97680897
47687b9efec2d719150d3ce086a5dd2e,3,neutral,neutral,0.08570604,0.789331,0.12496302
6457f26becfc28716af0fe0c903388d9,4,satisfied,satisfied,0.014380087,0.07784496,0.907775
a2a96c56e27d152c24ae67e27d55a228,5,satisfied,satisfied,0.0056403014,0.01140318,0.9829565
317fcce7d7c5c7dba1021be9769eed65,5,satisfied,satisfied,0.011246163,0.0674581,0.92129576
b00dd37750affda07c08ae22c4e6afb4,5,satisfied,satisfied,0.0036761493,0.005659504,0.99066436
93f5cb41a1d84be0b2a27a1ae98d99d9,5,satisfied,satisfied,0.007304491,0.027425282,0.9652703
b25e432015b7d99ce626caf575b7de72,3,neutral,neutral,0.22348307,0.73217577,0.04434116
5a974e63fa1d3bbd2789545c15231ce1,5,satisfied,satisfied,0.004478485,0.010654447,0.98486704
8164d2febbc001ff315479395d7291f8,5,satisfied,satisfied,0.0043492173,0.008841948,0.9868088
6d72693c38985ed261dafeda37af5b1b,5,satisfied,satisfied,0.007064401,0.018548183,0.97438735
2ff8198892e099ffb720c3ca117b3946,3,neutral,not satisfied,0.85843,0.13633077,0.0052392664
ff707c0a863588f29beac7b3d9141ae7,5,satisfied,satisfied,0.0038064627,0.007059931,0.98913366
2e95b452b8c8e19322d3cd56aedb1916,5,satisfied,satisfied,0.004684719,0.01015558,0.9851597
c981c3a3365a7abd5977842dc14bf43a,5,satisfied,satisfied,0.0050999597,0.009650516,0.9852496
a6dd06125b52ad44fc33dae56058cc39,1,not satisfied,not satisfied,0.9402243,0.055592407,0.004183336
cfba14accdd52778c14b617eb7185f96,5,satisfied,satisfied,0.0060424106,0.010743467,0.98321414
7d5f260921269e76154d1c3076773c04,1,not satisfied,not satisfied,0.92542976,0.069705635,0.004864618
2080f3eda7e8ab66fc9906888433dc34,5,satisfied,satisfied,0.0035588213,0.00796354,0.98847765
d961dfdb54f1c1999c83c88bd299a65d,4,satisfied,satisfied,0.0062628123,0.027970592,0.9657666
101d67cc6f480250f7c2395fcf3b5922,5,satisfied,satisfied,0.0064197774,0.02103913,0.97254103
d760690c6b9d2b6735476c804bd75317,5,satisfied,satisfied,0.0058597233,0.018445069,0.97569525
d182ffa6e51e80df02604523d9b08cfc,5,satisfied,satisfied,0.013750791,0.032909542,0.95333964
3303384a42fd5a4a2cea1c9956ea7979,5,satisfied,satisfied,0.004664955,0.013722739,0.98161227
b563659ca4a8621ae67b32a829be5c6e,3,neutral,not satisfied,0.5784144,0.36465198,0.056933694
47927f4db698310676a91d5692bc4e54,4,satisfied,neutral,0.22170007,0.7437634,0.034536608
0329e7b73eabc41fb9ceeb97299fb8aa,3,neutral,neutral,0.18248048,0.78378904,0.033730462
b43d29326536c632031f93262f0ba394,5,satisfied,satisfied,0.0074930717,0.012558794,0.97994816
cdbfdb7cd6b7b25350bb4baafe37317d,5,satisfied,satisfied,0.006606741,0.011851766,0.9815415
84c43320d15b6fc91592841dd60dce2e,4,satisfied,satisfied,0.007137934,0.021787291,0.97107476
25798c39a471c0f3f9b57b6e3ea691b5,1,not satisfied,not satisfied,0.9539971,0.042393263,0.0036095849
5440eb12622de33befc0400961607e1f,5,satisfied,satisfied,0.0062437505,0.01455636,0.97919995
d6c64d8b57232c269ce73bd986263869,5,satisfied,satisfied,0.0046355817,0.0073918807,0.98797256
f3f823996e2317dd65a6235011492b42,5,satisfied,satisfied,0.0049103503,0.010514267,0.9845754
da8a9ab2b8616fe12e10d5b89a0b4f2a,5,satisfied,satisfied,0.0035592907,0.0063673747,0.9900733
bfef24f6933665ba6eb381d496ce4d06,4,satisfied,neutral,0.0950215,0.7216284,0.18335012
1f17e6af1406cdeda4737aba35fa5127,5,satisfied,satisfied,0.036972385,0.12700327,0.83602434
d91f317896b330f8b1cada8560a30f47,3,neutral,neutral,0.12863335,0.7604062,0.11096052
6facad13389a661c5f0d05561c4e8208,4,satisfied,satisfied,0.022405362,0.10507476,0.87251985
9c0aea7a16b171f2712c9c20ebd9e626,5,satisfied,satisfied,0.021082597,0.22887354,0.7500439
c6c4a2ad6934ead09c5f1cf2b7cc365c,5,satisfied,satisfied,0.005127885,0.017956307,0.9769158
0bb60e40f51a3fe4c40d52b95ada9d67,5,satisfied,satisfied,0.007738265,0.022208905,0.9700528
4be4f0f5c91390dc1b053e80a0a73d5e,5,satisfied,satisfied,0.011018389,0.060545817,0.9284358
1271b5bd53326f6f5d83833a9ac61461,5,satisfied,satisfied,0.004507199,0.011687397,0.9838054
c7ba1a7a69e57e46c9f855f25e5a12cc,5,satisfied,satisfied,0.008965086,0.024485068,0.9665499
b89e71533a3dbab5d0b0686651b0fad2,4,satisfied,neutral,0.23402789,0.6338305,0.13214159
356620e6674d2d4b64b1407c418ab376,3,neutral,neutral,0.07117565,0.71436614,0.21445821
dc181b459177a0e031c8874becffe9d3,5,satisfied,satisfied,0.009190176,0.023901401,0.9669084
cc7b2e400ee9afc07b243c271a92a7fa,1,not satisfied,not satisfied,0.86251,0.1329787,0.00451131
f1ed2a175ddc5c725cec51374bdf522a,5,satisfied,satisfied,0.007106004,0.020572104,0.9723219
bd5c7a5dd09ba522f268ce0d5119a95c,5,satisfied,satisfied,0.005983451,0.018908108,0.9751084
610beeaff52a2f79abe5ecbe28d66ffb,4,satisfied,not satisfied,0.8078061,0.18648069,0.005713248
03415f4f2189d710812985f72b485411,5,satisfied,satisfied,0.004664888,0.020538554,0.9747966
1e10334ac41eb048ca295f44b2d3c973,5,satisfied,satisfied,0.004472153,0.0077274893,0.98780036
b4248fe83c997d03fadb3f8247e509ea,4,satisfied,satisfied,0.02579775,0.28392956,0.6902727
6a74b7330522c5d7aba733836d628f6a,1,not satisfied,not satisfied,0.95992553,0.035434686,0.0046397853
2c1f29021f6f03eba02105fdde7199e0,5,satisfied,satisfied,0.04016907,0.439911,0.5199199
67014d52452cd6b76bf6cc66c3c4d42a,5,satisfied,satisfied,0.005038482,0.009536166,0.9854254
ebaaffde0d6943295882fd3674844bd9,5,satisfied,satisfied,0.0050605917,0.009510862,0.9854285
2f7e2d0d67cd0de5d656fdab43bd0402,5,satisfied,satisfied,0.005047622,0.010603371,0.98434895
abd83d4c87f7c6c3486c0f3728b3f2d4,5,satisfied,satisfied,0.021442076,0.031467933,0.94708997
1668492b0e29450d298cdb645e543c43,5,satisfied,satisfied,0.005209754,0.009762655,0.98502755
9c9515d95d970a06758b1af647d96051,5,satisfied,satisfied,0.007650408,0.020452905,0.97189665
d66b645baf152cf4e63b683dde049269,5,satisfied,satisfied,0.0044588055,0.007860224,0.98768103
c105c930844571ed2cb5ff008f07a31d,3,neutral,not satisfied,0.43881032,0.5322187,0.028971
b8d313fd284112fb510dc757ea522c41,5,satisfied,satisfied,0.019497402,0.06612148,0.9143811
949150c535272d76ef99d9a3cfbd9e1b,4,satisfied,satisfied,0.0063082026,0.01620295,0.9774889
b5dfce0bbea03e399bc2512b1ee4fd96,5,satisfied,satisfied,0.004133283,0.008015116,0.9878516
8c3c30195bddae359354ad198c029ef0,4,satisfied,satisfied,0.004365418,0.012275727,0.9833589
688f8ffc311a4d22066ae2c98c7ba60d,1,not satisfied,not satisfied,0.8498968,0.13820021,0.011902933
94a0c88a621da262425d4ef95b4df618,2,not satisfied,neutral,0.33100432,0.6442412,0.024754478
f592553707fb435f42baf8641071f90c,5,satisfied,satisfied,0.0045219185,0.008906288,0.9865718
2360bc3bb00ce87a0403cd83436dfe06,5,satisfied,satisfied,0.0067623085,0.015627896,0.9776098
4a871cc99e9cd71f474aee67ca93374a,1,not satisfied,not satisfied,0.9419188,0.05434387,0.0037372564
920ba2fb9a2476a966420623d6a35fd2,4,satisfied,satisfied,0.04405677,0.39788672,0.5580565
7dfc275a398bfa8e36fd7e5580cd313a,5,satisfied,satisfied,0.0038382458,0.0067176307,0.9894441
625c185e297c85283deb071f0f6cad2d,5,satisfied,satisfied,0.011103703,0.04436168,0.9445346
e10d9e8c513db60a92fdd08924414200,5,satisfied,satisfied,0.0067330576,0.014694622,0.97857237
ff5d6759273a9ba68945a02e47302b8c,5,satisfied,satisfied,0.00801747,0.030695966,0.9612866
7b009b04c35252317ca9fb9a5b120cdb,5,satisfied,satisfied,0.004121168,0.009501412,0.98637736
014c936b34174667b56d726d7287e4d3,5,satisfied,satisfied,0.0058123614,0.013543264,0.98064435
7a0d5746475b2e3b3561b24b418b7023,5,satisfied,satisfied,0.0044137933,0.0078975465,0.9876887
05167209426a3e7b59cf143912fe85ae,5,satisfied,satisfied,0.010670343,0.036071252,0.9532584
c06d9613b8a003ca79ca8657076eaf88,5,satisfied,satisfied,0.005406612,0.0140607655,0.98053265
285b1755afc087c11161caa6dae184fd,5,satisfied,satisfied,0.0052513317,0.008286822,0.9864618
c3bdfc4c64d28dbfcbac809bf82416b9,5,satisfied,satisfied,0.0056358683,0.011011405,0.98335266
1f408323598c83252b24f8cff64e9f63,5,satisfied,satisfied,0.006300956,0.015266116,0.9784329
6600d11a54856d804f4f226e080ef0b7,5,satisfied,satisfied,0.011919448,0.07999512,0.9080854
6ad7777e2060b67e3e542a64dd9b79dd,5,satisfied,satisfied,0.00373553,0.0074386867,0.98882586
4ff7cd87d7fd6ea630733836782447b4,5,satisfied,satisfied,0.004874818,0.013617581,0.9815076
d2d8c3a47b9a5ff1dee4eacae8ea61ba,5,satisfied,satisfied,0.0046900464,0.01181479,0.9834952
14c85498e4f1fb058dee09c015645d7f,5,satisfied,satisfied,0.0038651384,0.008774672,0.9873602
87e0d0327bc81814f1be792abbfbfef0,5,satisfied,satisfied,0.0072638323,0.018027594,0.97470856
71c2e9ac9b7be6b041864d988c1adb00,5,satisfied,satisfied,0.00840984,0.04758117,0.94400895
570cae42cc6528fcc82d162104830af1,5,satisfied,satisfied,0.007312788,0.015890166,0.97679704
c7c9743cbdfbd96787944777cc822774,5,satisfied,satisfied,0.0058748177,0.009318521,0.9848067
3907b5bebe3358234d800e428eba5aed,1,not satisfied,not satisfied,0.9217448,0.07426791,0.0039872136
2492b095e958513d0b384ee7e0e418ea,2,not satisfied,not satisfied,0.49213508,0.49199834,0.015866507
8561544f698d19378b88deab591f1b16,2,not satisfied,not satisfied,0.8472878,0.14724289,0.005469442
643a53d1959b8cb012dc94ccd9393e54,3,neutral,neutral,0.07072636,0.82428026,0.10499342
383c0c3dbba8e1643b673f076ab862a8,4,satisfied,neutral,0.071922794,0.74367434,0.18440285
d7f892c60fdbe26199781e08f5ea210b,5,satisfied,satisfied,0.003887164,0.007958228,0.98815465
d9b5a7fa80cf2a0133e1b7ff2871cf70,5,satisfied,satisfied,0.0049485494,0.008682267,0.98636913
844673017ac3bc579b96be15c33a3299,5,satisfied,satisfied,0.0059579727,0.016653018,0.977389
e97cc2e5299840c49a92f2a4a58085de,5,satisfied,satisfied,0.0042564482,0.0075948643,0.98814875
c17828a53208c3cfa52e337e0e7f6291,5,satisfied,satisfied,0.004164445,0.0113632325,0.98447233
793fabad647d9d3651822c5df97d49ff,2,not satisfied,neutral,0.17037736,0.80068004,0.028942525
33ef5f1cdb73ca2af8e9204b8ac74f00,5,satisfied,satisfied,0.0039604735,0.009427489,0.9866121
d4ce92e069846c9d0eec6a9feaee5cd0,2,not satisfied,not satisfied,0.77325296,0.21788284,0.008864196
48180f0c5ffc484f1ae941c302f4d2d2,5,satisfied,satisfied,0.007541737,0.009930028,0.98252827
e2223ffa8bcf8717d53549f98d5132ac,5,satisfied,satisfied,0.004952862,0.007528468,0.9875187
b21e38f307854545abfa4c3fe1e2f185,4,satisfied,satisfied,0.03330202,0.45074978,0.51594824
ea3586be90162ccab4c5153c1695f72b,3,neutral,neutral,0.42864498,0.5506642,0.020690834
9e6dec850019bbf61ede3a485f7f0d10,5,satisfied,satisfied,0.004627944,0.008862725,0.98650926
0cfbb1b298cda709088e1eb2dfbfdcd5,2,not satisfied,not satisfied,0.87961483,0.115690194,0.0046949643
4e5c3ca919c23b812549340f9abbfa98,5,satisfied,satisfied,0.005159409,0.009769167,0.9850714
40fcb25476b59ee679ed16eb1e162620,5,satisfied,satisfied,0.00576084,0.009601355,0.9846378
7c4a21b4c3bc9041839a45a97e9a743e,5,satisfied,satisfied,0.0047670812,0.007819187,0.98741376
e49a4e3d69e6b27475213596578e47eb,5,satisfied,satisfied,0.007424447,0.030399311,0.9621763
492cf2bbf340b87db9a3627a702605a4,3,neutral,neutral,0.3273994,0.6507328,0.021867735
a37b988b5f4406f4bf096cc257d8f403,4,satisfied,neutral,0.1741091,0.7940384,0.031852484
b17dadc7928eb1731f3c90d08f868881,5,satisfied,satisfied,0.0033876945,0.0057643913,0.99084795
9a362b04524d00a39cc68c43974edf94,4,satisfied,satisfied,0.006281708,0.017553004,0.9761653
142a6161ad012da3c006509dc7a1d7e4,5,satisfied,satisfied,0.016612139,0.03247394,0.9509139
940e1ccb0eb2787bdb07c75f3abdad06,5,satisfied,satisfied,0.0040312456,0.0069806366,0.9889881
ba6f6b4f6ff87b3293e51200cf641350,2,not satisfied,neutral,0.29144293,0.67732877,0.031228246
6bed2f1f9bd2bfb9d1348462287027ba,1,not satisfied,not satisfied,0.91178054,0.08233135,0.0058881324
0510b7713fa3b8098bdca5bc175bc4db,4,satisfied,satisfied,0.0057616807,0.012832498,0.9814058
48d1538ba216ad0dd36d0012b5f07d84,4,satisfied,satisfied,0.007647305,0.034946915,0.9574058
af35ccba480d37e536263864ec016f91,5,satisfied,satisfied,0.012663561,0.044131957,0.9432045
5e2e0c3756915d60d8efd6a1232e3510,5,satisfied,satisfied,0.0039594304,0.0073660254,0.9886746
d483af18d8299de839a6e74227904696,3,neutral,neutral,0.10680697,0.7666634,0.12652971
ae4f1358e550969199c668b2344ff666,4,satisfied,satisfied,0.0059586093,0.01846974,0.97557163
7d48f4f6d966b00605ce72b96f6ead58,5,satisfied,satisfied,0.007822702,0.01836579,0.9738115
8e65530e8a1bfa08c17a309d75f2f782,5,satisfied,satisfied,0.005339651,0.018347343,0.976313
511e0bf1c4d2214ceb7f19ba6758ca5c,5,satisfied,satisfied,0.006686678,0.021256838,0.97205645
f1d195fe827ee25e5e20336540b948f7,5,satisfied,satisfied,0.0040683877,0.010183253,0.98574835
6493e822ce288dcd42e4315b57fc022b,5,satisfied,satisfied,0.0053005232,0.011205259,0.9834942
175e081be6317539d0da4f5f7db62feb,5,satisfied,satisfied,0.0042935153,0.007368366,0.9883382
4e351396f8e7af95dff3b59206e09d0f,4,satisfied,neutral,0.11104661,0.7894828,0.09947063
12a9cd9098f0dfd371266c6177c3c12f,4,satisfied,satisfied,0.0038133005,0.009350124,0.98683655
8a47b5f746560509b3171bf1f94eb529,4,satisfied,satisfied,0.044360038,0.5929781,0.36266184
552880ebe77b44bddfe3f7dc3385c6d9,5,satisfied,satisfied,0.0034237753,0.0071811965,0.9893951
c5cd9721a011c3ed9f4ec55d9c30e50e,5,satisfied,satisfied,0.00420131,0.01121127,0.98458743
58c92d460c66e83e7152833a64516051,5,satisfied,satisfied,0.06397644,0.46888995,0.46713364
9f90515a3164161580b60f59777f0c29,5,satisfied,satisfied,0.0045994963,0.008819624,0.98658085
ba84596a0b15a6edc1439c4ce75721ce,5,satisfied,satisfied,0.019731933,0.120689236,0.8595788
4fef7cb821869576bceccb8cf7dde69c,5,satisfied,satisfied,0.009337495,0.029167844,0.9614946
acdf1a16c601e72d4a4f025424fd693d,5,satisfied,satisfied,0.004550803,0.007935155,0.9875141
265bafd255bbd097cc56248233d9c072,2,not satisfied,neutral,0.25968716,0.711113,0.029199885
dfbca4a30b02206c6a2598bf576c9c9f,5,satisfied,satisfied,0.007043449,0.013874977,0.9790815
fed98921cb694ae5ecd975301f3a9f30,4,satisfied,satisfied,0.008940393,0.032625508,0.9584341
5d0e754476e361cf6fc08ebdb45bade8,4,satisfied,neutral,0.12551339,0.6836542,0.19083238
01f3ccdceda941a47b6dfb311a8f913c,3,neutral,satisfied,0.013178599,0.040225387,0.946596
8d4e105d0fbc950db40ee0a2180e909c,5,satisfied,satisfied,0.0051786676,0.011621102,0.9832002
5783d0f308b608f8b9a827b0602c9ecd,4,satisfied,satisfied,0.004799123,0.01582398,0.9793769
0de6805297265182e8df9623451baa0c,5,satisfied,satisfied,0.021128058,0.07816041,0.9007115
cfe52796967f46c254db9abe5f502f9e,5,satisfied,satisfied,0.0041465894,0.008932352,0.9869211
09b27def404766e14f3c34213fbdbd1d,4,satisfied,satisfied,0.09344136,0.67693496,0.22962366
3d4a3ff467ed15e6380f7fac538b8b14,5,satisfied,satisfied,0.017784223,0.11180206,0.8704137
133b74175fb784f03d03b89a3765e59e,3,neutral,neutral,0.39951918,0.5769581,0.0235227
249548b67520249a043c5acacefaf16e,5,satisfied,satisfied,0.0062999353,0.014095637,0.97960436
9a09d95bd8864a0077390752cd11639b,5,satisfied,satisfied,0.0063200383,0.037969068,0.9557109
bd70f76bfb6f10417e119b4b9761c84f,5,satisfied,satisfied,0.006453784,0.014098101,0.97944814
59d70c6dc877bf4b34867d6d0aaa6072,5,satisfied,satisfied,0.013905681,0.08160272,0.9044916
edab676fb9024c71a259fb7f447c0881,5,satisfied,satisfied,0.004269401,0.008087275,0.98764336
52ef77207cfdfb77f3d1bcf84884d4ce,5,satisfied,satisfied,0.0054845684,0.0108571425,0.98365825
e1badbb7f48fe0f1d0262299910015a4,3,neutral,neutral,0.1318922,0.79748005,0.07062777
00b421635b06d6c5d066987eea11df9f,5,satisfied,satisfied,0.004815234,0.014907833,0.98027694
8dff0f1bd24f2ad97806cfc4c81ba5c1,5,satisfied,satisfied,0.0044551613,0.010015571,0.98552924
4d61b83bbacea8a904a4a364c79bf799,5,satisfied,satisfied,0.007178164,0.016207002,0.9766149
d048141bc5792fea6b422ab6fd9630ea,5,satisfied,satisfied,0.010630557,0.0283703,0.9609992
fddecc20e9f92663079bd62cce70d5e3,5,satisfied,satisfied,0.0057375575,0.013875729,0.9803867
a2cbabb95e0e08fb5a50e146ba382e3b,5,satisfied,satisfied,0.004031969,0.008562714,0.98740536
24284f9acee112abb15204e10466173b,1,not satisfied,not satisfied,0.9607082,0.034350086,0.0049417443
b77897bdb362df231db59480c24b2056,5,satisfied,satisfied,0.0039899815,0.00715496,0.98885506
118b97378fc7b7708c5e69ab41b682cd,4,satisfied,satisfied,0.10178615,0.6749523,0.22326148
cd39e5f6d6d9d18df5527af0db6d10c5,5,satisfied,satisfied,0.0057610394,0.013046679,0.98119223
3f9aa357bf2e512789a2c4228c1234d3,5,satisfied,satisfied,0.0045065316,0.007161857,0.9883316
be8e82238ecd9646715e1728cc908f5d,5,satisfied,satisfied,0.0034801087,0.0073457113,0.98917425
82cc4925023bc4ddef81c80cc507e3ba,5,satisfied,satisfied,0.0066442452,0.010433459,0.9829223
29516b3977784fc3ebe55e0b81acdbf0,5,satisfied,satisfied,0.0075308364,0.038069136,0.9544
a9450dec7aa70413b8f4831a49e11000,1,not satisfied,not satisfied,0.7217911,0.26507592,0.013132925
9158b3178b9c08cc89eb81bff5b340fd,4,satisfied,satisfied,0.080368005,0.5587393,0.36089262
f571aa67597855a9fdb672577df72cef,5,satisfied,satisfied,0.0047339476,0.012680734,0.9825853
337dde28f181283aeb9aabab363d4d6b,5,satisfied,neutral,0.09139709,0.7136423,0.19496061
11f4a46da1f16218e2e2687f618562e7,5,satisfied,satisfied,0.014213771,0.051887397,0.9338988
e587c82069c4279aca80fa08c413f793,2,not satisfied,not satisfied,0.7735834,0.21947317,0.0069434387
dd69d15b2f0f194aaea67f48e42d2093,4,satisfied,satisfied,0.0063021816,0.013575563,0.9801223
e02ba7057795463c160efd0095de37e1,4,satisfied,neutral,0.07952849,0.76352245,0.15694913
af2d637958762fb1344e468bd0546095,5,satisfied,satisfied,0.006240395,0.028562095,0.9651975
87da820b13abd295f7e192f0a53d9828,4,satisfied,neutral,0.04708163,0.7543906,0.19852778
26a07d1ab7e39fd12189a647f37816ef,5,satisfied,satisfied,0.0047457763,0.006915166,0.98833907
2e9b19ddc66fb25b4c93074d3c41d825,5,satisfied,satisfied,0.005024523,0.012548741,0.98242676
b312638009ac9e9cc56d920ef73dcb3a,5,satisfied,satisfied,0.0060920226,0.009498306,0.9844097
588b403ff213bf9a9284dd7810ab0920,3,neutral,neutral,0.39534217,0.58595675,0.018701091
d32a0a952850b510f47dd7e5b956b687,5,satisfied,satisfied,0.0041048913,0.0106177,0.98527735
2aeeb1e77e07e61d41ea312cb6bb98f2,5,satisfied,satisfied,0.004745494,0.00831058,0.98694396
966b81b42c76c85dfab7a3d82cf8d62b,4,satisfied,satisfied,0.047830068,0.5454723,0.40669766
5cde0e7acd57f3998d3bd07809809969,5,satisfied,satisfied,0.0041533406,0.007928168,0.98791856
c7e8c1d1d8063ac6bbe95a79867f0650,5,satisfied,satisfied,0.004167719,0.008788814,0.98704344
40209846788c46275cb5b095d478dd5d,5,satisfied,satisfied,0.00489336,0.01146362,0.983643
cba0b17bbe480e9f2f06309dc6623f10,5,satisfied,satisfied,0.0036012486,0.0066086105,0.98979014
837518da987fce67a074c213dbf75e32,5,satisfied,neutral,0.36399105,0.6049328,0.031076184
dfa96f5cd7b24fcd3ad903d99cf09888,5,satisfied,satisfied,0.007457682,0.018735169,0.9738072
d62636224da3c9a4cda116fc1feecf22,4,satisfied,satisfied,0.01903206,0.18869826,0.79226965
59dc74f58d0fd498a582cfc1f7c186c8,5,satisfied,satisfied,0.200176,0.5431461,0.2566779
07412dc79217f00474dc30bb5f2c263f,5,satisfied,satisfied,0.00671544,0.013620793,0.9796637
c7882a76d0d5a12b4abc7dd68134536d,5,satisfied,satisfied,0.005373022,0.011438172,0.9831888
e7ba4a4ab85706bfb705e9edc0c7cb35,5,satisfied,satisfied,0.0054942854,0.0109791905,0.9835265
ccea021308ec4952074223aa991de2c1,5,satisfied,satisfied,0.010648514,0.038434647,0.9509168
cf680ac85d80056905a0efbba106f719,5,satisfied,satisfied,0.004094576,0.00890745,0.98699796
4cc0e8ace8858cd2ebd037747cbbe56a,5,satisfied,satisfied,0.004229357,0.006841943,0.9889286
e8067bb37eccf46400455a154b5f1c7c,5,satisfied,satisfied,0.008648165,0.0393811,0.9519707
f148a86b24232495179447e98fcde1f0,5,satisfied,satisfied,0.0048576817,0.010357363,0.98478496
a1b390e0cbf5c61bc9352dd7e7005e40,3,neutral,neutral,0.25039092,0.71425277,0.035356253
15059351e856064dd571303a5a9f0dc8,5,satisfied,satisfied,0.004687829,0.01061091,0.9847013
6ebe48c7edf2d13b535e9a98d0381258,5,satisfied,satisfied,0.010297294,0.052186385,0.9375163
099e29f4c2c17c3c6c00158b2f601f73,3,neutral,not satisfied,0.8242466,0.16916782,0.0065856418
95051d618a2d65259625f2048f9e13da,1,not satisfied,neutral,0.19895034,0.7410588,0.059990827
fb658ea32dd1799f32a9bfeb96aa00f7,5,satisfied,satisfied,0.003698603,0.0060657603,0.9902356
4095f72b7d6925062ef9da5046e42259,3,neutral,not satisfied,0.6385359,0.35073575,0.010728337
16d42aaa3ae739bcd587e8fee8b8edf1,1,not satisfied,not satisfied,0.95893806,0.036414344,0.004647525
a3edd2e33dc11ad9f667c2f412e717ba,4,satisfied,satisfied,0.004719066,0.01103881,0.98424214
d6198db497aef720b4c30fa6d7ead741,5,satisfied,satisfied,0.0058075683,0.019258736,0.9749337
ca5f6dd666dc47be159a44e649c873c9,3,neutral,neutral,0.076786496,0.82728165,0.095931925
bf319aca7b415d697a2d0a33d7da4b64,5,satisfied,satisfied,0.006422491,0.011528462,0.98204905
722edc0a50534f34d2fd8d45eef7410e,5,satisfied,satisfied,0.003952453,0.008101373,0.9879461
6a086a6431bcf941767d7858e8316a2e,5,satisfied,satisfied,0.07244528,0.25590345,0.67165124
6b6517644796e97e1f6c38c09339ab82,5,satisfied,satisfied,0.008956187,0.053325504,0.93771833
bb020947fb1c885254c74d039458ae8c,5,satisfied,satisfied,0.004955487,0.007405597,0.98763895
eea03e48567bea17776778396e48841d,5,satisfied,satisfied,0.010378353,0.025224691,0.96439695
f22e4e00075fd81a12cc474b24cd734c,3,neutral,not satisfied,0.7574797,0.23597077,0.0065494725
cd05296ce083ef48edd987e25f673941,5,satisfied,satisfied,0.0056559104,0.023054063,0.9712901
71948a20968163aa3f49b9bfac491401,5,satisfied,satisfied,0.007967288,0.033594534,0.95843816
ccb7488739ab01d49329de12841dba02,4,satisfied,satisfied,0.0050830483,0.015058421,0.9798585
236cabc4d25dd2f6d99e70a965038d05,5,satisfied,satisfied,0.0067195864,0.016205652,0.97707474
6ffc63dda0fb27c44688289070e05e6f,5,satisfied,satisfied,0.0057039447,0.013097071,0.981199
cfc098eb4516af9ffe1df3040dbe7771,4,satisfied,satisfied,0.007599197,0.04683045,0.9455704
3a19ddde68a7f4dc151e2617b2d4b59b,5,satisfied,satisfied,0.005872077,0.019358166,0.9747697
4f44b1aee513749a833d8e6a50fb7819,5,satisfied,satisfied,0.005557273,0.01375765,0.9806851
3aea7b04d864315731df6b69204bc405,5,satisfied,satisfied,0.0059856772,0.009153943,0.98486036
d60aebc4efcaf67db370d96d4c9f26ed,3,neutral,neutral,0.23189496,0.74115586,0.026949152
47e52d002cc9392c9d8462d0fd308c4c,5,satisfied,satisfied,0.0053924923,0.010601797,0.9840057
4d982d746c3399731e823b7ac5133d28,4,satisfied,satisfied,0.0036027825,0.007750444,0.9886468
461c8dadb3abfa777e1315ede05b624a,4,satisfied,not satisfied,0.5950189,0.38833818,0.016642842
7fdd1c1930514ae8f9735c900854c5e0,3,neutral,satisfied,0.06606142,0.6374551,0.29648352
d531511f9507c7e401ef17818af134ef,4,satisfied,neutral,0.11272256,0.7439041,0.1433733
00049152e736d6a64aa5f2bd082beb16,5,satisfied,satisfied,0.007478943,0.021364802,0.9711563
c9ef4315aa343a2233f590051b1bfdb5,4,satisfied,satisfied,0.006075793,0.03762098,0.95630324
f757e7c57559221608854d827b7d9cb0,5,satisfied,satisfied,0.0065583624,0.013519711,0.97992194
c28fe33e61dfee82ac88569f6d5180b6,3,neutral,neutral,0.20831034,0.72752273,0.06416684
94a05c8f41276ef9f56db71d03a24ec5,3,neutral,satisfied,0.005849228,0.02066085,0.9734899
0835eda7177265d60092bea4644ebab5,2,not satisfied,not satisfied,0.92990047,0.066203974,0.0038955465
5496738d025ce90acde724dc4ad325b4,5,satisfied,satisfied,0.005064323,0.008594993,0.98634076
f725de1834122ba2fe127a3a4a530687,5,satisfied,satisfied,0.0050132954,0.009097714,0.985889
fbd9c18c800768ab1e868f0536063605,5,satisfied,satisfied,0.0049859616,0.012160872,0.98285323
d3b0651353ad095889716e13b600b663,2,not satisfied,neutral,0.15869553,0.80341434,0.03789016
1e06a3f73b551917f7d5e6e2235c5398,5,satisfied,satisfied,0.0060891877,0.018466959,0.9754438
